accession,hgvs_nt,hgvs_splice,hgvs_pro,score,se,df,llr,llrCI_lower,llrCI_upper,evidence_weight,pos
urn:mavedb:00001217-a-3#1,NA,NA,p.Ala124=,1.02372878806103,0.0514872635784794,32,NA,NA,NA,NA,124
urn:mavedb:00001217-a-3#2,NA,NA,p.Ala124Arg,0.928368794578442,0.0916874522985511,64,-0.267091319219555,-0.381,-0.084,undetermined,124
urn:mavedb:00001217-a-3#3,NA,NA,p.Ala124Asn,0.971368560418042,0.0148447876947716,16,-0.301107683104849,-0.323,-0.278,undetermined,124
urn:mavedb:00001217-a-3#4,NA,NA,p.Ala124Asp,0.887859459937819,0.021169590806492,16,-0.232027018410621,-0.268,-0.194,undetermined,124
urn:mavedb:00001217-a-3#5,NA,NA,p.Ala124Cys,0.949534978798245,0.0349660745290092,16,-0.283944720448337,-0.336,-0.226,undetermined,124
urn:mavedb:00001217-a-3#6,NA,NA,p.Ala124Gln,0.995556319142432,0.0302904953098593,16,-0.319558334206457,-0.36,-0.273,benign.support,124
urn:mavedb:00001217-a-3#7,NA,NA,p.Ala124Glu,0.865963248998902,0.0807046082009132,32,-0.212736335207306,-0.34,-0.033,undetermined,124
urn:mavedb:00001217-a-3#8,NA,NA,p.Ala124Gly,0.968592119431967,0.0379216823936505,48,-0.298883474885714,-0.355,-0.237,undetermined,124
urn:mavedb:00001217-a-3#9,NA,NA,p.Ala124His,0.987113396063785,0.0156329289514375,16,-0.313160186870621,-0.336,-0.289,undetermined,124
urn:mavedb:00001217-a-3#10,NA,NA,p.Ala124Ile,0.973701586382676,0.027376191159941,16,-0.30299566995963,-0.343,-0.259,undetermined,124
urn:mavedb:00001217-a-3#11,NA,NA,p.Ala124Leu,0.973103883195895,0.0627624924508401,48,-0.302510295841736,-0.379,-0.199,undetermined,124
urn:mavedb:00001217-a-3#12,NA,NA,p.Ala124Lys,0.870407371305153,0.0258205056757019,16,-0.216801900496653,-0.261,-0.166,undetermined,124
urn:mavedb:00001217-a-3#13,NA,NA,p.Ala124Met,0.88698206279587,0.0300470269766373,16,-0.231275193711631,-0.281,-0.174,undetermined,124
urn:mavedb:00001217-a-3#14,NA,NA,p.Ala124Phe,1.02700238150904,0.0146357176563362,16,-0.342605061329601,-0.361,-0.321,benign.support,124
urn:mavedb:00001217-a-3#15,NA,NA,p.Ala124Pro,0.999938794914252,0.0582954751154832,48,-0.322935575444101,-0.385,-0.231,benign.support,124
urn:mavedb:00001217-a-3#16,NA,NA,p.Ala124Ser,1.00373379603864,0.040388423406678,64,-0.32572832338029,-0.371,-0.264,benign.support,124
urn:mavedb:00001217-a-3#17,NA,NA,p.Ala124Ter,-0.315590128076593,0.224958051365618,16,NA,NA,NA,NA,124
urn:mavedb:00001217-a-3#18,NA,NA,p.Ala124Thr,0.942082477984694,0.0503659116516245,40,-0.27808417531774,-0.354,-0.191,undetermined,124
urn:mavedb:00001217-a-3#19,NA,NA,p.Ala124Trp,1.08012442995001,0.0119043162327405,16,-0.370425038379117,-0.38,-0.361,benign.support,124
urn:mavedb:00001217-a-3#20,NA,NA,p.Ala124Tyr,1.0030759049313,0.0235242625145322,16,-0.325240705145669,-0.358,-0.291,benign.support,124
urn:mavedb:00001217-a-3#21,NA,NA,p.Ala124Val,0.896117384590061,0.0627531974410473,48,-0.239164688920695,-0.337,-0.114,undetermined,124
urn:mavedb:00001217-a-3#22,NA,NA,p.Ala141=,0.984195091207837,0.0537691963152243,40,NA,NA,NA,NA,141
urn:mavedb:00001217-a-3#23,NA,NA,p.Ala141Arg,0.845600488704312,0.122426381205616,48,-0.193026175775264,-0.372,0.129,undetermined,141
urn:mavedb:00001217-a-3#24,NA,NA,p.Ala141Asn,0.63736845472951,0.0215194120858126,16,0.0770187390223285,0.008,0.158,undetermined,141
urn:mavedb:00001217-a-3#25,NA,NA,p.Ala141Asp,0.807313361920573,0.0098966085636894,16,-0.152487748705151,-0.173,-0.132,undetermined,141
urn:mavedb:00001217-a-3#26,NA,NA,p.Ala141Cys,1.0921635332108,0.0172519326144192,16,-0.375306529192608,-0.391,-0.362,benign.support,141
urn:mavedb:00001217-a-3#27,NA,NA,p.Ala141Gln,0.584748593489986,0.025808861844623,16,0.180245709739296,0.078,0.304,undetermined,141
urn:mavedb:00001217-a-3#28,NA,NA,p.Ala141Glu,0.446577561511739,0.0257333357465128,16,0.52467735071676,0.405,0.653,patho.support,141
urn:mavedb:00001217-a-3#29,NA,NA,p.Ala141Gly,0.917700848723604,0.0655059117316122,32,-0.258174079098308,-0.355,-0.132,undetermined,141
urn:mavedb:00001217-a-3#30,NA,NA,p.Ala141His,0.846006870391493,0.0274628012696922,16,-0.193462722489213,-0.243,-0.136,undetermined,141
urn:mavedb:00001217-a-3#31,NA,NA,p.Ala141Ile,0.691394163734943,0.0212248925788381,16,-0.0106072888547691,-0.068,0.058,undetermined,141
urn:mavedb:00001217-a-3#32,NA,NA,p.Ala141Leu,0.90015055328628,0.07422902593843,48,-0.242695016297951,-0.353,-0.091,undetermined,141
urn:mavedb:00001217-a-3#33,NA,NA,p.Ala141Lys,0.77757904739576,0.0381107055459392,16,-0.120066094291781,-0.199,-0.027,undetermined,141
urn:mavedb:00001217-a-3#34,NA,NA,p.Ala141Met,0.807400939409598,0.032224763187776,16,-0.152580048929869,-0.217,-0.081,undetermined,141
urn:mavedb:00001217-a-3#35,NA,NA,p.Ala141Phe,1.05188416649474,0.0181437672458017,16,-0.359302986798753,-0.373,-0.335,benign.support,141
urn:mavedb:00001217-a-3#36,NA,NA,p.Ala141Pro,1.02716383437348,0.0506543802949149,32,-0.342728849652312,-0.389,-0.266,benign.support,141
urn:mavedb:00001217-a-3#37,NA,NA,p.Ala141Ser,0.983418339784617,0.0805396882176482,48,-0.310431308390459,-0.397,-0.172,undetermined,141
urn:mavedb:00001217-a-3#38,NA,NA,p.Ala141Ter,-0.297444429646567,0.212465986184871,16,NA,NA,NA,NA,141
urn:mavedb:00001217-a-3#39,NA,NA,p.Ala141Thr,1.07310395217804,0.0706004844943852,32,-0.367727130310077,-0.443,-0.273,benign.support,141
urn:mavedb:00001217-a-3#40,NA,NA,p.Ala141Trp,0.688115491048007,0.0708606399610367,16,-0.0057601918122239,-0.169,0.263,undetermined,141
urn:mavedb:00001217-a-3#41,NA,NA,p.Ala141Tyr,0.873041141303084,0.0259749399998325,16,-0.219122641817724,-0.263,-0.169,undetermined,141
urn:mavedb:00001217-a-3#42,NA,NA,p.Ala141Val,0.967887154608015,0.0774920085440019,32,-0.298322538294338,-0.387,-0.16,undetermined,141
urn:mavedb:00001217-a-3#43,NA,NA,p.Ala146=,0.724634501271839,0.389721667356006,32,NA,NA,NA,NA,146
urn:mavedb:00001217-a-3#44,NA,NA,p.Ala146Arg,-0.150669253574188,0.237359770821966,24,0.651165222633811,0.112,0.903,patho.moderate,146
urn:mavedb:00001217-a-3#45,NA,NA,p.Ala146Asn,-0.318160192766467,0.233866157066316,16,0.634763979129078,0.0,0.78,patho.support,146
urn:mavedb:00001217-a-3#46,NA,NA,p.Ala146Asp,0.492667287838247,0.04545010061318,16,0.414935924002499,0.19,0.632,patho.support,146
urn:mavedb:00001217-a-3#47,NA,NA,p.Ala146Gly,0.70249342129035,0.0352420939459822,16,-0.0263067726894049,-0.112,0.084,undetermined,146
urn:mavedb:00001217-a-3#48,NA,NA,p.Ala146His,-0.231107267299204,0.221693554967011,16,0.640670942787239,0.0,0.854,patho.moderate,146
urn:mavedb:00001217-a-3#49,NA,NA,p.Ala146Ile,0.817188940657944,0.184783935660759,16,-0.162889007909019,-0.41,0.491,undetermined,146
urn:mavedb:00001217-a-3#50,NA,NA,p.Ala146Leu,0.723831843361064,0.0408213420079423,16,-0.0548739004920175,-0.149,0.066,undetermined,146
urn:mavedb:00001217-a-3#51,NA,NA,p.Ala146Phe,-0.329177166375302,0.230556379994117,16,0.634932850990407,0.0,0.765,patho.support,146
urn:mavedb:00001217-a-3#52,NA,NA,p.Ala146Pro,0.009093030761654,0.272565379927399,32,0.68182043353621,0.123,0.932,patho.moderate,146
urn:mavedb:00001217-a-3#53,NA,NA,p.Ala146Ser,0.785999584244093,0.0230648092176335,16,-0.129456730318287,-0.178,-0.077,undetermined,146
urn:mavedb:00001217-a-3#54,NA,NA,p.Ala146Thr,-0.237650943958782,0.290010732336506,16,0.639775446984475,0.0,0.898,patho.moderate,146
urn:mavedb:00001217-a-3#55,NA,NA,p.Ala146Trp,-0.527425528134766,0.313908061133551,8,0.390683591318369,0.0,0.717,patho.support,146
urn:mavedb:00001217-a-3#56,NA,NA,p.Ala146Val,0.775795263969413,0.174137719118384,24,-0.11804024923549,-0.387,0.551,undetermined,146
urn:mavedb:00001217-a-3#57,NA,NA,p.Ala153=,1.04002597685872,0.0388383813087866,48,NA,NA,NA,NA,153
urn:mavedb:00001217-a-3#58,NA,NA,p.Ala153Arg,0.976341855991908,0.114809770666427,32,-0.305127911425713,-0.436,-0.09,undetermined,153
urn:mavedb:00001217-a-3#59,NA,NA,p.Ala153Asn,0.990661426700125,0.0227898466431882,8,-0.315820449155607,-0.349,-0.281,undetermined,153
urn:mavedb:00001217-a-3#60,NA,NA,p.Ala153Asp,1.03996552550358,0.041841775376216,32,-0.352054822207835,-0.389,-0.29,benign.support,153
urn:mavedb:00001217-a-3#61,NA,NA,p.Ala153Cys,1.0020355360919,0.0192727703052769,16,-0.324472602307802,-0.352,-0.294,benign.support,153
urn:mavedb:00001217-a-3#62,NA,NA,p.Ala153Glu,0.947570321971561,0.0100341310077819,16,-0.282386011023554,-0.298,-0.267,undetermined,153
urn:mavedb:00001217-a-3#63,NA,NA,p.Ala153Gly,1.00471003710365,0.105040379326254,48,-0.326445921279278,-0.439,-0.146,benign.support,153
urn:mavedb:00001217-a-3#64,NA,NA,p.Ala153His,1.04959667977377,0.0399937346546031,8,-0.357978077723623,-0.391,-0.301,benign.support,153
urn:mavedb:00001217-a-3#65,NA,NA,p.Ala153Ile,0.893640208462804,0.0793145693653161,16,-0.237011315975593,-0.357,-0.073,undetermined,153
urn:mavedb:00001217-a-3#66,NA,NA,p.Ala153Leu,1.04535153511749,0.0314753535585849,40,-0.355484539175703,-0.382,-0.311,benign.support,153
urn:mavedb:00001217-a-3#67,NA,NA,p.Ala153Met,0.505732091024025,0.166770906683584,16,0.378545921734131,-0.183,0.932,patho.support,153
urn:mavedb:00001217-a-3#68,NA,NA,p.Ala153Phe,0.725809960843592,0.0378721236782078,16,-0.0574796376685948,-0.144,0.051,undetermined,153
urn:mavedb:00001217-a-3#69,NA,NA,p.Ala153Pro,0.728966485023285,0.154284294035985,32,-0.0616058379996171,-0.347,0.57,undetermined,153
urn:mavedb:00001217-a-3#70,NA,NA,p.Ala153Ser,1.0767435527147,0.0361220278397408,64,-0.369113039459944,-0.4,-0.327,benign.support,153
urn:mavedb:00001217-a-3#71,NA,NA,p.Ala153Ter,-0.0150490793820257,0.334546037090464,8,NA,NA,NA,NA,153
urn:mavedb:00001217-a-3#72,NA,NA,p.Ala153Thr,0.788080406043636,0.187287658918651,40,-0.131764398861677,-0.404,0.58,undetermined,153
urn:mavedb:00001217-a-3#73,NA,NA,p.Ala153Trp,0.728976381655986,0.0192520920866935,16,-0.0616187153181419,-0.107,-0.01,undetermined,153
urn:mavedb:00001217-a-3#74,NA,NA,p.Ala153Tyr,0.895507321491727,0.0813711851930127,16,-0.238633345042537,-0.361,-0.071,undetermined,153
urn:mavedb:00001217-a-3#75,NA,NA,p.Ala153Val,0.939285879154719,0.0924774428037837,48,-0.27592003667703,-0.39,-0.092,undetermined,153
urn:mavedb:00001217-a-3#76,NA,NA,p.Ala2=,0.976161388424253,0.0691414380945755,40,NA,NA,NA,NA,2
urn:mavedb:00001217-a-3#77,NA,NA,p.Ala2Arg,0.561783531439277,0.282444263828854,24,0.235336525628569,-0.385,0.929,undetermined,2
urn:mavedb:00001217-a-3#78,NA,NA,p.Ala2Cys,0.739337608657203,0.0753030925370479,16,-0.0749138096590843,-0.232,0.161,undetermined,2
urn:mavedb:00001217-a-3#79,NA,NA,p.Ala2Gln,0.0816976328955277,0.325587523316752,8,0.726980583438349,-0.063,0.932,patho.moderate,2
urn:mavedb:00001217-a-3#80,NA,NA,p.Ala2Glu,1.13363359670204,0.0174517277520141,16,-0.393685297870991,-0.409,-0.378,benign.support,2
urn:mavedb:00001217-a-3#81,NA,NA,p.Ala2Gly,0.909040829026413,0.0624291408507026,32,-0.250594216047343,-0.345,-0.131,undetermined,2
urn:mavedb:00001217-a-3#82,NA,NA,p.Ala2His,1.00001495059311,0.026355647411868,8,-0.322991147931278,-0.358,-0.283,benign.support,2
urn:mavedb:00001217-a-3#83,NA,NA,p.Ala2Ile,0.880099111589915,0.0239145341016795,16,-0.225387015341386,-0.265,-0.181,undetermined,2
urn:mavedb:00001217-a-3#84,NA,NA,p.Ala2Leu,0.558191203326508,0.150914143662642,48,0.244388381318405,-0.202,0.916,undetermined,2
urn:mavedb:00001217-a-3#85,NA,NA,p.Ala2Met,0.873094260032546,0.145458387240467,16,-0.219169535974214,-0.406,0.167,undetermined,2
urn:mavedb:00001217-a-3#86,NA,NA,p.Ala2Phe,0.865347495071094,0.0328095050100541,16,-0.212170461968498,-0.27,-0.147,undetermined,2
urn:mavedb:00001217-a-3#87,NA,NA,p.Ala2Pro,1.14778547595748,0.0612742714620301,8,-0.399452778032232,-0.514,-0.343,benign.support,2
urn:mavedb:00001217-a-3#88,NA,NA,p.Ala2Ser,0.96105013918231,0.0834480550478389,48,-0.292958814048458,-0.39,-0.145,undetermined,2
urn:mavedb:00001217-a-3#89,NA,NA,p.Ala2Ter,-0.281688500210217,0.229291442158754,16,NA,NA,NA,NA,2
urn:mavedb:00001217-a-3#90,NA,NA,p.Ala2Thr,1.02713127337128,0.0478877844455544,16,-0.342703876053859,-0.387,-0.271,benign.support,2
urn:mavedb:00001217-a-3#91,NA,NA,p.Ala2Trp,0.583496837085234,0.174874037799047,16,0.183083613340826,-0.269,0.92,undetermined,2
urn:mavedb:00001217-a-3#92,NA,NA,p.Ala2Tyr,0.0975151547094395,0.227736183990191,16,0.741529902482518,0.277,0.935,patho.moderate,2
urn:mavedb:00001217-a-3#93,NA,NA,p.Ala2Val,0.959427749954487,0.0313650787510406,32,-0.291705548407302,-0.338,-0.239,undetermined,2
urn:mavedb:00001217-a-3#94,NA,NA,p.Ala5=,1.08308646550022,0.0677109476399128,48,NA,NA,NA,NA,5
urn:mavedb:00001217-a-3#95,NA,NA,p.Ala56=,0.891799816002437,0.0718620285424075,40,NA,NA,NA,NA,56
urn:mavedb:00001217-a-3#96,NA,NA,p.Ala56Arg,0.961793881881714,0.110112407681903,48,-0.293535774868381,-0.414,-0.082,undetermined,56
urn:mavedb:00001217-a-3#97,NA,NA,p.Ala56Asn,0.927316165789173,0.0680346605208624,16,-0.266202945383613,-0.364,-0.136,undetermined,56
urn:mavedb:00001217-a-3#98,NA,NA,p.Ala56Asp,0.747060575041333,0.0239161440001169,16,-0.0845815265665402,-0.138,-0.023,undetermined,56
urn:mavedb:00001217-a-3#99,NA,NA,p.Ala56Cys,0.859469701748481,0.0852157660585052,16,-0.206790950338335,-0.341,-0.012,undetermined,56
urn:mavedb:00001217-a-3#100,NA,NA,p.Ala56Gln,0.869400913617549,0.0407645143343282,16,-0.215904429136065,-0.284,-0.132,undetermined,56
urn:mavedb:00001217-a-3#101,NA,NA,p.Ala56Glu,0.969176899364045,0.092853154655293,32,-0.299349940705072,-0.4,-0.131,undetermined,56
urn:mavedb:00001217-a-3#102,NA,NA,p.Ala56Gly,0.909441910827272,0.121187081338346,48,-0.250954702189815,-0.402,0.015,undetermined,56
urn:mavedb:00001217-a-3#103,NA,NA,p.Ala56His,0.791407695940078,0.0234797969798126,16,-0.135445804911075,-0.184,-0.083,undetermined,56
urn:mavedb:00001217-a-3#104,NA,NA,p.Ala56Ile,1.06684772219362,0.0574184561148232,16,-0.36540540773093,-0.415,-0.286,benign.support,56
urn:mavedb:00001217-a-3#105,NA,NA,p.Ala56Leu,0.833963797487253,0.14372731625413,48,-0.180608002305794,-0.386,0.241,undetermined,56
urn:mavedb:00001217-a-3#106,NA,NA,p.Ala56Lys,0.975422667644265,0.0133712901987916,16,-0.30439990750731,-0.324,-0.283,undetermined,56
urn:mavedb:00001217-a-3#107,NA,NA,p.Ala56Met,0.588176490786726,0.055815112699626,8,0.172357828081406,-0.016,0.451,undetermined,56
urn:mavedb:00001217-a-3#108,NA,NA,p.Ala56Phe,0.998839169099745,0.0237614020603875,16,-0.322111532094405,-0.356,-0.286,benign.support,56
urn:mavedb:00001217-a-3#109,NA,NA,p.Ala56Pro,0.685766510533242,0.0784180651346296,48,-0.0022419801212473,-0.19,0.308,undetermined,56
urn:mavedb:00001217-a-3#110,NA,NA,p.Ala56Ser,1.04385068337531,0.21695262832923,56,-0.354538036409197,-0.667,0.106,benign.support,56
urn:mavedb:00001217-a-3#111,NA,NA,p.Ala56Ter,-0.457350236538356,0.22274870068935,16,NA,NA,NA,NA,56
urn:mavedb:00001217-a-3#112,NA,NA,p.Ala56Thr,1.03011302597707,0.138192365070536,32,-0.3449704463312,-0.573,-0.098,benign.support,56
urn:mavedb:00001217-a-3#113,NA,NA,p.Ala56Trp,0.386405670480377,0.152765446828549,16,0.683677263945738,-0.007,0.937,patho.moderate,56
urn:mavedb:00001217-a-3#114,NA,NA,p.Ala56Tyr,0.791995415241924,0.0811264154025938,16,-0.136095079267609,-0.285,0.079,undetermined,56
urn:mavedb:00001217-a-3#115,NA,NA,p.Ala56Val,0.915578384556496,0.125214594269947,40,-0.256333427141972,-0.409,0.028,undetermined,56
urn:mavedb:00001217-a-3#116,NA,NA,p.Ala5Arg,-0.307401430525122,0.314607375527275,48,0.634658009629032,0.0,0.88,patho.support,5
urn:mavedb:00001217-a-3#117,NA,NA,p.Ala5Asn,0.0298370700718497,0.213915536385688,16,0.690707478743825,0.447,0.932,patho.moderate,5
urn:mavedb:00001217-a-3#118,NA,NA,p.Ala5Asp,0.818884405176164,0.23595025052553,32,-0.164674905227874,-0.5,0.765,undetermined,5
urn:mavedb:00001217-a-3#119,NA,NA,p.Ala5Cys,0.316406395731023,0.187252192735792,24,0.878076332390716,-0.002,0.938,patho.moderate,5
urn:mavedb:00001217-a-3#120,NA,NA,p.Ala5Gln,0.441881826847196,0.169631201895886,16,0.535787171959996,-0.113,0.935,patho.support,5
urn:mavedb:00001217-a-3#121,NA,NA,p.Ala5Glu,-0.003492251541187,0.21062649758795,16,0.674377392338288,0.474,0.929,patho.moderate,5
urn:mavedb:00001217-a-3#122,NA,NA,p.Ala5Gly,0.743691726265815,0.0843721160198735,48,-0.0804003010353805,-0.248,0.2,undetermined,5
urn:mavedb:00001217-a-3#123,NA,NA,p.Ala5His,-0.533502219159051,0.224850861518185,16,0.37733162179085,0.0,0.653,patho.support,5
urn:mavedb:00001217-a-3#124,NA,NA,p.Ala5Ile,-0.070121027938409,0.214014732270498,24,0.650089724531713,0.431,0.92,patho.moderate,5
urn:mavedb:00001217-a-3#125,NA,NA,p.Ala5Leu,-0.335714209450004,0.276404645358066,56,0.635063721896142,0.0,0.839,patho.support,5
urn:mavedb:00001217-a-3#126,NA,NA,p.Ala5Lys,-0.131286686767043,0.224027739045595,16,0.651934867437647,0.309,0.907,patho.moderate,5
urn:mavedb:00001217-a-3#127,NA,NA,p.Ala5Met,-0.490924446592459,0.229475363807032,16,0.458187902953075,0.0,0.654,patho.support,5
urn:mavedb:00001217-a-3#128,NA,NA,p.Ala5Phe,-0.064158403624918,0.217381208306304,16,0.650161889242125,0.419,0.923,patho.moderate,5
urn:mavedb:00001217-a-3#129,NA,NA,p.Ala5Pro,0.128610709130626,0.238595272796311,32,0.775173081988563,0.119,0.935,patho.moderate,5
urn:mavedb:00001217-a-3#130,NA,NA,p.Ala5Ser,0.552037056575672,0.31649179820657,64,0.259843780023233,-0.414,0.932,undetermined,5
urn:mavedb:00001217-a-3#131,NA,NA,p.Ala5Ter,-0.440126646391167,0.313752995079606,8,NA,NA,NA,NA,5
urn:mavedb:00001217-a-3#132,NA,NA,p.Ala5Thr,-0.187734917186834,0.225797439261348,32,0.652656324583337,0.088,0.888,patho.moderate,5
urn:mavedb:00001217-a-3#133,NA,NA,p.Ala5Trp,-0.348181514473998,0.223674001505183,16,0.634747829087557,0.0,0.744,patho.support,5
urn:mavedb:00001217-a-3#134,NA,NA,p.Ala5Tyr,0.0059925597539864,0.231695615224962,16,0.680737262420343,0.38,0.931,patho.moderate,5
urn:mavedb:00001217-a-3#135,NA,NA,p.Ala5Val,-0.465618953667948,0.238154794724326,48,0.498960372542991,0.0,0.679,patho.support,5
urn:mavedb:00001217-a-3#136,NA,NA,p.Ala61=,1.04947828715415,0.0872237029138942,32,NA,NA,NA,NA,61
urn:mavedb:00001217-a-3#137,NA,NA,p.Ala61Arg,0.950423036818574,0.0622952396019606,48,-0.284652640309838,-0.368,-0.172,undetermined,61
urn:mavedb:00001217-a-3#138,NA,NA,p.Ala61Asn,0.826759091808724,0.0622912026153835,16,-0.172980540301525,-0.284,-0.031,undetermined,61
urn:mavedb:00001217-a-3#139,NA,NA,p.Ala61Asp,0.874609694103207,0.0213588658718503,16,-0.220508922155528,-0.256,-0.179,undetermined,61
urn:mavedb:00001217-a-3#140,NA,NA,p.Ala61Cys,0.956039226163454,0.0105571233599089,16,-0.289110841225887,-0.305,-0.273,undetermined,61
urn:mavedb:00001217-a-3#141,NA,NA,p.Ala61Glu,0.991100498333626,0.0425092680405976,32,-0.316152473704942,-0.369,-0.25,undetermined,61
urn:mavedb:00001217-a-3#142,NA,NA,p.Ala61Gly,0.934686167869839,0.0809930399538532,48,-0.272210105785384,-0.376,-0.12,undetermined,61
urn:mavedb:00001217-a-3#143,NA,NA,p.Ala61Ile,1.06079604470737,0.0421249840794563,16,-0.363220418725858,-0.397,-0.309,benign.support,61
urn:mavedb:00001217-a-3#144,NA,NA,p.Ala61Leu,1.01451561139958,0.159612640851986,32,-0.333337739617329,-0.6,-0.02,benign.support,61
urn:mavedb:00001217-a-3#145,NA,NA,p.Ala61Lys,0.990684737195302,0.0274248233582626,16,-0.315838060649762,-0.355,-0.274,undetermined,61
urn:mavedb:00001217-a-3#146,NA,NA,p.Ala61Phe,1.06773953876702,0.0419870796625057,16,-0.365731867995712,-0.4,-0.313,benign.support,61
urn:mavedb:00001217-a-3#147,NA,NA,p.Ala61Pro,1.03365138413603,0.0392996599754917,32,-0.347530668017558,-0.384,-0.289,benign.support,61
urn:mavedb:00001217-a-3#148,NA,NA,p.Ala61Ser,1.07804250493224,0.0791379473122196,56,-0.369614251937977,-0.467,-0.262,benign.support,61
urn:mavedb:00001217-a-3#149,NA,NA,p.Ala61Ter,-0.05408827218735,0.2250845478535,16,NA,NA,NA,NA,61
urn:mavedb:00001217-a-3#150,NA,NA,p.Ala61Thr,0.839521071970549,0.0985974784239586,40,-0.186520221097223,-0.347,0.071,undetermined,61
urn:mavedb:00001217-a-3#151,NA,NA,p.Ala61Trp,0.864868167236122,0.0825476613261692,16,-0.211730284525116,-0.344,-0.026,undetermined,61
urn:mavedb:00001217-a-3#152,NA,NA,p.Ala61Tyr,1.1262616930346,0.0230158935179199,16,-0.390539184998073,-0.41,-0.371,benign.support,61
urn:mavedb:00001217-a-3#153,NA,NA,p.Ala61Val,0.964665240853303,0.0497127548308429,32,-0.295777943344043,-0.363,-0.214,undetermined,61
urn:mavedb:00001217-a-3#154,NA,NA,p.Ala90=,0.992333720495635,0.0308142979854029,32,NA,NA,NA,NA,90
urn:mavedb:00001217-a-3#155,NA,NA,p.Ala90Arg,-0.49810298517689,0.269286963198189,48,0.446424140939643,0.0,0.684,patho.support,90
urn:mavedb:00001217-a-3#156,NA,NA,p.Ala90Asn,-0.655104279472293,0.138206917562549,16,0.0,0.0,0.597,undetermined,90
urn:mavedb:00001217-a-3#157,NA,NA,p.Ala90Asp,0.844438549360359,0.0214097581680847,16,-0.191779195291247,-0.231,-0.147,undetermined,90
urn:mavedb:00001217-a-3#158,NA,NA,p.Ala90Cys,1.07937777535476,0.060329356095533,16,-0.370133192144448,-0.43,-0.293,benign.support,90
urn:mavedb:00001217-a-3#159,NA,NA,p.Ala90Gln,-0.565460506091563,0.223950414568104,16,0.300779183077581,0.0,0.652,undetermined,90
urn:mavedb:00001217-a-3#160,NA,NA,p.Ala90Glu,-0.009007798130595,0.15176470272701,16,0.669907774629567,0.635,0.92,patho.moderate,90
urn:mavedb:00001217-a-3#161,NA,NA,p.Ala90Gly,0.736086062796058,0.0298049683623011,32,-0.0707798155289795,-0.14,0.008,undetermined,90
urn:mavedb:00001217-a-3#162,NA,NA,p.Ala90His,-0.300023987727315,0.223700592293835,16,0.634617196649856,0.0,0.776,patho.support,90
urn:mavedb:00001217-a-3#163,NA,NA,p.Ala90Ile,-0.680368873903453,0.217238015361663,16,0.0,0.0,0.637,undetermined,90
urn:mavedb:00001217-a-3#164,NA,NA,p.Ala90Leu,-0.284830485952625,0.282041695144481,48,0.634610564219521,0.0,0.88,patho.support,90
urn:mavedb:00001217-a-3#165,NA,NA,p.Ala90Lys,-0.479721261315047,0.229302101729004,16,0.476672379166576,0.0,0.661,patho.support,90
urn:mavedb:00001217-a-3#166,NA,NA,p.Ala90Met,-0.147566625875546,0.232445848453854,16,0.651011603671309,0.2,0.907,patho.moderate,90
urn:mavedb:00001217-a-3#167,NA,NA,p.Ala90Phe,0.0761436383667748,0.159655799120975,16,0.722749131157858,0.635,0.934,patho.moderate,90
urn:mavedb:00001217-a-3#168,NA,NA,p.Ala90Pro,0.387191923260472,0.259115814660861,32,0.68124111607986,-0.239,0.936,patho.moderate,90
urn:mavedb:00001217-a-3#169,NA,NA,p.Ala90Ser,0.990727736742076,0.0634631124287592,48,-0.315870552221756,-0.386,-0.212,undetermined,90
urn:mavedb:00001217-a-3#170,NA,NA,p.Ala90Ter,-0.461241476769692,0.218457356773695,16,NA,NA,NA,NA,90
urn:mavedb:00001217-a-3#171,NA,NA,p.Ala90Thr,0.604958748103792,0.307796526044079,32,0.136818207088555,-0.428,0.928,undetermined,90
urn:mavedb:00001217-a-3#172,NA,NA,p.Ala90Trp,-0.08406287726215,0.2054697088595,16,0.650019286642874,0.443,0.917,patho.moderate,90
urn:mavedb:00001217-a-3#173,NA,NA,p.Ala90Tyr,-0.0236000247776419,0.227568531281605,16,0.659696196466514,0.383,0.929,patho.moderate,90
urn:mavedb:00001217-a-3#174,NA,NA,p.Ala90Val,0.814066811885264,0.0271007324299134,32,-0.159601200914683,-0.214,-0.101,undetermined,90
urn:mavedb:00001217-a-3#175,NA,NA,p.Ala96=,1.02150658118093,0.0911409624142224,48,NA,NA,NA,NA,96
urn:mavedb:00001217-a-3#176,NA,NA,p.Ala96Arg,-0.346518671066389,0.265458033499772,40,0.63533364089832,0.0,0.82,patho.support,96
urn:mavedb:00001217-a-3#177,NA,NA,p.Ala96Asp,1.027365157601,0.147926162610746,32,-0.342883356845344,-0.584,-0.068,benign.support,96
urn:mavedb:00001217-a-3#178,NA,NA,p.Ala96Cys,1.14971201473108,0.031344290683827,16,-0.400289981139922,-0.442,-0.374,benign.support,96
urn:mavedb:00001217-a-3#179,NA,NA,p.Ala96Glu,0.0163271226096485,0.240010796617634,16,0.684297142830946,0.335,0.932,patho.moderate,96
urn:mavedb:00001217-a-3#180,NA,NA,p.Ala96Gly,0.400751197189531,0.352041370813506,48,0.63918604683011,-0.366,0.934,patho.moderate,96
urn:mavedb:00001217-a-3#181,NA,NA,p.Ala96Leu,-0.467868502456708,0.240863450558421,32,0.495567187908547,0.0,0.683,patho.support,96
urn:mavedb:00001217-a-3#182,NA,NA,p.Ala96Met,-0.428975832444012,0.222387670748581,16,0.54671464633789,0.0,0.682,patho.support,96
urn:mavedb:00001217-a-3#183,NA,NA,p.Ala96Pro,0.103252118740466,0.303323506699709,40,0.746845819923091,0.0,0.934,patho.moderate,96
urn:mavedb:00001217-a-3#184,NA,NA,p.Ala96Ser,0.84832521611155,0.154464789955883,56,-0.195871612526753,-0.4,0.288,undetermined,96
urn:mavedb:00001217-a-3#185,NA,NA,p.Ala96Thr,0.604026924743275,0.368490664106114,40,0.13868008740288,-0.484,0.929,undetermined,96
urn:mavedb:00001217-a-3#186,NA,NA,p.Ala96Trp,-0.328906037987889,0.330613330146581,8,0.634927928502574,0.0,0.886,patho.support,96
urn:mavedb:00001217-a-3#187,NA,NA,p.Ala96Val,1.01514285374813,0.050975767425358,40,-0.333789552512257,-0.386,-0.256,benign.support,96
urn:mavedb:00001217-a-3#188,NA,NA,p.Arg116=,0.981172714153999,0.0377318449784593,64,NA,NA,NA,NA,116
urn:mavedb:00001217-a-3#189,NA,NA,p.Arg116Ala,0.752084320756169,0.107719857022943,40,-0.0906000671064669,-0.294,0.286,undetermined,116
urn:mavedb:00001217-a-3#190,NA,NA,p.Arg116Asn,0.180048284738382,0.197578733083406,16,0.848946674239822,0.198,0.937,patho.moderate,116
urn:mavedb:00001217-a-3#191,NA,NA,p.Arg116Asp,-0.507808035684112,0.244307673405969,16,0.429422655118981,0.0,0.654,patho.support,116
urn:mavedb:00001217-a-3#192,NA,NA,p.Arg116Cys,0.969717788961975,0.0252526737115693,32,-0.299782340089739,-0.337,-0.26,undetermined,116
urn:mavedb:00001217-a-3#193,NA,NA,p.Arg116Gln,0.782445678099555,0.0321592574636424,16,-0.125504384242726,-0.193,-0.05,undetermined,116
urn:mavedb:00001217-a-3#194,NA,NA,p.Arg116Glu,-0.265650745689641,0.224040058423961,16,0.635922085208381,0.0,0.814,patho.support,116
urn:mavedb:00001217-a-3#195,NA,NA,p.Arg116Gly,0.332918624697577,0.214092911384203,48,0.834237800947073,-0.1,0.937,patho.moderate,116
urn:mavedb:00001217-a-3#196,NA,NA,p.Arg116His,0.868263639198102,0.0323613204601279,32,-0.214854618215573,-0.269,-0.149,undetermined,116
urn:mavedb:00001217-a-3#197,NA,NA,p.Arg116Ile,0.321623090480189,0.329316089181428,24,0.865411944857753,-0.293,0.934,patho.moderate,116
urn:mavedb:00001217-a-3#198,NA,NA,p.Arg116Leu,0.847052336413062,0.118918158543221,64,-0.194557537697524,-0.371,0.119,undetermined,116
urn:mavedb:00001217-a-3#199,NA,NA,p.Arg116Lys,0.955582308865337,0.015532800095025,16,-0.288763270827882,-0.312,-0.265,undetermined,116
urn:mavedb:00001217-a-3#200,NA,NA,p.Arg116Met,1.0180340900118,0.0168984924813669,16,-0.335890184739343,-0.358,-0.312,benign.support,116
urn:mavedb:00001217-a-3#201,NA,NA,p.Arg116Phe,0.106573213542386,0.320622012875641,24,0.750079774768714,-0.075,0.933,patho.moderate,116
urn:mavedb:00001217-a-3#202,NA,NA,p.Arg116Pro,0.291674828462132,0.367392913678645,48,0.929219826978694,-0.319,0.934,patho.moderate,116
urn:mavedb:00001217-a-3#203,NA,NA,p.Arg116Ser,0.594956011954095,0.195676708412762,72,0.157576255832011,-0.306,0.922,undetermined,116
urn:mavedb:00001217-a-3#204,NA,NA,p.Arg116Ter,-0.523859645135509,0.230202430100528,16,NA,NA,NA,NA,116
urn:mavedb:00001217-a-3#205,NA,NA,p.Arg116Thr,-0.358392461198655,0.300670677378902,48,0.624707617775625,0.0,0.861,patho.support,116
urn:mavedb:00001217-a-3#206,NA,NA,p.Arg116Trp,0.732486719233922,0.0379531292652927,16,-0.0661638309680979,-0.152,0.042,undetermined,116
urn:mavedb:00001217-a-3#207,NA,NA,p.Arg116Tyr,0.410446163253508,0.036354298861798,16,0.611742167682261,0.448,0.816,patho.support,116
urn:mavedb:00001217-a-3#208,NA,NA,p.Arg116Val,-0.069777262183392,0.202488964783141,48,0.650093202247625,0.485,0.92,patho.moderate,116
urn:mavedb:00001217-a-3#209,NA,NA,p.Arg144=,1.02894393205673,0.0448024578062922,56,NA,NA,NA,NA,144
urn:mavedb:00001217-a-3#210,NA,NA,p.Arg144Ala,1.08666194729103,0.0930305733940866,24,-0.373033399316868,-0.515,-0.248,benign.support,144
urn:mavedb:00001217-a-3#211,NA,NA,p.Arg144Asn,1.1089571981848,0.0196549642225644,16,-0.382748556432535,-0.399,-0.367,benign.support,144
urn:mavedb:00001217-a-3#212,NA,NA,p.Arg144Asp,0.736938284180718,0.154316599178904,16,-0.0718665214121608,-0.351,0.55,undetermined,144
urn:mavedb:00001217-a-3#213,NA,NA,p.Arg144Cys,0.919037836842179,0.0185612634274537,16,-0.259307349533907,-0.289,-0.228,undetermined,144
urn:mavedb:00001217-a-3#214,NA,NA,p.Arg144Gln,1.00005226140296,0.0083248979955302,16,-0.323018381379978,-0.335,-0.311,benign.support,144
urn:mavedb:00001217-a-3#215,NA,NA,p.Arg144Glu,0.824393674687897,0.0208479274774637,16,-0.170483129712913,-0.212,-0.126,undetermined,144
urn:mavedb:00001217-a-3#216,NA,NA,p.Arg144Gly,1.03216911087956,0.0501279521816235,32,-0.346452258274969,-0.392,-0.273,benign.support,144
urn:mavedb:00001217-a-3#217,NA,NA,p.Arg144His,0.880336990975426,0.0275937475313504,16,-0.22559939554431,-0.272,-0.172,undetermined,144
urn:mavedb:00001217-a-3#218,NA,NA,p.Arg144Ile,1.09185582566773,0.0142331737658464,16,-0.375177406823033,-0.388,-0.364,benign.support,144
urn:mavedb:00001217-a-3#219,NA,NA,p.Arg144Leu,1.01646930939976,0.0554274994967592,48,-0.334749581798506,-0.389,-0.251,benign.support,144
urn:mavedb:00001217-a-3#220,NA,NA,p.Arg144Lys,1.02607216366025,0.0096173463976666,16,-0.341893918852381,-0.355,-0.328,benign.support,144
urn:mavedb:00001217-a-3#221,NA,NA,p.Arg144Met,0.889027598081175,0.0375521132965102,16,-0.233029827953928,-0.293,-0.16,undetermined,144
urn:mavedb:00001217-a-3#222,NA,NA,p.Arg144Phe,1.24609864212287,0.0111350561995793,16,-0.484040193874455,-0.515,-0.456,benign.support,144
urn:mavedb:00001217-a-3#223,NA,NA,p.Arg144Pro,1.09173610326983,0.0511735220610794,32,-0.375127233079339,-0.425,-0.315,benign.support,144
urn:mavedb:00001217-a-3#224,NA,NA,p.Arg144Ser,1.06639776617983,0.047629996496409,48,-0.36524124699885,-0.405,-0.301,benign.support,144
urn:mavedb:00001217-a-3#225,NA,NA,p.Arg144Ter,-0.171821659992276,0.230122914531814,16,NA,NA,NA,NA,144
urn:mavedb:00001217-a-3#226,NA,NA,p.Arg144Thr,0.96420521881626,0.0262685392399884,32,-0.295417130370719,-0.334,-0.254,undetermined,144
urn:mavedb:00001217-a-3#227,NA,NA,p.Arg144Trp,1.01769130116199,0.0108224903551042,16,-0.335639561661833,-0.351,-0.32,benign.support,144
urn:mavedb:00001217-a-3#228,NA,NA,p.Arg144Tyr,0.607149315603275,0.0597688630548742,16,0.132475291091721,-0.057,0.418,undetermined,144
urn:mavedb:00001217-a-3#229,NA,NA,p.Arg144Val,1.03746744798171,0.0482600239920334,32,-0.350339076207679,-0.392,-0.278,benign.support,144
urn:mavedb:00001217-a-3#230,NA,NA,p.Arg70=,0.951245517739292,0.0884626744483267,24,NA,NA,NA,NA,70
urn:mavedb:00001217-a-3#231,NA,NA,p.Arg70Ala,-0.0306898564858485,0.22267650019225,16,0.656141295388753,0.423,0.927,patho.moderate,70
urn:mavedb:00001217-a-3#232,NA,NA,p.Arg70Asn,0.983456272000715,0.0114330327368527,16,-0.310459113135091,-0.327,-0.293,undetermined,70
urn:mavedb:00001217-a-3#233,NA,NA,p.Arg70Asp,0.193651731097159,0.193365106590344,16,0.866141972446673,0.215,0.937,patho.moderate,70
urn:mavedb:00001217-a-3#234,NA,NA,p.Arg70Cys,1.05247151969958,0.0176267296855091,16,-0.359598041258655,-0.374,-0.336,benign.support,70
urn:mavedb:00001217-a-3#235,NA,NA,p.Arg70Gln,0.984970793185348,0.0179705763268733,16,-0.311572783569893,-0.338,-0.284,undetermined,70
urn:mavedb:00001217-a-3#236,NA,NA,p.Arg70Glu,0.261707539638536,0.21610625540469,16,0.931333767995306,0.01,0.937,patho.moderate,70
urn:mavedb:00001217-a-3#237,NA,NA,p.Arg70Gly,1.12009955177242,0.0382609789776439,32,-0.387859258424881,-0.427,-0.355,benign.support,70
urn:mavedb:00001217-a-3#238,NA,NA,p.Arg70His,1.02051480141065,0.0334222314830906,8,-0.33771678197927,-0.373,-0.288,benign.support,70
urn:mavedb:00001217-a-3#239,NA,NA,p.Arg70Ile,1.03633194790447,0.0479140916372108,24,-0.349503042068554,-0.392,-0.279,benign.support,70
urn:mavedb:00001217-a-3#240,NA,NA,p.Arg70Leu,1.03539053804049,0.0951378778560289,48,-0.348807050182736,-0.456,-0.197,benign.support,70
urn:mavedb:00001217-a-3#241,NA,NA,p.Arg70Lys,0.998563086287211,0.0651458670681271,24,-0.321895330274825,-0.391,-0.218,benign.support,70
urn:mavedb:00001217-a-3#242,NA,NA,p.Arg70Met,0.873003977735205,0.059185276311889,16,-0.219089835295456,-0.317,-0.097,undetermined,70
urn:mavedb:00001217-a-3#243,NA,NA,p.Arg70Ser,0.787844619649543,0.173313260824499,56,-0.131503127996243,-0.391,0.498,undetermined,70
urn:mavedb:00001217-a-3#244,NA,NA,p.Arg70Ter,-0.214010669302626,0.415599139215148,24,NA,NA,NA,NA,70
urn:mavedb:00001217-a-3#245,NA,NA,p.Arg70Thr,0.87713838000096,0.0438629102090517,16,-0.222750691367696,-0.293,-0.137,undetermined,70
urn:mavedb:00001217-a-3#246,NA,NA,p.Arg70Trp,0.914196348213111,0.0216368074898953,16,-0.255140462527372,-0.289,-0.219,undetermined,70
urn:mavedb:00001217-a-3#247,NA,NA,p.Arg70Tyr,0.94730010696214,0.0206364186886262,16,-0.282172417607198,-0.313,-0.249,undetermined,70
urn:mavedb:00001217-a-3#248,NA,NA,p.Arg70Val,-0.183878961234103,0.282519130334437,24,0.653986758970789,0.0,0.911,patho.moderate,70
urn:mavedb:00001217-a-3#249,NA,NA,p.Arg80=,1.04190629957114,0.061925510239179,48,NA,NA,NA,NA,80
urn:mavedb:00001217-a-3#250,NA,NA,p.Arg80Ala,0.182248736507558,0.227476150809266,32,0.852524707640354,0.098,0.937,patho.moderate,80
urn:mavedb:00001217-a-3#251,NA,NA,p.Arg80Asn,0.396058766655269,0.176224582816023,16,0.653485653181283,-0.083,0.937,patho.moderate,80
urn:mavedb:00001217-a-3#252,NA,NA,p.Arg80Asp,0.476119117999771,0.100993977891215,16,0.458377043498843,0.016,0.923,patho.support,80
urn:mavedb:00001217-a-3#253,NA,NA,p.Arg80Cys,0.721149069954066,0.0448795231339307,16,-0.0513141333896186,-0.156,0.086,undetermined,80
urn:mavedb:00001217-a-3#254,NA,NA,p.Arg80Gln,0.466745353980324,0.0602528267149237,16,0.480000236843577,0.182,0.792,patho.support,80
urn:mavedb:00001217-a-3#255,NA,NA,p.Arg80Glu,0.419319779335301,0.0414795835532224,16,0.589398474095678,0.392,0.819,patho.support,80
urn:mavedb:00001217-a-3#256,NA,NA,p.Arg80Gly,0.720460975290978,0.0565468728965726,32,-0.0503961545641362,-0.175,0.124,undetermined,80
urn:mavedb:00001217-a-3#257,NA,NA,p.Arg80His,0.549482629315885,0.17810359371495,16,0.266392361809193,-0.246,0.928,undetermined,80
urn:mavedb:00001217-a-3#258,NA,NA,p.Arg80Ile,0.263131125072242,0.140403030840549,16,0.932551533097768,0.289,0.939,patho.moderate,80
urn:mavedb:00001217-a-3#259,NA,NA,p.Arg80Leu,0.574860736219839,0.135062217909868,48,0.203750067163963,-0.189,0.887,undetermined,80
urn:mavedb:00001217-a-3#260,NA,NA,p.Arg80Lys,0.672718354657142,0.0250695466316634,16,0.0178541590283529,-0.051,0.099,undetermined,80
urn:mavedb:00001217-a-3#261,NA,NA,p.Arg80Met,0.714884374139114,0.0195894840654425,16,-0.0429085190163167,-0.092,0.012,undetermined,80
urn:mavedb:00001217-a-3#262,NA,NA,p.Arg80Phe,0.701052839210416,0.0568479274525558,16,-0.0243415845948645,-0.16,0.172,undetermined,80
urn:mavedb:00001217-a-3#263,NA,NA,p.Arg80Pro,0.278081933599517,0.238184992185157,24,0.940775877995495,-0.093,0.937,patho.moderate,80
urn:mavedb:00001217-a-3#264,NA,NA,p.Arg80Ser,0.675342582789938,0.152755771536002,56,0.0137547560698143,-0.306,0.718,undetermined,80
urn:mavedb:00001217-a-3#265,NA,NA,p.Arg80Ter,-0.196235296285798,0.22889341338755,16,NA,NA,NA,NA,80
urn:mavedb:00001217-a-3#266,NA,NA,p.Arg80Thr,0.495484507342113,0.100138364402047,32,0.406936523214817,-0.003,0.905,patho.support,80
urn:mavedb:00001217-a-3#267,NA,NA,p.Arg80Trp,0.646482892519959,0.0241654775068939,16,0.0611740005527184,-0.013,0.146,undetermined,80
urn:mavedb:00001217-a-3#268,NA,NA,p.Arg80Tyr,0.256928398851668,0.176527613637473,16,0.927655506235252,0.13,0.939,patho.moderate,80
urn:mavedb:00001217-a-3#269,NA,NA,p.Arg80Val,0.548455644279173,0.1033298798526,32,0.26904311413269,-0.086,0.796,undetermined,80
urn:mavedb:00001217-a-3#270,NA,NA,p.Asn132Ala,1.03140679459272,0.0930057616206596,32,-0.345900971374524,-0.445,-0.197,benign.support,132
urn:mavedb:00001217-a-3#271,NA,NA,p.Asn132Arg,0.932403269218108,0.100717450856169,48,-0.270366903276897,-0.393,-0.071,undetermined,132
urn:mavedb:00001217-a-3#272,NA,NA,p.Asn132Asp,0.984126098105197,0.0153112707803183,16,-0.310950808201925,-0.333,-0.287,undetermined,132
urn:mavedb:00001217-a-3#273,NA,NA,p.Asn132Cys,0.973787962206572,0.0124250450773012,16,-0.303065909896723,-0.321,-0.284,undetermined,132
urn:mavedb:00001217-a-3#274,NA,NA,p.Asn132Gln,1.01083887647796,0.0147910789232401,16,-0.330716520008382,-0.352,-0.309,benign.support,132
urn:mavedb:00001217-a-3#275,NA,NA,p.Asn132Glu,0.931184656441216,0.0120822050317472,16,-0.269388020383654,-0.288,-0.249,undetermined,132
urn:mavedb:00001217-a-3#276,NA,NA,p.Asn132Gly,0.891695280943811,0.0299279826096416,32,-0.235328165482328,-0.284,-0.179,undetermined,132
urn:mavedb:00001217-a-3#277,NA,NA,p.Asn132His,0.942697136219408,0.0163083627421193,16,-0.278562306409215,-0.304,-0.252,undetermined,132
urn:mavedb:00001217-a-3#278,NA,NA,p.Asn132Ile,0.804766004288256,0.0271288218995641,16,-0.149801957279324,-0.206,-0.089,undetermined,132
urn:mavedb:00001217-a-3#279,NA,NA,p.Asn132Leu,1.00403666991964,0.0595347871053294,48,-0.325953307242017,-0.387,-0.231,benign.support,132
urn:mavedb:00001217-a-3#280,NA,NA,p.Asn132Lys,0.779759789324264,0.0112319792361971,16,-0.122537731291247,-0.147,-0.098,undetermined,132
urn:mavedb:00001217-a-3#281,NA,NA,p.Asn132Met,0.709300986769879,0.011972074624286,16,-0.0354430709154996,-0.067,-0.002,undetermined,132
urn:mavedb:00001217-a-3#282,NA,NA,p.Asn132Phe,1.0545638802588,0.0080521189673385,16,-0.360587971912055,-0.367,-0.351,benign.support,132
urn:mavedb:00001217-a-3#283,NA,NA,p.Asn132Pro,0.846027269869906,0.107713324642795,32,-0.193484642056804,-0.36,0.078,undetermined,132
urn:mavedb:00001217-a-3#284,NA,NA,p.Asn132Ser,0.938430389750456,0.0961231025277689,48,-0.2752607151325,-0.391,-0.082,undetermined,132
urn:mavedb:00001217-a-3#285,NA,NA,p.Asn132Ter,0.135155050755306,0.112060203849402,16,NA,NA,NA,NA,132
urn:mavedb:00001217-a-3#286,NA,NA,p.Asn132Thr,1.03346876893099,0.0335647425323612,32,-0.347397342984524,-0.378,-0.297,benign.support,132
urn:mavedb:00001217-a-3#287,NA,NA,p.Asn132Trp,0.950721562689065,0.0168243235193797,16,-0.284891088117644,-0.311,-0.258,undetermined,132
urn:mavedb:00001217-a-3#288,NA,NA,p.Asn132Tyr,0.832762892055194,0.0152472446916895,16,-0.179334040375606,-0.209,-0.147,undetermined,132
urn:mavedb:00001217-a-3#289,NA,NA,p.Asn132Val,0.942901547800844,0.0262774297350895,32,-0.278721515912637,-0.318,-0.235,undetermined,132
urn:mavedb:00001217-a-3#290,NA,NA,p.Asn140=,1.09210346120179,0.0127005626322808,16,NA,NA,NA,NA,140
urn:mavedb:00001217-a-3#291,NA,NA,p.Asn140Ala,0.942440446324299,0.0466858195797713,16,-0.278362521785899,-0.348,-0.198,undetermined,140
urn:mavedb:00001217-a-3#292,NA,NA,p.Asn140Arg,0.751325754225403,0.115663846258204,24,-0.0896952472883062,-0.312,0.333,undetermined,140
urn:mavedb:00001217-a-3#293,NA,NA,p.Asn140Asp,1.07576853302322,0.0469158867117569,16,-0.36873912346874,-0.408,-0.311,benign.support,140
urn:mavedb:00001217-a-3#294,NA,NA,p.Asn140Cys,1.0275944861091,0.0482840191371204,16,-0.343059559827506,-0.389,-0.271,benign.support,140
urn:mavedb:00001217-a-3#295,NA,NA,p.Asn140Glu,0.489079395260291,0.315515553950176,8,0.425084723645268,-0.371,0.934,patho.support,140
urn:mavedb:00001217-a-3#296,NA,NA,p.Asn140Gly,0.920982243947267,0.0728826488180552,24,-0.260913035752388,-0.365,-0.121,undetermined,140
urn:mavedb:00001217-a-3#297,NA,NA,p.Asn140His,0.687963506536813,0.0780335647944675,16,-0.0055337276154995,-0.189,0.31,undetermined,140
urn:mavedb:00001217-a-3#298,NA,NA,p.Asn140Ile,0.872011569183347,0.0327199918719977,16,-0.218214420160132,-0.274,-0.154,undetermined,140
urn:mavedb:00001217-a-3#299,NA,NA,p.Asn140Leu,0.915442605766499,0.104303868181191,40,-0.256216031568472,-0.387,-0.042,undetermined,140
urn:mavedb:00001217-a-3#300,NA,NA,p.Asn140Lys,1.03465288781131,0.101387652605859,32,-0.348264204442607,-0.466,-0.182,benign.support,140
urn:mavedb:00001217-a-3#301,NA,NA,p.Asn140Met,0.769234430201446,0.0330724599421945,16,-0.110725874011981,-0.182,-0.03,undetermined,140
urn:mavedb:00001217-a-3#302,NA,NA,p.Asn140Phe,0.855963118684338,0.0620158923400089,16,-0.203481521246083,-0.308,-0.07,undetermined,140
urn:mavedb:00001217-a-3#303,NA,NA,p.Asn140Pro,0.526807670411681,0.124532653627967,32,0.323150726273636,-0.109,0.913,patho.support,140
urn:mavedb:00001217-a-3#304,NA,NA,p.Asn140Ser,0.77967412110924,0.102980634866946,48,-0.122440734382047,-0.31,0.2,undetermined,140
urn:mavedb:00001217-a-3#305,NA,NA,p.Asn140Ter,0.0378087843091765,0.231726182123993,16,NA,NA,NA,NA,140
urn:mavedb:00001217-a-3#306,NA,NA,p.Asn140Thr,0.952108884650554,0.0789618519513958,32,-0.286002396894902,-0.382,-0.139,undetermined,140
urn:mavedb:00001217-a-3#307,NA,NA,p.Asn140Trp,0.551467696298257,0.194738772492241,16,0.261287209248131,-0.267,0.93,undetermined,140
urn:mavedb:00001217-a-3#308,NA,NA,p.Asn140Tyr,0.679191393124505,0.150544004844578,16,0.0078222557633664,-0.3,0.685,undetermined,140
urn:mavedb:00001217-a-3#309,NA,NA,p.Asn140Val,0.502487492705635,0.222930540385141,16,0.387372228223535,-0.278,0.933,patho.support,140
urn:mavedb:00001217-a-3#310,NA,NA,p.Asn20=,1.03593230437405,0.169227700124411,16,NA,NA,NA,NA,20
urn:mavedb:00001217-a-3#311,NA,NA,p.Asn20Arg,0.900674365945468,0.0854496373547783,32,-0.243155836492082,-0.365,-0.068,undetermined,20
urn:mavedb:00001217-a-3#312,NA,NA,p.Asn20Asp,0.912171904216688,0.0387077936463933,16,-0.253400669582789,-0.314,-0.183,undetermined,20
urn:mavedb:00001217-a-3#313,NA,NA,p.Asn20Cys,0.728918282419247,0.0889160416516038,8,-0.0615431124341531,-0.246,0.253,undetermined,20
urn:mavedb:00001217-a-3#314,NA,NA,p.Asn20Gly,0.754371547428038,0.130923089642513,24,-0.0933202512818735,-0.328,0.403,undetermined,20
urn:mavedb:00001217-a-3#315,NA,NA,p.Asn20His,0.673976623883727,0.219429312111982,16,0.0158813995807069,-0.379,0.905,undetermined,20
urn:mavedb:00001217-a-3#316,NA,NA,p.Asn20Lys,0.954995228488666,0.08710273242871,24,-0.288317475317585,-0.389,-0.13,undetermined,20
urn:mavedb:00001217-a-3#317,NA,NA,p.Asn20Pro,-0.0302103992119919,0.221769389962922,16,0.656373511570916,0.441,0.929,patho.moderate,20
urn:mavedb:00001217-a-3#318,NA,NA,p.Asn20Ser,0.935167498535895,0.0520357457411649,16,-0.272600327266722,-0.35,-0.183,undetermined,20
urn:mavedb:00001217-a-3#319,NA,NA,p.Asn20Ter,-0.013755442097644,0.328311684933873,8,NA,NA,NA,NA,20
urn:mavedb:00001217-a-3#320,NA,NA,p.Asn20Trp,1.03312152869409,0.0332768168751332,8,-0.34714418971743,-0.378,-0.299,benign.support,20
urn:mavedb:00001217-a-3#321,NA,NA,p.Asn20Val,0.599682321975173,0.214050575935444,16,0.147553645431274,-0.334,0.926,undetermined,20
urn:mavedb:00001217-a-3#322,NA,NA,p.Asn27=,0.927422377604906,0.0982286896157777,16,NA,NA,NA,NA,27
urn:mavedb:00001217-a-3#323,NA,NA,p.Asn27Ala,1.06298373237443,0.0507201007923967,16,-0.364007474919778,-0.406,-0.295,benign.support,27
urn:mavedb:00001217-a-3#324,NA,NA,p.Asn27Arg,1.05206231112395,0.220536582861859,40,-0.359398383550528,-0.663,0.125,benign.support,27
urn:mavedb:00001217-a-3#325,NA,NA,p.Asn27Asp,1.09542741111252,0.0183764474053892,16,-0.376691195457394,-0.393,-0.363,benign.support,27
urn:mavedb:00001217-a-3#326,NA,NA,p.Asn27Cys,0.917663953204123,0.0619633242868454,16,-0.258141992232414,-0.349,-0.142,undetermined,27
urn:mavedb:00001217-a-3#327,NA,NA,p.Asn27Gln,1.31916234636395,0.0516826096907423,16,-0.617294950578363,-0.719,-0.426,benign.support,27
urn:mavedb:00001217-a-3#328,NA,NA,p.Asn27Gly,0.786999843628561,0.0537148126195,16,-0.1305665907341,-0.236,0.005,undetermined,27
urn:mavedb:00001217-a-3#329,NA,NA,p.Asn27His,0.907314076369604,0.0567011841737413,16,-0.249046463966718,-0.335,-0.143,undetermined,27
urn:mavedb:00001217-a-3#330,NA,NA,p.Asn27Ile,0.387505392132996,0.508734618832856,8,0.680276302910636,-0.481,0.929,patho.moderate,27
urn:mavedb:00001217-a-3#331,NA,NA,p.Asn27Leu,1.04363168990283,0.159593139440054,40,-0.35439782343017,-0.626,-0.051,benign.support,27
urn:mavedb:00001217-a-3#332,NA,NA,p.Asn27Lys,0.448933762210088,0.162586081337265,16,0.519041187533238,-0.107,0.935,patho.support,27
urn:mavedb:00001217-a-3#333,NA,NA,p.Asn27Met,0.645160518141809,0.100104585898226,16,0.063505120186449,-0.191,0.525,undetermined,27
urn:mavedb:00001217-a-3#334,NA,NA,p.Asn27Phe,0.381939899350148,0.194536393529321,16,0.696412208045217,-0.11,0.937,patho.moderate,27
urn:mavedb:00001217-a-3#335,NA,NA,p.Asn27Ser,1.01829935354663,0.429713347658183,24,-0.336084420451008,-0.674,0.871,benign.support,27
urn:mavedb:00001217-a-3#336,NA,NA,p.Asn27Ter,0.0274202030088735,0.229703080257638,16,NA,NA,NA,NA,27
urn:mavedb:00001217-a-3#337,NA,NA,p.Asn27Thr,0.324678391572558,0.202173150103957,16,0.858477687000496,-0.059,0.937,patho.moderate,27
urn:mavedb:00001217-a-3#338,NA,NA,p.Asn27Trp,0.904617594658313,0.108863367497069,16,-0.246642857831068,-0.386,-0.009,undetermined,27
urn:mavedb:00001217-a-3#339,NA,NA,p.Asn27Tyr,1.15641167284533,0.0431406702169897,16,-0.403445045857962,-0.478,-0.367,benign.support,27
urn:mavedb:00001217-a-3#340,NA,NA,p.Asn27Val,1.03151418182829,0.176586046311406,16,-0.345978495476975,-0.628,0.0,benign.support,27
urn:mavedb:00001217-a-3#341,NA,NA,p.Asn54=,1.04204975572945,0.0983516778202696,16,NA,NA,NA,NA,54
urn:mavedb:00001217-a-3#342,NA,NA,p.Asn54Ala,0.847443834893194,0.199957901529343,32,-0.194961499400699,-0.472,0.495,undetermined,54
urn:mavedb:00001217-a-3#343,NA,NA,p.Asn54Arg,1.03895233878748,0.0718388943394826,48,-0.351356138219579,-0.418,-0.24,benign.support,54
urn:mavedb:00001217-a-3#344,NA,NA,p.Asn54Asp,1.02439127985388,0.0158069370252699,16,-0.340617737718267,-0.361,-0.318,benign.support,54
urn:mavedb:00001217-a-3#345,NA,NA,p.Asn54Cys,1.08315606992788,0.0214360018450954,16,-0.371622577939629,-0.39,-0.353,benign.support,54
urn:mavedb:00001217-a-3#346,NA,NA,p.Asn54Gln,0.942940798017905,0.030047123157436,16,-0.278752098187522,-0.325,-0.229,undetermined,54
urn:mavedb:00001217-a-3#347,NA,NA,p.Asn54Glu,0.910092075857257,0.0269740940497516,16,-0.251539859082487,-0.295,-0.205,undetermined,54
urn:mavedb:00001217-a-3#348,NA,NA,p.Asn54Gly,0.948482058369438,0.0149289614140523,16,-0.283108099456551,-0.305,-0.26,undetermined,54
urn:mavedb:00001217-a-3#349,NA,NA,p.Asn54His,0.928281533752505,0.0158918089791702,16,-0.267017570764519,-0.292,-0.241,undetermined,54
urn:mavedb:00001217-a-3#350,NA,NA,p.Asn54Ile,0.914303650324525,0.0274241932559713,16,-0.255232930592541,-0.299,-0.207,undetermined,54
urn:mavedb:00001217-a-3#351,NA,NA,p.Asn54Leu,1.00389442160597,0.0551629333795798,48,-0.325847601608594,-0.384,-0.239,benign.support,54
urn:mavedb:00001217-a-3#352,NA,NA,p.Asn54Lys,0.888188109461302,0.0095794094840475,16,-0.232308937589676,-0.248,-0.216,undetermined,54
urn:mavedb:00001217-a-3#353,NA,NA,p.Asn54Met,1.07836625294368,0.0126276413137369,16,-0.369739725278805,-0.38,-0.36,benign.support,54
urn:mavedb:00001217-a-3#354,NA,NA,p.Asn54Phe,0.849394767335651,0.0099828601850685,16,-0.196977315969159,-0.216,-0.176,undetermined,54
urn:mavedb:00001217-a-3#355,NA,NA,p.Asn54Pro,0.952012024799892,0.0143769519140372,32,-0.285924636248358,-0.309,-0.263,undetermined,54
urn:mavedb:00001217-a-3#356,NA,NA,p.Asn54Ser,0.970765966312536,0.046297892872195,48,-0.300622884206225,-0.364,-0.227,undetermined,54
urn:mavedb:00001217-a-3#357,NA,NA,p.Asn54Ter,0.227526201314984,0.0551763345937879,16,NA,NA,NA,NA,54
urn:mavedb:00001217-a-3#358,NA,NA,p.Asn54Thr,1.05555646493606,0.0559855552634189,32,-0.361037414799852,-0.406,-0.281,benign.support,54
urn:mavedb:00001217-a-3#359,NA,NA,p.Asn54Trp,0.922809858495059,0.034133542190955,16,-0.262429893139596,-0.315,-0.202,undetermined,54
urn:mavedb:00001217-a-3#360,NA,NA,p.Asn54Tyr,0.971745271243401,0.0050606450863081,16,-0.301411342920433,-0.309,-0.294,undetermined,54
urn:mavedb:00001217-a-3#361,NA,NA,p.Asn54Val,0.94111536919498,0.0970843562583709,32,-0.277333705187615,-0.393,-0.091,undetermined,54
urn:mavedb:00001217-a-3#362,NA,NA,p.Asn66=,1.03742972675241,0.128904481954136,16,NA,NA,NA,NA,66
urn:mavedb:00001217-a-3#363,NA,NA,p.Asn66Ala,0.581919098587817,0.244530129059346,32,0.186767165741912,-0.365,0.929,undetermined,66
urn:mavedb:00001217-a-3#364,NA,NA,p.Asn66Arg,0.55254409074406,0.310702336250478,48,0.258566010595435,-0.4,0.931,undetermined,66
urn:mavedb:00001217-a-3#365,NA,NA,p.Asn66Asp,1.01148510976746,0.0190514746091304,16,-0.331173920093876,-0.357,-0.304,benign.support,66
urn:mavedb:00001217-a-3#366,NA,NA,p.Asn66Cys,0.893089932091749,0.0569170266701066,16,-0.236534444130848,-0.327,-0.124,undetermined,66
urn:mavedb:00001217-a-3#367,NA,NA,p.Asn66Gln,0.492183113709902,0.0789125982366914,16,0.416360660260733,0.057,0.825,patho.support,66
urn:mavedb:00001217-a-3#368,NA,NA,p.Asn66Glu,0.666769385438519,0.0411684891670746,16,0.0272180865596043,-0.087,0.181,undetermined,66
urn:mavedb:00001217-a-3#369,NA,NA,p.Asn66Gly,0.870026418103955,0.119786124997334,32,-0.216466917998145,-0.379,0.091,undetermined,66
urn:mavedb:00001217-a-3#370,NA,NA,p.Asn66His,0.157295258637737,0.197352645125544,16,0.813872494368832,0.302,0.937,patho.moderate,66
urn:mavedb:00001217-a-3#371,NA,NA,p.Asn66Ile,0.687451646745788,0.283895838159717,16,-0.0047698501473024,-0.445,0.921,undetermined,66
urn:mavedb:00001217-a-3#372,NA,NA,p.Asn66Leu,0.271310955743944,0.299219511622848,40,0.939264729310802,-0.193,0.934,patho.moderate,66
urn:mavedb:00001217-a-3#373,NA,NA,p.Asn66Lys,0.78979254229432,0.0947457158754186,32,-0.133659996615972,-0.307,0.138,undetermined,66
urn:mavedb:00001217-a-3#374,NA,NA,p.Asn66Met,0.18687867049569,0.169752765384636,16,0.85814051618246,0.346,0.938,patho.moderate,66
urn:mavedb:00001217-a-3#375,NA,NA,p.Asn66Phe,0.073997103048214,0.186664986469746,16,0.721111556398582,0.527,0.934,patho.moderate,66
urn:mavedb:00001217-a-3#376,NA,NA,p.Asn66Pro,0.639840239572224,0.27145243801476,24,0.0727640413941861,-0.405,0.924,undetermined,66
urn:mavedb:00001217-a-3#377,NA,NA,p.Asn66Ser,0.844535946501809,0.11026300373216,48,-0.191883653225288,-0.364,0.096,undetermined,66
urn:mavedb:00001217-a-3#378,NA,NA,p.Asn66Ter,-0.203167567750498,0.220986104684213,16,NA,NA,NA,NA,66
urn:mavedb:00001217-a-3#379,NA,NA,p.Asn66Thr,0.825356963490535,0.0709537459090827,32,-0.171499846673787,-0.298,0.0,undetermined,66
urn:mavedb:00001217-a-3#380,NA,NA,p.Asn66Trp,0.092437159071611,0.196535392233825,16,0.736785944752659,0.443,0.935,patho.moderate,66
urn:mavedb:00001217-a-3#381,NA,NA,p.Asn66Tyr,0.832205602986253,0.0994462083061449,16,-0.178743238372349,-0.34,0.066,undetermined,66
urn:mavedb:00001217-a-3#382,NA,NA,p.Asn66Val,0.646967368679643,0.117366202046647,32,0.0603249945551836,-0.222,0.597,undetermined,66
urn:mavedb:00001217-a-3#383,NA,NA,p.Asn87=,1.09191652671326,0.0892772127345026,16,NA,NA,NA,NA,87
urn:mavedb:00001217-a-3#384,NA,NA,p.Asn87Ala,0.630957248961636,0.0366412226418038,32,0.0883970055106861,-0.027,0.244,undetermined,87
urn:mavedb:00001217-a-3#385,NA,NA,p.Asn87Arg,0.408983369130942,0.200197126974469,48,0.615561023858131,-0.151,0.936,patho.support,87
urn:mavedb:00001217-a-3#386,NA,NA,p.Asn87Asp,0.795101463632228,0.0234066779154767,16,-0.139522103098573,-0.187,-0.087,undetermined,87
urn:mavedb:00001217-a-3#387,NA,NA,p.Asn87Cys,0.88935721878065,0.0160855323776953,16,-0.233313186684454,-0.261,-0.206,undetermined,87
urn:mavedb:00001217-a-3#388,NA,NA,p.Asn87Gln,0.410991549271605,0.0913447051043179,16,0.610362119047105,0.164,0.936,patho.support,87
urn:mavedb:00001217-a-3#389,NA,NA,p.Asn87Glu,0.373083008962666,0.0516412669983946,16,0.721963618335005,0.465,0.936,patho.moderate,87
urn:mavedb:00001217-a-3#390,NA,NA,p.Asn87Gly,0.0736435218478707,0.16041954785777,32,0.720841106075578,0.635,0.934,patho.moderate,87
urn:mavedb:00001217-a-3#391,NA,NA,p.Asn87His,0.80135633141229,0.0097834623361261,16,-0.146202898622522,-0.166,-0.126,undetermined,87
urn:mavedb:00001217-a-3#392,NA,NA,p.Asn87Ile,0.753304528945736,0.0165523515529714,16,-0.0920527280084318,-0.129,-0.05,undetermined,87
urn:mavedb:00001217-a-3#393,NA,NA,p.Asn87Leu,0.730459276817572,0.089715192348827,48,-0.0635441519728522,-0.247,0.252,undetermined,87
urn:mavedb:00001217-a-3#394,NA,NA,p.Asn87Lys,0.352536023279437,0.0625050630513216,16,0.779304273383902,0.459,0.939,patho.moderate,87
urn:mavedb:00001217-a-3#395,NA,NA,p.Asn87Met,0.808499796885835,0.0081442437192906,16,-0.153737991497902,-0.171,-0.137,undetermined,87
urn:mavedb:00001217-a-3#396,NA,NA,p.Asn87Phe,1.05150753197891,0.0089494817206096,16,-0.35910159310529,-0.366,-0.347,benign.support,87
urn:mavedb:00001217-a-3#397,NA,NA,p.Asn87Pro,0.951618094215415,0.044306322676088,32,-0.285608648741858,-0.351,-0.212,undetermined,87
urn:mavedb:00001217-a-3#398,NA,NA,p.Asn87Ser,0.854024755828627,0.0540940267026995,48,-0.201587405910988,-0.294,-0.085,undetermined,87
urn:mavedb:00001217-a-3#399,NA,NA,p.Asn87Ter,0.185676795511655,0.112265023698079,16,NA,NA,NA,NA,87
urn:mavedb:00001217-a-3#400,NA,NA,p.Asn87Thr,0.976114971421983,0.0330577871472608,32,-0.304953979614989,-0.352,-0.252,undetermined,87
urn:mavedb:00001217-a-3#401,NA,NA,p.Asn87Trp,1.06738063527317,0.0177399571307617,16,-0.365600311675544,-0.38,-0.347,benign.support,87
urn:mavedb:00001217-a-3#402,NA,NA,p.Asn87Tyr,1.0055931670457,0.0119764130641657,16,-0.327053962739309,-0.345,-0.309,benign.support,87
urn:mavedb:00001217-a-3#403,NA,NA,p.Asn87Val,0.957068590187215,0.0323337022734738,32,-0.289895849942163,-0.337,-0.238,undetermined,87
urn:mavedb:00001217-a-3#404,NA,NA,p.Asp102Ala,0.812949854339886,0.124335139961303,32,-0.158425042581374,-0.361,0.212,undetermined,102
urn:mavedb:00001217-a-3#405,NA,NA,p.Asp102Arg,-0.303157500055203,0.27401805994614,48,0.634631446792828,0.0,0.849,patho.support,102
urn:mavedb:00001217-a-3#406,NA,NA,p.Asp102Asn,0.709021475149955,0.0796644336861342,16,-0.0350726131245524,-0.215,0.257,undetermined,102
urn:mavedb:00001217-a-3#407,NA,NA,p.Asp102Cys,0.996562350342206,0.0146592421888422,16,-0.320336709969701,-0.341,-0.298,benign.support,102
urn:mavedb:00001217-a-3#408,NA,NA,p.Asp102Gln,-0.182752486907245,0.222457933408608,16,0.653873543258747,0.123,0.893,patho.moderate,102
urn:mavedb:00001217-a-3#409,NA,NA,p.Asp102Glu,0.357002479164331,0.0501928721362701,16,0.767860259199682,0.508,0.939,patho.moderate,102
urn:mavedb:00001217-a-3#410,NA,NA,p.Asp102Gly,0.0843841614288281,0.283581489998456,32,0.729272537672345,0.045,0.934,patho.moderate,102
urn:mavedb:00001217-a-3#411,NA,NA,p.Asp102His,0.52865355915154,0.0911869440965533,16,0.318819043628941,-0.037,0.783,patho.support,102
urn:mavedb:00001217-a-3#412,NA,NA,p.Asp102Ile,0.396821191728754,0.101606324531788,16,0.651071923293786,0.157,0.937,patho.moderate,102
urn:mavedb:00001217-a-3#413,NA,NA,p.Asp102Leu,0.704774627683379,0.0830193724711342,32,-0.0293954001775717,-0.213,0.287,undetermined,102
urn:mavedb:00001217-a-3#414,NA,NA,p.Asp102Lys,-0.259572423370754,0.224377189754927,16,0.636764859318496,0.0,0.803,patho.moderate,102
urn:mavedb:00001217-a-3#415,NA,NA,p.Asp102Met,-0.176020946812519,0.243065077550383,16,0.653223916917789,0.0,0.901,patho.moderate,102
urn:mavedb:00001217-a-3#416,NA,NA,p.Asp102Phe,-0.0576561936910405,0.224731452404596,16,0.650269256467788,0.408,0.925,patho.moderate,102
urn:mavedb:00001217-a-3#417,NA,NA,p.Asp102Pro,-0.241221268393373,0.220188180201155,24,0.639286795407868,0.0,0.836,patho.moderate,102
urn:mavedb:00001217-a-3#418,NA,NA,p.Asp102Ser,1.04546500703443,0.0503684616753661,40,-0.355550462914704,-0.398,-0.284,benign.support,102
urn:mavedb:00001217-a-3#419,NA,NA,p.Asp102Ter,-0.0472259187912865,0.24330922690535,16,NA,NA,NA,NA,102
urn:mavedb:00001217-a-3#420,NA,NA,p.Asp102Thr,1.07012930458558,0.142147767606529,24,-0.366613947591447,-0.63,-0.131,benign.support,102
urn:mavedb:00001217-a-3#421,NA,NA,p.Asp102Trp,-0.530494535048981,0.221265325030057,16,0.384027421281178,0.0,0.652,patho.support,102
urn:mavedb:00001217-a-3#422,NA,NA,p.Asp102Tyr,0.347705636834478,0.196524801398587,16,0.79207342572601,-0.076,0.937,patho.moderate,102
urn:mavedb:00001217-a-3#423,NA,NA,p.Asp102Val,0.891400588099093,0.0881686057169853,32,-0.235073697677394,-0.363,-0.051,undetermined,102
urn:mavedb:00001217-a-3#424,NA,NA,p.Asp110=,0.956624220950838,0.0612945592286498,16,NA,NA,NA,NA,110
urn:mavedb:00001217-a-3#425,NA,NA,p.Asp110Ala,0.877383026054978,0.0771241056506705,40,-0.222968049371607,-0.342,-0.055,undetermined,110
urn:mavedb:00001217-a-3#426,NA,NA,p.Asp110Arg,1.03200030584623,0.190109062161328,48,-0.346329989537128,-0.644,0.044,benign.support,110
urn:mavedb:00001217-a-3#427,NA,NA,p.Asp110Asn,0.570100154325071,0.196248576374323,16,0.215226791182796,-0.288,0.925,undetermined,110
urn:mavedb:00001217-a-3#428,NA,NA,p.Asp110Cys,1.08977418001701,0.0521209929461419,16,-0.374310154572636,-0.425,-0.315,benign.support,110
urn:mavedb:00001217-a-3#429,NA,NA,p.Asp110Gln,0.87195002294138,0.0594500614046845,8,-0.218160169968419,-0.317,-0.094,undetermined,110
urn:mavedb:00001217-a-3#430,NA,NA,p.Asp110Glu,1.12580644429604,0.0645513465505015,32,-0.390337041397273,-0.492,-0.32,benign.support,110
urn:mavedb:00001217-a-3#431,NA,NA,p.Asp110Gly,0.936906337293268,0.0734803459551881,48,-0.274014768444851,-0.372,-0.141,undetermined,110
urn:mavedb:00001217-a-3#432,NA,NA,p.Asp110His,1.06366651448013,0.0433742335036351,24,-0.364252576138808,-0.4,-0.306,benign.support,110
urn:mavedb:00001217-a-3#433,NA,NA,p.Asp110Ile,0.979943280117587,0.0410140930784263,16,-0.307901872581714,-0.363,-0.243,undetermined,110
urn:mavedb:00001217-a-3#434,NA,NA,p.Asp110Leu,1.00823829167471,0.0848364054900909,40,-0.328889745300474,-0.412,-0.186,benign.support,110
urn:mavedb:00001217-a-3#435,NA,NA,p.Asp110Lys,0.934116217118304,0.0313882635267246,16,-0.271748764261426,-0.319,-0.22,undetermined,110
urn:mavedb:00001217-a-3#436,NA,NA,p.Asp110Phe,0.964272796531112,0.0468369150835762,16,-0.295470095633019,-0.361,-0.219,undetermined,110
urn:mavedb:00001217-a-3#437,NA,NA,p.Asp110Pro,1.0792205151807,0.0508969682034679,24,-0.37007187671422,-0.414,-0.307,benign.support,110
urn:mavedb:00001217-a-3#438,NA,NA,p.Asp110Ser,1.01690857430333,0.0766220686021034,48,-0.335068881438488,-0.41,-0.215,benign.support,110
urn:mavedb:00001217-a-3#439,NA,NA,p.Asp110Thr,0.859356810561098,0.243982000703625,24,-0.206687995201682,-0.573,0.701,undetermined,110
urn:mavedb:00001217-a-3#440,NA,NA,p.Asp110Tyr,0.837931797018425,0.191045871773482,16,-0.184826375102706,-0.441,0.485,undetermined,110
urn:mavedb:00001217-a-3#441,NA,NA,p.Asp110Val,1.04116579179584,0.0949760140787166,32,-0.352830337427328,-0.464,-0.203,benign.support,110
urn:mavedb:00001217-a-3#442,NA,NA,p.Asp125=,1.00170041821464,0.112555703372509,16,NA,NA,NA,NA,125
urn:mavedb:00001217-a-3#443,NA,NA,p.Asp125Ala,1.02138477907655,0.0576468780589104,32,-0.338362808055765,-0.394,-0.25,benign.support,125
urn:mavedb:00001217-a-3#444,NA,NA,p.Asp125Arg,0.734962791300431,0.063974933615812,48,-0.0693439022005552,-0.207,0.124,undetermined,125
urn:mavedb:00001217-a-3#445,NA,NA,p.Asp125Asn,0.90519097505707,0.028197772542262,16,-0.247152628484472,-0.293,-0.198,undetermined,125
urn:mavedb:00001217-a-3#446,NA,NA,p.Asp125Cys,1.07179801053585,0.02135791286091,16,-0.367236300832739,-0.385,-0.345,benign.support,125
urn:mavedb:00001217-a-3#447,NA,NA,p.Asp125Gln,0.761068896849135,0.0970543967647025,16,-0.101221605247431,-0.287,0.212,undetermined,125
urn:mavedb:00001217-a-3#448,NA,NA,p.Asp125Glu,0.707541033297285,0.0852882665036643,32,-0.033103996054055,-0.219,0.291,undetermined,125
urn:mavedb:00001217-a-3#449,NA,NA,p.Asp125Gly,0.909377291659092,0.0130091187936682,32,-0.250896598175368,-0.272,-0.229,undetermined,125
urn:mavedb:00001217-a-3#450,NA,NA,p.Asp125His,0.817980682087337,0.0228201573314416,16,-0.163722919322523,-0.21,-0.115,undetermined,125
urn:mavedb:00001217-a-3#451,NA,NA,p.Asp125Ile,1.02691856934606,0.0173993683344392,16,-0.342540843336125,-0.363,-0.318,benign.support,125
urn:mavedb:00001217-a-3#452,NA,NA,p.Asp125Leu,0.84307672811777,0.117842596648014,40,-0.190319908323193,-0.368,0.118,undetermined,125
urn:mavedb:00001217-a-3#453,NA,NA,p.Asp125Lys,0.649315377049434,0.0296203745850875,16,0.0562477274001,-0.033,0.166,undetermined,125
urn:mavedb:00001217-a-3#454,NA,NA,p.Asp125Met,0.374786108093592,0.17218539057669,16,0.716835034905894,-0.033,0.937,patho.moderate,125
urn:mavedb:00001217-a-3#455,NA,NA,p.Asp125Phe,0.935109970951813,0.0166957248861981,16,-0.272553659184308,-0.299,-0.244,undetermined,125
urn:mavedb:00001217-a-3#456,NA,NA,p.Asp125Pro,0.645991720687141,0.130171012100779,32,0.0620374877592575,-0.24,0.669,undetermined,125
urn:mavedb:00001217-a-3#457,NA,NA,p.Asp125Ser,0.944748926404086,0.0950745869964074,48,-0.280165002370099,-0.393,-0.096,undetermined,125
urn:mavedb:00001217-a-3#458,NA,NA,p.Asp125Ter,-0.0209842380088421,0.226813186521794,16,NA,NA,NA,NA,125
urn:mavedb:00001217-a-3#459,NA,NA,p.Asp125Thr,0.807639322511281,0.123217618915578,32,-0.152831276425129,-0.36,0.215,undetermined,125
urn:mavedb:00001217-a-3#460,NA,NA,p.Asp125Trp,0.771935731065598,0.0458045715412845,16,-0.113742870985568,-0.209,-0.001,undetermined,125
urn:mavedb:00001217-a-3#461,NA,NA,p.Asp125Tyr,0.901669818232252,0.0373862989669287,16,-0.244033095644446,-0.305,-0.176,undetermined,125
urn:mavedb:00001217-a-3#462,NA,NA,p.Asp125Val,0.900581947611538,0.0827945085721906,32,-0.243074492426283,-0.364,-0.074,undetermined,125
urn:mavedb:00001217-a-3#463,NA,NA,p.Asp126=,0.925319695956448,0.0387099745348919,16,NA,NA,NA,NA,126
urn:mavedb:00001217-a-3#464,NA,NA,p.Asp126Ala,0.627296175411074,0.328808757192385,48,0.0950762414466574,-0.456,0.928,undetermined,126
urn:mavedb:00001217-a-3#465,NA,NA,p.Asp126Arg,0.246006715684085,0.189330705285808,24,0.918930922688105,0.115,0.938,patho.moderate,126
urn:mavedb:00001217-a-3#466,NA,NA,p.Asp126Asn,0.930475404316308,0.216261561859237,24,-0.268819869113953,-0.593,0.357,undetermined,126
urn:mavedb:00001217-a-3#467,NA,NA,p.Asp126Cys,0.949792321614493,0.0551593081644173,16,-0.284149645206299,-0.362,-0.189,undetermined,126
urn:mavedb:00001217-a-3#468,NA,NA,p.Asp126Glu,0.782029714931452,0.11956874353819,32,-0.125040799643019,-0.333,0.271,undetermined,126
urn:mavedb:00001217-a-3#469,NA,NA,p.Asp126Gly,0.911415470642679,0.04236288979915,48,-0.252734023697663,-0.319,-0.175,undetermined,126
urn:mavedb:00001217-a-3#470,NA,NA,p.Asp126His,0.978568183054817,0.0870505379626821,24,-0.30684302321876,-0.402,-0.154,undetermined,126
urn:mavedb:00001217-a-3#471,NA,NA,p.Asp126Ile,0.54069739890489,0.190308362390119,16,0.289058898287941,-0.262,0.93,undetermined,126
urn:mavedb:00001217-a-3#472,NA,NA,p.Asp126Leu,0.80450139103392,0.208276179497754,48,-0.149522830637309,-0.437,0.625,undetermined,126
urn:mavedb:00001217-a-3#473,NA,NA,p.Asp126Lys,0.0368005262683475,0.233855314657929,16,0.694574561241759,0.342,0.932,patho.moderate,126
urn:mavedb:00001217-a-3#474,NA,NA,p.Asp126Met,0.619299154274637,0.0265686561802733,8,0.109460114146741,0.02,0.222,undetermined,126
urn:mavedb:00001217-a-3#475,NA,NA,p.Asp126Phe,0.906141531125012,0.016101907337901,16,-0.247999306625335,-0.275,-0.221,undetermined,126
urn:mavedb:00001217-a-3#476,NA,NA,p.Asp126Pro,1.15759477637474,0.223039069200619,24,-0.403962591447177,-0.695,0.0,benign.support,126
urn:mavedb:00001217-a-3#477,NA,NA,p.Asp126Ser,0.7823684802707,0.172565676364562,48,-0.125418364822475,-0.385,0.521,undetermined,126
urn:mavedb:00001217-a-3#478,NA,NA,p.Asp126Ter,-0.043293341496639,0.233587557751335,16,NA,NA,NA,NA,126
urn:mavedb:00001217-a-3#479,NA,NA,p.Asp126Thr,0.701493669277419,0.090010629362086,32,-0.0249441807238518,-0.224,0.318,undetermined,126
urn:mavedb:00001217-a-3#480,NA,NA,p.Asp126Trp,0.460846485315576,0.230295549022103,16,0.492664674919178,-0.26,0.934,patho.support,126
urn:mavedb:00001217-a-3#481,NA,NA,p.Asp126Tyr,0.644282112127537,0.0648944806234552,16,0.0650649047212563,-0.114,0.343,undetermined,126
urn:mavedb:00001217-a-3#482,NA,NA,p.Asp126Val,0.682714079633326,0.137643434914945,32,0.0023894214344149,-0.285,0.615,undetermined,126
urn:mavedb:00001217-a-3#483,NA,NA,p.Asp12Ala,1.02933430576365,0.060365445077513,32,-0.344403443197961,-0.401,-0.254,benign.support,12
urn:mavedb:00001217-a-3#484,NA,NA,p.Asp12Arg,1.0050983226118,0.114392512308448,48,-0.326712962271904,-0.463,-0.12,benign.support,12
urn:mavedb:00001217-a-3#485,NA,NA,p.Asp12Asn,0.715424439639882,0.098930806806341,16,-0.0436260137032383,-0.251,0.33,undetermined,12
urn:mavedb:00001217-a-3#486,NA,NA,p.Asp12Cys,0.922632540708537,0.0266351327876427,16,-0.262282395778379,-0.303,-0.216,undetermined,12
urn:mavedb:00001217-a-3#487,NA,NA,p.Asp12Gln,0.951941384897565,0.0370309499319601,16,-0.28586794172068,-0.34,-0.223,undetermined,12
urn:mavedb:00001217-a-3#488,NA,NA,p.Asp12Glu,1.00215925391635,0.0471167903497983,32,-0.324563751635882,-0.376,-0.251,benign.support,12
urn:mavedb:00001217-a-3#489,NA,NA,p.Asp12Gly,0.92301098990017,0.0742288316371202,40,-0.262597285952741,-0.366,-0.12,undetermined,12
urn:mavedb:00001217-a-3#490,NA,NA,p.Asp12His,0.898127964402258,0.0386011752394922,16,-0.24092071598035,-0.303,-0.169,undetermined,12
urn:mavedb:00001217-a-3#491,NA,NA,p.Asp12Ile,-0.360958320512872,0.230818912280362,16,0.622051439916771,0.0,0.732,patho.support,12
urn:mavedb:00001217-a-3#492,NA,NA,p.Asp12Leu,1.02969426452722,0.0812801672249451,40,-0.344670616785994,-0.42,-0.218,benign.support,12
urn:mavedb:00001217-a-3#493,NA,NA,p.Asp12Lys,1.0708619644423,0.0312090265846756,16,-0.366886537951497,-0.393,-0.33,benign.support,12
urn:mavedb:00001217-a-3#494,NA,NA,p.Asp12Met,-0.0204024230671909,0.332812825098737,8,0.661595686385738,0.0,0.931,patho.moderate,12
urn:mavedb:00001217-a-3#495,NA,NA,p.Asp12Phe,0.968015019670784,0.025116308977882,8,-0.298424166944391,-0.336,-0.258,undetermined,12
urn:mavedb:00001217-a-3#496,NA,NA,p.Asp12Pro,1.11143078274668,0.142886118660488,24,-0.383916411460038,-0.66,-0.162,benign.support,12
urn:mavedb:00001217-a-3#497,NA,NA,p.Asp12Ser,1.0223138323903,0.0464721386381869,40,-0.339055881703762,-0.384,-0.269,benign.support,12
urn:mavedb:00001217-a-3#498,NA,NA,p.Asp12Ter,0.372425726029135,0.168655027344957,16,NA,NA,NA,NA,12
urn:mavedb:00001217-a-3#499,NA,NA,p.Asp12Thr,0.500249961824722,0.167765404418988,24,0.393657139096309,-0.174,0.932,patho.support,12
urn:mavedb:00001217-a-3#500,NA,NA,p.Asp12Trp,0.560373798501677,0.0684028320724069,16,0.238847121465518,-0.02,0.576,undetermined,12
urn:mavedb:00001217-a-3#501,NA,NA,p.Asp12Tyr,1.10252111121907,0.169257261190782,24,-0.379800238318966,-0.669,-0.055,benign.support,12
urn:mavedb:00001217-a-3#502,NA,NA,p.Asp12Val,0.893696274620349,0.0518895719923125,32,-0.237059932769252,-0.321,-0.136,undetermined,12
urn:mavedb:00001217-a-3#503,NA,NA,p.Asp53Ala,0.720207082346037,0.234551674236291,32,-0.0500569174549228,-0.412,0.891,undetermined,53
urn:mavedb:00001217-a-3#504,NA,NA,p.Asp53Cys,1.09173237774828,0.0541053895601961,16,-0.375125672355821,-0.429,-0.312,benign.support,53
urn:mavedb:00001217-a-3#505,NA,NA,p.Asp53Glu,0.910565394565607,0.0324095903135509,16,-0.251966478630607,-0.303,-0.195,undetermined,53
urn:mavedb:00001217-a-3#506,NA,NA,p.Asp53Gly,0.919254217136727,0.0491666334239005,32,-0.259485630524494,-0.333,-0.169,undetermined,53
urn:mavedb:00001217-a-3#507,NA,NA,p.Asp53His,1.04905474098274,0.0314324670408021,16,-0.357656585432194,-0.383,-0.314,benign.support,53
urn:mavedb:00001217-a-3#508,NA,NA,p.Asp53Leu,0.463466549938268,0.297475569171784,8,0.4870695233375,-0.36,0.933,patho.support,53
urn:mavedb:00001217-a-3#509,NA,NA,p.Asp53Ser,0.710623949605103,0.257267358202348,8,-0.0372006160321348,-0.438,0.907,undetermined,53
urn:mavedb:00001217-a-3#510,NA,NA,p.Asp53Thr,0.889437779677421,0.13806684321793,8,-0.233382467320591,-0.404,0.109,undetermined,53
urn:mavedb:00001217-a-3#511,NA,NA,p.Asp53Tyr,0.985973034287926,0.034469052555104,16,-0.312313567130976,-0.36,-0.259,undetermined,53
urn:mavedb:00001217-a-3#512,NA,NA,p.Asp53Val,0.994176784505409,0.0827611526949184,24,-0.318496682399434,-0.403,-0.183,benign.support,53
urn:mavedb:00001217-a-3#513,NA,NA,p.Asp77Ala,0.986530126250187,0.141872099425842,32,-0.312726657836722,-0.501,-0.041,undetermined,77
urn:mavedb:00001217-a-3#514,NA,NA,p.Asp77Arg,0.834222958595702,0.161628480789102,48,-0.180883085143716,-0.401,0.353,undetermined,77
urn:mavedb:00001217-a-3#515,NA,NA,p.Asp77Asn,0.977860308802931,0.0245631559714879,16,-0.306296029223879,-0.341,-0.269,undetermined,77
urn:mavedb:00001217-a-3#516,NA,NA,p.Asp77Cys,0.763714537007324,0.0870071060824082,16,-0.104319333406812,-0.274,0.164,undetermined,77
urn:mavedb:00001217-a-3#517,NA,NA,p.Asp77Gln,0.819822564055867,0.105030085533914,16,-0.165663342508861,-0.345,0.132,undetermined,77
urn:mavedb:00001217-a-3#518,NA,NA,p.Asp77Glu,0.919292687009773,0.0242172173217425,16,-0.259517337317747,-0.297,-0.218,undetermined,77
urn:mavedb:00001217-a-3#519,NA,NA,p.Asp77Gly,0.829961230531328,0.0462253043695158,32,-0.176366221524475,-0.26,-0.074,undetermined,77
urn:mavedb:00001217-a-3#520,NA,NA,p.Asp77His,0.861058133029323,0.02736562961331,16,-0.208240970586914,-0.256,-0.153,undetermined,77
urn:mavedb:00001217-a-3#521,NA,NA,p.Asp77Ile,0.571220345288692,0.11884861242014,16,0.212488550386883,-0.149,0.814,undetermined,77
urn:mavedb:00001217-a-3#522,NA,NA,p.Asp77Leu,1.01169163557403,0.0388633527347595,32,-0.331320392153824,-0.374,-0.273,benign.support,77
urn:mavedb:00001217-a-3#523,NA,NA,p.Asp77Lys,0.324388271178014,0.189904433959585,16,0.859126266324057,-0.021,0.938,patho.moderate,77
urn:mavedb:00001217-a-3#524,NA,NA,p.Asp77Phe,1.09272884506612,0.0216954904596994,16,-0.375544378929084,-0.394,-0.358,benign.support,77
urn:mavedb:00001217-a-3#525,NA,NA,p.Asp77Pro,0.84289417174442,0.054894001767659,24,-0.190124461685015,-0.285,-0.071,undetermined,77
urn:mavedb:00001217-a-3#526,NA,NA,p.Asp77Ser,0.919545406444096,0.10955154717054,48,-0.259725707423682,-0.395,-0.026,undetermined,77
urn:mavedb:00001217-a-3#527,NA,NA,p.Asp77Ter,-0.108534695052788,0.233268195419592,16,NA,NA,NA,NA,77
urn:mavedb:00001217-a-3#528,NA,NA,p.Asp77Thr,1.06781675643272,0.0365445490498653,24,-0.365760203188413,-0.396,-0.321,benign.support,77
urn:mavedb:00001217-a-3#529,NA,NA,p.Asp77Trp,-0.123220522567704,0.234211597428996,16,0.65273201921144,0.226,0.914,patho.moderate,77
urn:mavedb:00001217-a-3#530,NA,NA,p.Asp77Tyr,0.851210984591413,0.209740498852157,16,-0.198791140787382,-0.498,0.535,undetermined,77
urn:mavedb:00001217-a-3#531,NA,NA,p.Asp77Val,0.919398804021583,0.0610908542436479,32,-0.259604815258661,-0.351,-0.142,undetermined,77
urn:mavedb:00001217-a-3#532,NA,NA,p.Asp84=,0.878612477501368,0.024050133270818,16,NA,NA,NA,NA,84
urn:mavedb:00001217-a-3#533,NA,NA,p.Asp84Ala,0.41381562872365,0.105673830880925,32,0.603357140097422,0.116,0.937,patho.support,84
urn:mavedb:00001217-a-3#534,NA,NA,p.Asp84Arg,1.06413335120454,0.061482462914009,32,-0.364420627043076,-0.419,-0.281,benign.support,84
urn:mavedb:00001217-a-3#535,NA,NA,p.Asp84Asn,1.07641306150698,0.0395840009403351,32,-0.368986077671349,-0.403,-0.321,benign.support,84
urn:mavedb:00001217-a-3#536,NA,NA,p.Asp84Cys,0.781900834646351,0.129159295332805,16,-0.124897120284556,-0.346,0.316,undetermined,84
urn:mavedb:00001217-a-3#537,NA,NA,p.Asp84Gln,0.319539371959061,0.100462971598235,16,0.870323436674174,0.345,0.94,patho.moderate,84
urn:mavedb:00001217-a-3#538,NA,NA,p.Asp84Glu,0.879420420862546,0.170562923815893,32,-0.224781546505525,-0.442,0.272,undetermined,84
urn:mavedb:00001217-a-3#539,NA,NA,p.Asp84Gly,0.594598529523334,0.286595204438746,48,0.158333275498933,-0.398,0.927,undetermined,84
urn:mavedb:00001217-a-3#540,NA,NA,p.Asp84His,0.71899810651655,0.17638507131214,32,-0.0484376457077646,-0.363,0.74,undetermined,84
urn:mavedb:00001217-a-3#541,NA,NA,p.Asp84Ile,0.02100453723732,0.21426268335417,16,0.686255859124307,0.444,0.933,patho.moderate,84
urn:mavedb:00001217-a-3#542,NA,NA,p.Asp84Leu,0.502734158334137,0.226138165011896,40,0.386689492809605,-0.295,0.933,patho.support,84
urn:mavedb:00001217-a-3#543,NA,NA,p.Asp84Lys,0.594359125271522,0.158962702530029,16,0.158841589008122,-0.246,0.89,undetermined,84
urn:mavedb:00001217-a-3#544,NA,NA,p.Asp84Met,0.822785343667961,0.113392839271824,8,-0.168786473205311,-0.356,0.148,undetermined,84
urn:mavedb:00001217-a-3#545,NA,NA,p.Asp84Phe,0.651052309928504,0.121147260248816,16,0.0532705088382062,-0.233,0.601,undetermined,84
urn:mavedb:00001217-a-3#546,NA,NA,p.Asp84Pro,-0.226031310854324,0.219540606886586,16,0.641692148526538,0.0,0.844,patho.moderate,84
urn:mavedb:00001217-a-3#547,NA,NA,p.Asp84Ser,0.926199211823631,0.0695390731563025,40,-0.265263244865738,-0.363,-0.134,undetermined,84
urn:mavedb:00001217-a-3#548,NA,NA,p.Asp84Ter,-0.370355006725219,0.22765785745186,16,NA,NA,NA,NA,84
urn:mavedb:00001217-a-3#549,NA,NA,p.Asp84Thr,0.711396029149351,0.161166012151078,32,-0.0382414538263453,-0.341,0.65,undetermined,84
urn:mavedb:00001217-a-3#550,NA,NA,p.Asp84Trp,0.218614641190176,0.158213429746574,8,0.894520045577205,0.315,0.938,patho.moderate,84
urn:mavedb:00001217-a-3#551,NA,NA,p.Asp84Tyr,0.459755576784864,0.241804503989998,24,0.49499917526797,-0.271,0.935,patho.support,84
urn:mavedb:00001217-a-3#552,NA,NA,p.Asp84Val,0.508354697855698,0.0979231441335704,32,0.371495181058197,-0.028,0.875,patho.support,84
urn:mavedb:00001217-a-3#553,NA,NA,p.Asp91=,0.66824977397582,0.308984058367917,16,NA,NA,NA,NA,91
urn:mavedb:00001217-a-3#554,NA,NA,p.Asp91Ala,1.05188819903058,0.0506807798697824,32,-0.359305145236575,-0.401,-0.285,benign.support,91
urn:mavedb:00001217-a-3#555,NA,NA,p.Asp91Arg,0.125574519743919,0.194376573825244,16,0.771547093902996,0.35,0.936,patho.moderate,91
urn:mavedb:00001217-a-3#556,NA,NA,p.Asp91Asn,0.979034389934209,0.259964160047464,32,-0.307204131531604,-0.645,0.485,undetermined,91
urn:mavedb:00001217-a-3#557,NA,NA,p.Asp91Glu,1.06714313267327,0.0199305072770591,16,-0.365513384963054,-0.382,-0.343,benign.support,91
urn:mavedb:00001217-a-3#558,NA,NA,p.Asp91Gly,1.08538321713824,0.0378572644398514,48,-0.372515517418843,-0.405,-0.331,benign.support,91
urn:mavedb:00001217-a-3#559,NA,NA,p.Asp91His,0.945468913619265,0.0669518657716122,24,-0.280729864358762,-0.37,-0.159,undetermined,91
urn:mavedb:00001217-a-3#560,NA,NA,p.Asp91Ile,-0.175231213261956,0.323862675458774,8,0.653150672329159,0.0,0.918,patho.moderate,91
urn:mavedb:00001217-a-3#561,NA,NA,p.Asp91Leu,0.620966803030259,0.142423555513522,32,0.106397588132268,-0.239,0.796,undetermined,91
urn:mavedb:00001217-a-3#562,NA,NA,p.Asp91Phe,0.589524158333063,0.072167259362449,16,0.169345694104114,-0.065,0.522,undetermined,91
urn:mavedb:00001217-a-3#563,NA,NA,p.Asp91Ser,0.879756066200836,0.144254241077388,32,-0.225080893391496,-0.406,0.159,undetermined,91
urn:mavedb:00001217-a-3#564,NA,NA,p.Asp91Ter,0.106855115973294,0.33082257065138,8,NA,NA,NA,NA,91
urn:mavedb:00001217-a-3#565,NA,NA,p.Asp91Thr,0.801349037796979,0.166478477452528,32,-0.146195193816862,-0.39,0.47,undetermined,91
urn:mavedb:00001217-a-3#566,NA,NA,p.Asp91Tyr,-0.30486368970858,0.211495098974559,16,0.634641113542699,0.0,0.748,patho.support,91
urn:mavedb:00001217-a-3#567,NA,NA,p.Asp91Val,0.0530235260270066,0.230277632997262,24,0.705429530286902,0.331,0.934,patho.moderate,91
urn:mavedb:00001217-a-3#568,NA,NA,p.Asp93=,1.06558452593735,0.138026526253634,16,NA,NA,NA,NA,93
urn:mavedb:00001217-a-3#569,NA,NA,p.Asp93Ala,0.975939512354845,0.0449488242567098,32,-0.304819578242665,-0.364,-0.234,undetermined,93
urn:mavedb:00001217-a-3#570,NA,NA,p.Asp93Arg,0.899436512112614,0.0993599795256776,48,-0.242067718884228,-0.378,-0.032,undetermined,93
urn:mavedb:00001217-a-3#571,NA,NA,p.Asp93Asn,0.972984649852239,0.016964589463697,16,-0.302413610555062,-0.327,-0.277,undetermined,93
urn:mavedb:00001217-a-3#572,NA,NA,p.Asp93Cys,0.863579577593891,0.0155529576548214,16,-0.210548305785764,-0.237,-0.179,undetermined,93
urn:mavedb:00001217-a-3#573,NA,NA,p.Asp93Gln,1.06198967087928,0.0191488611779953,16,-0.363652074016755,-0.379,-0.341,benign.support,93
urn:mavedb:00001217-a-3#574,NA,NA,p.Asp93Glu,0.882957539319627,0.0292187606729424,16,-0.227841293982917,-0.277,-0.171,undetermined,93
urn:mavedb:00001217-a-3#575,NA,NA,p.Asp93Gly,0.945765317004938,0.0355138248967836,32,-0.280962783688269,-0.333,-0.223,undetermined,93
urn:mavedb:00001217-a-3#576,NA,NA,p.Asp93His,0.832061383361599,0.0151924440962165,16,-0.178590384868333,-0.209,-0.147,undetermined,93
urn:mavedb:00001217-a-3#577,NA,NA,p.Asp93Ile,0.626518155989599,0.0291290469439334,16,0.0964960249250147,-0.001,0.217,undetermined,93
urn:mavedb:00001217-a-3#578,NA,NA,p.Asp93Leu,1.0156046009861,0.121758641006999,48,-0.334123038411007,-0.501,-0.123,benign.support,93
urn:mavedb:00001217-a-3#579,NA,NA,p.Asp93Lys,0.869173035449436,0.0333808176265785,16,-0.215693936128877,-0.271,-0.148,undetermined,93
urn:mavedb:00001217-a-3#580,NA,NA,p.Asp93Met,0.925162546214884,0.0247381555221362,16,-0.264393774553992,-0.303,-0.223,undetermined,93
urn:mavedb:00001217-a-3#581,NA,NA,p.Asp93Phe,1.02588346565216,0.0102462436833186,16,-0.341750088968664,-0.356,-0.327,benign.support,93
urn:mavedb:00001217-a-3#582,NA,NA,p.Asp93Pro,-0.211326841128731,0.242164310979862,32,0.64551459997585,0.0,0.877,patho.moderate,93
urn:mavedb:00001217-a-3#583,NA,NA,p.Asp93Ser,1.01855012012941,0.0434586669678466,48,-0.336268277450171,-0.38,-0.272,benign.support,93
urn:mavedb:00001217-a-3#584,NA,NA,p.Asp93Ter,0.268244503010975,0.165360613981944,16,NA,NA,NA,NA,93
urn:mavedb:00001217-a-3#585,NA,NA,p.Asp93Thr,0.929361219424094,0.0632085162488321,32,-0.267929646267548,-0.361,-0.152,undetermined,93
urn:mavedb:00001217-a-3#586,NA,NA,p.Asp93Trp,0.988984624768161,0.0285753944822311,16,-0.314558208285491,-0.355,-0.271,undetermined,93
urn:mavedb:00001217-a-3#587,NA,NA,p.Asp93Tyr,1.00194099162401,0.0125718210118921,16,-0.324402981153529,-0.343,-0.306,benign.support,93
urn:mavedb:00001217-a-3#588,NA,NA,p.Asp93Val,0.853251663507107,0.0841662628899711,32,-0.200818182526276,-0.337,-0.005,undetermined,93
urn:mavedb:00001217-a-3#589,NA,NA,p.Asp97=,1.01292261292646,0.224175354978377,16,NA,NA,NA,NA,97
urn:mavedb:00001217-a-3#590,NA,NA,p.Asp97Ala,0.968304006953664,0.105386248834011,32,-0.298654041445912,-0.413,-0.102,undetermined,97
urn:mavedb:00001217-a-3#591,NA,NA,p.Asp97Arg,0.985607529352962,0.04114077872882,48,-0.312043057931034,-0.364,-0.248,undetermined,97
urn:mavedb:00001217-a-3#592,NA,NA,p.Asp97Asn,1.07018612777274,0.0165619474352576,16,-0.366635052332917,-0.38,-0.35,benign.support,97
urn:mavedb:00001217-a-3#593,NA,NA,p.Asp97Cys,1.23084720980431,0.0339071750287343,8,-0.46365791856197,-0.577,-0.407,benign.support,97
urn:mavedb:00001217-a-3#594,NA,NA,p.Asp97Glu,1.11800701921753,0.131975272810249,24,-0.386975824594679,-0.657,-0.2,benign.support,97
urn:mavedb:00001217-a-3#595,NA,NA,p.Asp97Gly,0.921487759655822,0.105236913219675,32,-0.26133184809102,-0.388,-0.043,undetermined,97
urn:mavedb:00001217-a-3#596,NA,NA,p.Asp97His,0.736776223049682,0.0433361446023194,16,-0.0716600480690016,-0.168,0.052,undetermined,97
urn:mavedb:00001217-a-3#597,NA,NA,p.Asp97Ile,0.465884949942849,0.185672953648221,16,0.481907036789488,-0.18,0.934,patho.support,97
urn:mavedb:00001217-a-3#598,NA,NA,p.Asp97Leu,0.934386455382982,0.0461355606873241,40,-0.271967408517611,-0.341,-0.192,undetermined,97
urn:mavedb:00001217-a-3#599,NA,NA,p.Asp97Lys,0.618000801051941,0.0364442147773698,16,0.111855423180479,-0.008,0.27,undetermined,97
urn:mavedb:00001217-a-3#600,NA,NA,p.Asp97Met,1.06385147434864,0.0154422019016027,8,-0.364319111916618,-0.376,-0.348,benign.support,97
urn:mavedb:00001217-a-3#601,NA,NA,p.Asp97Phe,1.17480836278539,0.0280236572190692,16,-0.412774714163836,-0.463,-0.388,benign.support,97
urn:mavedb:00001217-a-3#602,NA,NA,p.Asp97Pro,1.11520218968178,0.143411396309408,24,-0.385736377017731,-0.669,-0.166,benign.support,97
urn:mavedb:00001217-a-3#603,NA,NA,p.Asp97Ser,1.19183783637204,0.0331208895364401,24,-0.424061722594949,-0.499,-0.391,benign.support,97
urn:mavedb:00001217-a-3#604,NA,NA,p.Asp97Ter,0.0338193478716265,0.235003541370583,16,NA,NA,NA,NA,97
urn:mavedb:00001217-a-3#605,NA,NA,p.Asp97Thr,0.981791773190611,0.151502831482934,32,-0.309243001377041,-0.53,0.003,undetermined,97
urn:mavedb:00001217-a-3#606,NA,NA,p.Asp97Trp,0.998575309439725,0.0456374587696318,8,-0.321904896454267,-0.374,-0.25,benign.support,97
urn:mavedb:00001217-a-3#607,NA,NA,p.Asp97Tyr,1.02025926360038,0.0275729333806735,16,-0.33752756756617,-0.368,-0.297,benign.support,97
urn:mavedb:00001217-a-3#608,NA,NA,p.Asp97Val,0.98479566844122,0.0459234639515373,32,-0.31144365716306,-0.369,-0.238,undetermined,97
urn:mavedb:00001217-a-3#609,NA,NA,p.Cys112=,0.943981564202851,0.0106254858693101,16,NA,NA,NA,NA,112
urn:mavedb:00001217-a-3#610,NA,NA,p.Cys112Ala,0.890801459913665,0.0475388817313155,32,-0.234556795729074,-0.312,-0.142,undetermined,112
urn:mavedb:00001217-a-3#611,NA,NA,p.Cys112Arg,0.79211086215131,0.145647650534475,64,-0.136222585002804,-0.37,0.35,undetermined,112
urn:mavedb:00001217-a-3#612,NA,NA,p.Cys112Asn,0.702081041601159,0.13528526051494,8,-0.0257454014359981,-0.3,0.535,undetermined,112
urn:mavedb:00001217-a-3#613,NA,NA,p.Cys112Asp,0.419839971536557,0.106441268343953,16,0.588007943876428,0.096,0.936,patho.support,112
urn:mavedb:00001217-a-3#614,NA,NA,p.Cys112Gln,0.649056516206357,0.0374317917389532,16,0.0566942336314024,-0.052,0.205,undetermined,112
urn:mavedb:00001217-a-3#615,NA,NA,p.Cys112Glu,0.135141920770138,0.149131025744936,16,0.782968921913443,0.569,0.937,patho.moderate,112
urn:mavedb:00001217-a-3#616,NA,NA,p.Cys112Gly,0.966247284134109,0.0689007410068548,40,-0.297023537611782,-0.38,-0.18,undetermined,112
urn:mavedb:00001217-a-3#617,NA,NA,p.Cys112His,0.97594356619248,0.0668690082354771,16,-0.304822682422976,-0.383,-0.192,undetermined,112
urn:mavedb:00001217-a-3#618,NA,NA,p.Cys112Ile,-0.144318635203479,0.209268825564904,16,0.651185450789477,0.328,0.9,patho.moderate,112
urn:mavedb:00001217-a-3#619,NA,NA,p.Cys112Leu,-0.272703612697619,0.226760292669625,40,0.634936865218015,0.0,0.817,patho.support,112
urn:mavedb:00001217-a-3#620,NA,NA,p.Cys112Lys,0.886836167373833,0.0313972411868026,16,-0.231150292753543,-0.283,-0.17,undetermined,112
urn:mavedb:00001217-a-3#621,NA,NA,p.Cys112Met,0.960840227808605,0.0189691219640573,16,-0.292796253217785,-0.321,-0.263,undetermined,112
urn:mavedb:00001217-a-3#622,NA,NA,p.Cys112Phe,0.753832237922171,0.419339426830946,32,-0.0926799171152339,-0.622,0.92,undetermined,112
urn:mavedb:00001217-a-3#623,NA,NA,p.Cys112Pro,0.74610674580083,0.116465192113721,32,-0.0834208313470656,-0.308,0.355,undetermined,112
urn:mavedb:00001217-a-3#624,NA,NA,p.Cys112Ser,1.00443778367331,0.0480613504334771,48,-0.326251753379184,-0.378,-0.253,benign.support,112
urn:mavedb:00001217-a-3#625,NA,NA,p.Cys112Ter,0.826557831258877,0.226642540101579,32,NA,NA,NA,NA,112
urn:mavedb:00001217-a-3#626,NA,NA,p.Cys112Thr,1.05391344058568,0.040602851179369,24,-0.360279108997808,-0.393,-0.302,benign.support,112
urn:mavedb:00001217-a-3#627,NA,NA,p.Cys112Trp,0.247285374740214,0.202177724470409,16,0.920004382892104,0.071,0.938,patho.moderate,112
urn:mavedb:00001217-a-3#628,NA,NA,p.Cys112Tyr,-0.0969421319944341,0.210585804863237,16,0.650077983828477,0.414,0.912,patho.moderate,112
urn:mavedb:00001217-a-3#629,NA,NA,p.Cys112Val,-0.085525964467039,0.238504441039251,32,0.650019923017626,0.294,0.921,patho.moderate,112
urn:mavedb:00001217-a-3#630,NA,NA,p.Cys147=,0.931827494415134,0.0726037956314899,16,NA,NA,NA,NA,147
urn:mavedb:00001217-a-3#631,NA,NA,p.Cys147Ala,0.882433308877688,0.0652260482726148,32,-0.22739569460218,-0.332,-0.095,undetermined,147
urn:mavedb:00001217-a-3#632,NA,NA,p.Cys147Arg,0.402490264513128,0.150235111102734,48,0.634114800835384,-0.016,0.937,patho.moderate,147
urn:mavedb:00001217-a-3#633,NA,NA,p.Cys147Asn,0.267177985952886,0.0516522976426065,16,0.9359418924415,0.738,0.941,patho.moderate,147
urn:mavedb:00001217-a-3#634,NA,NA,p.Cys147Asp,0.445165822723281,0.120617778643173,16,0.527927244097493,0.002,0.935,patho.support,147
urn:mavedb:00001217-a-3#635,NA,NA,p.Cys147Gln,1.10629564456682,0.0230440645953557,16,-0.381513866793852,-0.401,-0.363,benign.support,147
urn:mavedb:00001217-a-3#636,NA,NA,p.Cys147Glu,1.03679790741719,0.0104787808159327,16,-0.34984886834282,-0.362,-0.334,benign.support,147
urn:mavedb:00001217-a-3#637,NA,NA,p.Cys147Gly,0.877107084813879,0.0511399048687026,32,-0.222722892990518,-0.306,-0.117,undetermined,147
urn:mavedb:00001217-a-3#638,NA,NA,p.Cys147His,0.838177781693393,0.0258501013978861,16,-0.185088374638488,-0.233,-0.131,undetermined,147
urn:mavedb:00001217-a-3#639,NA,NA,p.Cys147Ile,1.07190712811501,0.0400325971164066,16,-0.367277184181031,-0.4,-0.318,benign.support,147
urn:mavedb:00001217-a-3#640,NA,NA,p.Cys147Leu,0.838259736048796,0.117616466164928,48,-0.185175678262174,-0.367,0.123,undetermined,147
urn:mavedb:00001217-a-3#641,NA,NA,p.Cys147Lys,0.555984397001554,0.0439151474134257,16,0.250007596031266,0.071,0.475,undetermined,147
urn:mavedb:00001217-a-3#642,NA,NA,p.Cys147Met,0.862247393210069,0.0134003628018732,16,-0.20932836202643,-0.233,-0.182,undetermined,147
urn:mavedb:00001217-a-3#643,NA,NA,p.Cys147Phe,0.966047048180126,0.0159370337604492,16,-0.296865476229066,-0.321,-0.272,undetermined,147
urn:mavedb:00001217-a-3#644,NA,NA,p.Cys147Pro,0.0321489089259775,0.232632669781375,24,0.691933181044568,0.349,0.933,patho.moderate,147
urn:mavedb:00001217-a-3#645,NA,NA,p.Cys147Ser,1.014288345883,0.0396357308498137,48,-0.333174375213017,-0.376,-0.275,benign.support,147
urn:mavedb:00001217-a-3#646,NA,NA,p.Cys147Ter,0.308036678905641,0.236909438773649,32,NA,NA,NA,NA,147
urn:mavedb:00001217-a-3#647,NA,NA,p.Cys147Thr,1.09188439021311,0.0667562698922761,32,-0.375189383140851,-0.452,-0.294,benign.support,147
urn:mavedb:00001217-a-3#648,NA,NA,p.Cys147Trp,1.01015787007236,0.0087357504904365,16,-0.330236008318479,-0.343,-0.318,benign.support,147
urn:mavedb:00001217-a-3#649,NA,NA,p.Cys147Tyr,0.918523881853261,0.0276482782264616,16,-0.258884290913018,-0.303,-0.212,undetermined,147
urn:mavedb:00001217-a-3#650,NA,NA,p.Cys147Val,0.927359693908363,0.0729105040053979,32,-0.266239627269681,-0.367,-0.126,undetermined,147
urn:mavedb:00001217-a-3#651,NA,NA,p.Cys58=,0.966254942160332,0.0529586025176572,16,NA,NA,NA,NA,58
urn:mavedb:00001217-a-3#652,NA,NA,p.Cys58Ala,0.950659657015311,0.170142953017945,24,-0.284841621098679,-0.526,0.118,undetermined,58
urn:mavedb:00001217-a-3#653,NA,NA,p.Cys58Arg,0.692601569478647,0.515487860507177,8,-0.0123743159228962,-0.611,0.922,undetermined,58
urn:mavedb:00001217-a-3#654,NA,NA,p.Cys58Glu,1.09628808542908,0.0331562867144645,16,-0.377061004799478,-0.405,-0.346,benign.support,58
urn:mavedb:00001217-a-3#655,NA,NA,p.Cys58Gly,0.878517925376902,0.0440544280522182,32,-0.22397748255404,-0.297,-0.137,undetermined,58
urn:mavedb:00001217-a-3#656,NA,NA,p.Cys58Ile,0.997410269121807,0.0228110331979711,8,-0.320995517139592,-0.354,-0.287,benign.support,58
urn:mavedb:00001217-a-3#657,NA,NA,p.Cys58Leu,0.627047549448427,0.231170244386269,24,0.0955290645150218,-0.371,0.92,undetermined,58
urn:mavedb:00001217-a-3#658,NA,NA,p.Cys58Met,0.757006553687218,0.0133394779732355,8,-0.0964398099123935,-0.127,-0.063,undetermined,58
urn:mavedb:00001217-a-3#659,NA,NA,p.Cys58Phe,1.03522238054348,0.0161314078154122,16,-0.348683108284822,-0.365,-0.325,benign.support,58
urn:mavedb:00001217-a-3#660,NA,NA,p.Cys58Ser,1.03296216386337,0.0502575652712651,24,-0.347028164363976,-0.393,-0.271,benign.support,58
urn:mavedb:00001217-a-3#661,NA,NA,p.Cys58Ter,0.317288503464533,0.481776646175108,32,NA,NA,NA,NA,58
urn:mavedb:00001217-a-3#662,NA,NA,p.Cys58Trp,0.836864163157182,0.0163112990934137,16,-0.183689929641227,-0.216,-0.15,undetermined,58
urn:mavedb:00001217-a-3#663,NA,NA,p.Cys58Tyr,0.859823759450637,0.116199947351939,16,-0.207113929936718,-0.372,0.077,undetermined,58
urn:mavedb:00001217-a-3#664,NA,NA,p.Cys58Val,1.05915214163313,0.0728836667591013,8,-0.362529356031387,-0.433,-0.255,benign.support,58
urn:mavedb:00001217-a-3#665,NA,NA,p.Cys7=,1.14369697031866,0.0276345961479024,16,NA,NA,NA,NA,7
urn:mavedb:00001217-a-3#666,NA,NA,p.Cys7Ala,0.881675858704666,0.0734315101742076,24,-0.226752519233487,-0.34,-0.072,undetermined,7
urn:mavedb:00001217-a-3#667,NA,NA,p.Cys7Arg,0.560106122802267,0.445511133593316,64,0.239519694420521,-0.521,0.928,undetermined,7
urn:mavedb:00001217-a-3#668,NA,NA,p.Cys7Asn,-0.160042133143978,0.226709167753408,16,0.651857907248189,0.166,0.901,patho.moderate,7
urn:mavedb:00001217-a-3#669,NA,NA,p.Cys7Asp,0.493940857455487,0.0827881288319996,16,0.411274574354631,0.047,0.834,patho.support,7
urn:mavedb:00001217-a-3#670,NA,NA,p.Cys7Gln,-0.250959442978803,0.217308005816681,16,0.637951623147035,0.0,0.821,patho.moderate,7
urn:mavedb:00001217-a-3#671,NA,NA,p.Cys7Glu,0.268309258857037,0.127592380392755,16,0.936865316651633,0.349,0.939,patho.moderate,7
urn:mavedb:00001217-a-3#672,NA,NA,p.Cys7Gly,0.0256827995211482,0.193270614385298,32,0.688480502254251,0.54,0.931,patho.moderate,7
urn:mavedb:00001217-a-3#673,NA,NA,p.Cys7Ile,-0.41286519381938,0.223550735227974,16,0.565324778691052,0.0,0.687,patho.support,7
urn:mavedb:00001217-a-3#674,NA,NA,p.Cys7Leu,-0.179307912608889,0.272869630322734,48,0.653535418314502,0.0,0.91,patho.moderate,7
urn:mavedb:00001217-a-3#675,NA,NA,p.Cys7Lys,-0.281002698676888,0.225516480655731,16,0.634624756658577,0.0,0.802,patho.support,7
urn:mavedb:00001217-a-3#676,NA,NA,p.Cys7Met,-0.44225161298664,0.223629871449072,16,0.530940272120353,0.0,0.665,patho.support,7
urn:mavedb:00001217-a-3#677,NA,NA,p.Cys7Phe,0.964764889613793,0.210944874207405,32,-0.295856182922664,-0.61,0.26,undetermined,7
urn:mavedb:00001217-a-3#678,NA,NA,p.Cys7Pro,-0.344652584978686,0.233654447213366,32,0.635282054917223,0.0,0.745,patho.support,7
urn:mavedb:00001217-a-3#679,NA,NA,p.Cys7Ser,0.89239091150803,0.0823892693533587,64,-0.235929424229323,-0.359,-0.067,undetermined,7
urn:mavedb:00001217-a-3#680,NA,NA,p.Cys7Ter,0.995746442823652,0.235787556130551,32,NA,NA,NA,NA,7
urn:mavedb:00001217-a-3#681,NA,NA,p.Cys7Thr,0.685682385565368,0.13142339105234,32,-0.0021152533081931,-0.278,0.575,undetermined,7
urn:mavedb:00001217-a-3#682,NA,NA,p.Cys7Trp,-0.154837828172809,0.25589942125548,16,0.651463734220277,0.0,0.911,patho.moderate,7
urn:mavedb:00001217-a-3#683,NA,NA,p.Cys7Tyr,-0.267727100599343,0.195022234934843,24,0.635632935137613,0.0,0.752,patho.support,7
urn:mavedb:00001217-a-3#684,NA,NA,p.Cys7Val,0.741100945908069,0.161469476555764,32,-0.0771422879497494,-0.362,0.586,undetermined,7
urn:mavedb:00001217-a-3#685,NA,NA,p.Gln16=,1.14915687784987,0.17056971661976,8,NA,NA,NA,NA,16
urn:mavedb:00001217-a-3#686,NA,NA,p.Gln16Ala,0.948412068321665,0.119083584233475,32,-0.283052590927115,-0.42,-0.034,undetermined,16
urn:mavedb:00001217-a-3#687,NA,NA,p.Gln16Arg,1.02127088040608,0.0883342706954081,48,-0.338278066358398,-0.425,-0.2,benign.support,16
urn:mavedb:00001217-a-3#688,NA,NA,p.Gln16Asn,0.992079043151549,0.0187017155163615,16,-0.316894725289941,-0.344,-0.289,undetermined,16
urn:mavedb:00001217-a-3#689,NA,NA,p.Gln16Asp,1.15447429377531,0.0201413598206,16,-0.402458310846475,-0.426,-0.386,benign.support,16
urn:mavedb:00001217-a-3#690,NA,NA,p.Gln16Cys,0.590321376549443,0.0724196410774565,16,0.167581596554643,-0.067,0.513,undetermined,16
urn:mavedb:00001217-a-3#691,NA,NA,p.Gln16Glu,0.988761770985594,0.0127261238548296,16,-0.314391130663785,-0.333,-0.295,undetermined,16
urn:mavedb:00001217-a-3#692,NA,NA,p.Gln16Gly,0.819967691834601,0.107024358793704,32,-0.165816266308012,-0.343,0.124,undetermined,16
urn:mavedb:00001217-a-3#693,NA,NA,p.Gln16His,1.00365939248587,0.056147239385729,32,-0.325673102398581,-0.385,-0.237,benign.support,16
urn:mavedb:00001217-a-3#694,NA,NA,p.Gln16Leu,0.955242351107353,0.036209378459541,48,-0.288505018589698,-0.342,-0.23,undetermined,16
urn:mavedb:00001217-a-3#695,NA,NA,p.Gln16Lys,1.04725888351961,0.0158282440872715,16,-0.356597910887429,-0.37,-0.334,benign.support,16
urn:mavedb:00001217-a-3#696,NA,NA,p.Gln16Met,1.10073230114424,0.0161227053858305,16,-0.379002861538467,-0.393,-0.366,benign.support,16
urn:mavedb:00001217-a-3#697,NA,NA,p.Gln16Phe,1.10759720851597,0.0133679372097763,16,-0.382114872464163,-0.394,-0.371,benign.support,16
urn:mavedb:00001217-a-3#698,NA,NA,p.Gln16Pro,0.59855203028256,0.289129575214744,32,0.149916245422749,-0.404,0.928,undetermined,16
urn:mavedb:00001217-a-3#699,NA,NA,p.Gln16Ser,1.02703344737045,0.10032493444831,48,-0.342628871700765,-0.458,-0.177,benign.support,16
urn:mavedb:00001217-a-3#700,NA,NA,p.Gln16Ter,-0.666403423736424,0.242626475173224,16,NA,NA,NA,NA,16
urn:mavedb:00001217-a-3#701,NA,NA,p.Gln16Thr,1.18137040280444,0.0922786814687888,32,-0.416721307644858,-0.665,-0.319,benign.support,16
urn:mavedb:00001217-a-3#702,NA,NA,p.Gln16Trp,1.03487188187899,0.0295277452514142,16,-0.348425136551736,-0.375,-0.305,benign.support,16
urn:mavedb:00001217-a-3#703,NA,NA,p.Gln16Tyr,0.827478004990439,0.122297726707785,16,-0.173740135638731,-0.364,0.176,undetermined,16
urn:mavedb:00001217-a-3#704,NA,NA,p.Gln16Val,0.967084554601,0.109413916056143,32,-0.297685756972824,-0.417,-0.094,undetermined,16
urn:mavedb:00001217-a-3#705,NA,NA,p.Gln23Ala,0.476726856472204,0.122028480690486,32,0.456901255958366,-0.045,0.931,patho.support,23
urn:mavedb:00001217-a-3#706,NA,NA,p.Gln23Arg,-0.29341297363274,0.294269407047271,40,0.634601755943959,0.0,0.879,patho.support,23
urn:mavedb:00001217-a-3#707,NA,NA,p.Gln23Asp,-0.155827596177933,0.226161890868187,16,0.651536845914887,0.184,0.907,patho.moderate,23
urn:mavedb:00001217-a-3#708,NA,NA,p.Gln23Cys,-0.16647610679904,0.319416720429271,8,0.652379084540146,0.0,0.918,patho.moderate,23
urn:mavedb:00001217-a-3#709,NA,NA,p.Gln23Glu,0.582341148853079,0.0960794468922858,16,0.185773179107043,-0.111,0.671,undetermined,23
urn:mavedb:00001217-a-3#710,NA,NA,p.Gln23Gly,-0.34727350995417,0.226340004400963,24,0.635355115451425,0.0,0.74,patho.support,23
urn:mavedb:00001217-a-3#711,NA,NA,p.Gln23His,0.868900102772308,0.0494763022482065,32,-0.215441918816985,-0.296,-0.115,undetermined,23
urn:mavedb:00001217-a-3#712,NA,NA,p.Gln23Leu,-0.504893881594717,0.273703348865948,48,0.43466645807424,0.0,0.685,patho.support,23
urn:mavedb:00001217-a-3#713,NA,NA,p.Gln23Lys,0.93126192407823,0.0258521605839067,16,-0.269449985710161,-0.31,-0.226,undetermined,23
urn:mavedb:00001217-a-3#714,NA,NA,p.Gln23Met,0.632615117025783,0.110408434286032,16,0.0854053361267606,-0.194,0.61,undetermined,23
urn:mavedb:00001217-a-3#715,NA,NA,p.Gln23Phe,-0.495877010194169,0.315401557375504,8,0.450142933333856,0.0,0.743,patho.support,23
urn:mavedb:00001217-a-3#716,NA,NA,p.Gln23Pro,0.349348952027924,0.236462130836536,32,0.787813360527751,-0.159,0.936,patho.moderate,23
urn:mavedb:00001217-a-3#717,NA,NA,p.Gln23Ser,0.657098173383208,0.254393397373364,40,0.0431515885182307,-0.395,0.921,undetermined,23
urn:mavedb:00001217-a-3#718,NA,NA,p.Gln23Ter,-0.447906456888261,0.0702404052684587,16,NA,NA,NA,NA,23
urn:mavedb:00001217-a-3#719,NA,NA,p.Gln23Thr,0.441377882174918,0.0907886832507911,24,0.537018222701166,0.108,0.93,patho.support,23
urn:mavedb:00001217-a-3#720,NA,NA,p.Gln23Trp,-0.253730796452729,0.319085590301355,8,0.637570542586574,0.0,0.904,patho.moderate,23
urn:mavedb:00001217-a-3#721,NA,NA,p.Gln23Tyr,0.142396891330646,0.226195471565319,16,0.79231409611883,0.158,0.935,patho.moderate,23
urn:mavedb:00001217-a-3#722,NA,NA,p.Gln23Val,-0.245195712063781,0.221152159490718,16,0.638742434979323,0.0,0.842,patho.moderate,23
urn:mavedb:00001217-a-3#723,NA,NA,p.Glu101=,0.870032896936785,0.0230065799123797,16,NA,NA,NA,NA,101
urn:mavedb:00001217-a-3#724,NA,NA,p.Glu101Ala,0.808362906947155,0.027080353578314,24,-0.153593757475118,-0.208,-0.093,undetermined,101
urn:mavedb:00001217-a-3#725,NA,NA,p.Glu101Arg,0.938489071850479,0.227681656381411,48,-0.275306746358137,-0.613,0.41,undetermined,101
urn:mavedb:00001217-a-3#726,NA,NA,p.Glu101Asp,0.670975773871625,0.109953244991586,16,0.0206085820967732,-0.23,0.51,undetermined,101
urn:mavedb:00001217-a-3#727,NA,NA,p.Glu101Cys,0.809832399101046,0.0552478091403156,16,-0.155141876448197,-0.259,-0.028,undetermined,101
urn:mavedb:00001217-a-3#728,NA,NA,p.Glu101Gly,0.41137690769808,0.292997774216708,48,0.609392415407441,-0.318,0.935,patho.support,101
urn:mavedb:00001217-a-3#729,NA,NA,p.Glu101Ile,0.581156599884353,0.131409180730815,16,0.188573151005794,-0.187,0.859,undetermined,101
urn:mavedb:00001217-a-3#730,NA,NA,p.Glu101Leu,0.950803465306972,0.141590300825892,32,-0.28495655006613,-0.46,0.018,undetermined,101
urn:mavedb:00001217-a-3#731,NA,NA,p.Glu101Lys,0.961107564049517,0.0565666339119431,16,-0.293003306658315,-0.368,-0.198,undetermined,101
urn:mavedb:00001217-a-3#732,NA,NA,p.Glu101Met,0.951202803723514,0.0242873626782607,16,-0.285275988527995,-0.323,-0.246,undetermined,101
urn:mavedb:00001217-a-3#733,NA,NA,p.Glu101Phe,1.11123760344214,0.0126990606230625,16,-0.383824482919072,-0.395,-0.373,benign.support,101
urn:mavedb:00001217-a-3#734,NA,NA,p.Glu101Pro,-0.133983662216171,0.249726698615693,32,0.651772849533168,0.068,0.913,patho.moderate,101
urn:mavedb:00001217-a-3#735,NA,NA,p.Glu101Ser,0.982726507696329,0.159516892103405,40,-0.309924933748426,-0.547,0.023,undetermined,101
urn:mavedb:00001217-a-3#736,NA,NA,p.Glu101Ter,0.444925121781497,0.258549045190168,24,NA,NA,NA,NA,101
urn:mavedb:00001217-a-3#737,NA,NA,p.Glu101Thr,0.364251735657523,0.23058447353456,16,0.748747106803869,-0.16,0.937,patho.moderate,101
urn:mavedb:00001217-a-3#738,NA,NA,p.Glu101Trp,0.645514813697246,0.146402760403678,16,0.0628785658924763,-0.27,0.758,undetermined,101
urn:mavedb:00001217-a-3#739,NA,NA,p.Glu101Tyr,0.597135246111316,0.175244820366818,16,0.152910566301453,-0.271,0.913,undetermined,101
urn:mavedb:00001217-a-3#740,NA,NA,p.Glu101Val,0.966678490435744,0.103487327016588,40,-0.297364327607904,-0.408,-0.103,undetermined,101
urn:mavedb:00001217-a-3#741,NA,NA,p.Glu122=,0.94489476910334,0.027312405902952,16,NA,NA,NA,NA,122
urn:mavedb:00001217-a-3#742,NA,NA,p.Glu122Ala,1.03073883709596,0.0657701473529669,48,-0.345419756671379,-0.404,-0.244,benign.support,122
urn:mavedb:00001217-a-3#743,NA,NA,p.Glu122Arg,0.914586496911855,0.0846256644652289,48,-0.255476798769609,-0.37,-0.082,undetermined,122
urn:mavedb:00001217-a-3#744,NA,NA,p.Glu122Asn,0.888756015735261,0.0114908795364517,16,-0.232796491700768,-0.252,-0.213,undetermined,122
urn:mavedb:00001217-a-3#745,NA,NA,p.Glu122Asp,0.925112268499977,0.0186663579943453,16,-0.264351670646541,-0.293,-0.233,undetermined,122
urn:mavedb:00001217-a-3#746,NA,NA,p.Glu122Cys,0.816809887426461,0.0086030430219191,16,-0.162489796202167,-0.18,-0.145,undetermined,122
urn:mavedb:00001217-a-3#747,NA,NA,p.Glu122Gln,0.647409122870091,0.138300534997673,16,0.05955318283122,-0.261,0.704,undetermined,122
urn:mavedb:00001217-a-3#748,NA,NA,p.Glu122Gly,0.935445462019108,0.0379785321080057,48,-0.272825933400926,-0.329,-0.208,undetermined,122
urn:mavedb:00001217-a-3#749,NA,NA,p.Glu122His,0.774424353720635,0.0555936343803422,16,-0.116513252896915,-0.23,0.031,undetermined,122
urn:mavedb:00001217-a-3#750,NA,NA,p.Glu122Ile,-0.25345507576063,0.225956758689947,16,0.637608485448405,0.0,0.839,patho.moderate,122
urn:mavedb:00001217-a-3#751,NA,NA,p.Glu122Leu,0.762697021561219,0.121216853319458,48,-0.103129395773119,-0.325,0.328,undetermined,122
urn:mavedb:00001217-a-3#752,NA,NA,p.Glu122Lys,0.971961854353356,0.117667632366769,32,-0.301586132740514,-0.437,-0.085,undetermined,122
urn:mavedb:00001217-a-3#753,NA,NA,p.Glu122Met,0.819119453589374,0.0733277599527827,16,-0.164922532305447,-0.295,0.016,undetermined,122
urn:mavedb:00001217-a-3#754,NA,NA,p.Glu122Phe,0.235652756875605,0.0727588633507419,16,0.910488222603139,0.691,0.941,patho.moderate,122
urn:mavedb:00001217-a-3#755,NA,NA,p.Glu122Pro,-0.203561536189971,0.245480784589869,32,0.64750487090865,0.0,0.893,patho.moderate,122
urn:mavedb:00001217-a-3#756,NA,NA,p.Glu122Ser,0.982391578201234,0.0532429646572603,48,-0.30968029368787,-0.373,-0.223,undetermined,122
urn:mavedb:00001217-a-3#757,NA,NA,p.Glu122Ter,0.550950056799674,0.225445137624341,32,NA,NA,NA,NA,122
urn:mavedb:00001217-a-3#758,NA,NA,p.Glu122Thr,0.821287726370826,0.0891953608879385,32,-0.167207467677093,-0.318,0.067,undetermined,122
urn:mavedb:00001217-a-3#759,NA,NA,p.Glu122Trp,-0.124048366407337,0.227934956378648,16,0.652580632748207,0.259,0.915,patho.moderate,122
urn:mavedb:00001217-a-3#760,NA,NA,p.Glu122Tyr,0.752948676378868,0.0485671321993028,16,-0.0916294372952583,-0.197,0.039,undetermined,122
urn:mavedb:00001217-a-3#761,NA,NA,p.Glu122Val,0.446553698548456,0.142198752412674,32,0.524735174217323,-0.058,0.935,patho.support,122
urn:mavedb:00001217-a-3#762,NA,NA,p.Glu133=,1.00412319851003,0.0135736074029633,16,NA,NA,NA,NA,133
urn:mavedb:00001217-a-3#763,NA,NA,p.Glu133Ala,1.00547981266963,0.0410058279453406,48,-0.326975782575653,-0.372,-0.266,benign.support,133
urn:mavedb:00001217-a-3#764,NA,NA,p.Glu133Arg,0.978766177142641,0.0493494346737688,40,-0.306996299326988,-0.369,-0.227,undetermined,133
urn:mavedb:00001217-a-3#765,NA,NA,p.Glu133Asn,0.443575742981466,0.0267341683468533,8,0.53169832752484,0.408,0.664,patho.support,133
urn:mavedb:00001217-a-3#766,NA,NA,p.Glu133Asp,1.02514674367976,0.0149082349831748,16,-0.34118991357555,-0.361,-0.32,benign.support,133
urn:mavedb:00001217-a-3#767,NA,NA,p.Glu133Cys,0.842737286980539,0.0965988462488694,16,-0.189956531783246,-0.347,0.045,undetermined,133
urn:mavedb:00001217-a-3#768,NA,NA,p.Glu133Gln,0.888259962471622,0.0316628216077061,16,-0.232370596298484,-0.283,-0.173,undetermined,133
urn:mavedb:00001217-a-3#769,NA,NA,p.Glu133Gly,0.877350687517946,0.0393571429354641,48,-0.222939313033543,-0.288,-0.147,undetermined,133
urn:mavedb:00001217-a-3#770,NA,NA,p.Glu133His,1.01702033629169,0.015561410041555,16,-0.335150231117496,-0.357,-0.312,benign.support,133
urn:mavedb:00001217-a-3#771,NA,NA,p.Glu133Ile,0.675126459734186,0.269480456137557,8,0.0140902119356211,-0.427,0.919,undetermined,133
urn:mavedb:00001217-a-3#772,NA,NA,p.Glu133Leu,0.983761184985283,0.0902805983739531,48,-0.310682773006433,-0.404,-0.154,undetermined,133
urn:mavedb:00001217-a-3#773,NA,NA,p.Glu133Lys,0.507482313372756,0.154570859198235,24,0.373856361500625,-0.148,0.93,patho.support,133
urn:mavedb:00001217-a-3#774,NA,NA,p.Glu133Met,0.559122150138906,0.13060403539741,16,0.242008805119406,-0.156,0.885,undetermined,133
urn:mavedb:00001217-a-3#775,NA,NA,p.Glu133Phe,0.860827819249371,0.0859135066829925,16,-0.208030561623114,-0.344,-0.011,undetermined,133
urn:mavedb:00001217-a-3#776,NA,NA,p.Glu133Pro,1.02601808519924,0.0217635577302144,32,-0.341852684336318,-0.366,-0.311,benign.support,133
urn:mavedb:00001217-a-3#777,NA,NA,p.Glu133Ser,1.03784688124288,0.0403633158751659,48,-0.350598191785488,-0.386,-0.292,benign.support,133
urn:mavedb:00001217-a-3#778,NA,NA,p.Glu133Ter,0.401914601882948,0.220948668986948,24,NA,NA,NA,NA,133
urn:mavedb:00001217-a-3#779,NA,NA,p.Glu133Thr,0.887181202129171,0.0503186754811316,32,-0.231445728952408,-0.312,-0.132,undetermined,133
urn:mavedb:00001217-a-3#780,NA,NA,p.Glu133Trp,1.05540642033738,0.0289135318998962,16,-0.360975728730955,-0.385,-0.322,benign.support,133
urn:mavedb:00001217-a-3#781,NA,NA,p.Glu133Tyr,1.024770645412,0.0180870324702536,16,-0.340904779511344,-0.363,-0.315,benign.support,133
urn:mavedb:00001217-a-3#782,NA,NA,p.Glu133Val,1.00060756209179,0.0264839771766614,32,-0.323424239383761,-0.36,-0.283,benign.support,133
urn:mavedb:00001217-a-3#783,NA,NA,p.Glu134=,0.631863653324546,0.106869268785639,16,NA,NA,NA,NA,134
urn:mavedb:00001217-a-3#784,NA,NA,p.Glu134Ala,0.874131662432079,0.02698931054753,8,-0.220086100245876,-0.266,-0.166,undetermined,134
urn:mavedb:00001217-a-3#785,NA,NA,p.Glu134Asp,0.862892882414127,0.150297143786164,24,-0.209919215140469,-0.407,0.229,undetermined,134
urn:mavedb:00001217-a-3#786,NA,NA,p.Glu134Cys,1.07083411593196,0.0224171685824039,16,-0.366876157963208,-0.385,-0.343,benign.support,134
urn:mavedb:00001217-a-3#787,NA,NA,p.Glu134Gln,0.9718167761046,0.111180244333188,16,-0.301469033067251,-0.423,-0.093,undetermined,134
urn:mavedb:00001217-a-3#788,NA,NA,p.Glu134Gly,1.05373618611987,0.187853662623869,32,-0.360195116848482,-0.654,0.0,benign.support,134
urn:mavedb:00001217-a-3#789,NA,NA,p.Glu134Ile,0.560435686603433,0.311697873698463,8,0.238691893601115,-0.405,0.932,undetermined,134
urn:mavedb:00001217-a-3#790,NA,NA,p.Glu134Leu,0.287374848463209,0.335333987980474,8,0.933495193958116,-0.287,0.935,patho.moderate,134
urn:mavedb:00001217-a-3#791,NA,NA,p.Glu134Lys,0.667661406036089,0.32063585231028,32,0.0258049509348633,-0.483,0.925,undetermined,134
urn:mavedb:00001217-a-3#792,NA,NA,p.Glu134Trp,1.19857397537517,0.0404382737973788,16,-0.429643740457751,-0.534,-0.387,benign.support,134
urn:mavedb:00001217-a-3#793,NA,NA,p.Glu134Val,0.713821662445902,0.12519433575652,32,-0.0414927670603126,-0.292,0.471,undetermined,134
urn:mavedb:00001217-a-3#794,NA,NA,p.Glu22Ala,0.882391734761171,0.0799744080723163,32,-0.227360372466573,-0.351,-0.054,undetermined,22
urn:mavedb:00001217-a-3#795,NA,NA,p.Glu22Arg,0.637058265366758,0.0993062058614865,40,0.077557683570769,-0.174,0.531,undetermined,22
urn:mavedb:00001217-a-3#796,NA,NA,p.Glu22Asp,0.901017677924226,0.0132612154645504,16,-0.24345816012277,-0.266,-0.221,undetermined,22
urn:mavedb:00001217-a-3#797,NA,NA,p.Glu22Cys,0.750347950914441,0.0470035324068163,16,-0.0885268995883514,-0.189,0.044,undetermined,22
urn:mavedb:00001217-a-3#798,NA,NA,p.Glu22Gln,0.736739781099943,0.0570302309032303,16,-0.0716136078813775,-0.196,0.097,undetermined,22
urn:mavedb:00001217-a-3#799,NA,NA,p.Glu22Gly,0.448557905868079,0.176662414776563,32,0.519930665829415,-0.144,0.935,patho.support,22
urn:mavedb:00001217-a-3#800,NA,NA,p.Glu22Ile,1.02822539153765,0.0234625607584886,16,-0.343545431816524,-0.368,-0.31,benign.support,22
urn:mavedb:00001217-a-3#801,NA,NA,p.Glu22Leu,1.00689677023028,0.0988095244044768,32,-0.327955935287472,-0.436,-0.155,benign.support,22
urn:mavedb:00001217-a-3#802,NA,NA,p.Glu22Lys,0.703206794936187,0.0554922993826319,16,-0.0272756748146601,-0.159,0.16,undetermined,22
urn:mavedb:00001217-a-3#803,NA,NA,p.Glu22Met,0.906983265278687,0.0289268093950577,16,-0.248750717958559,-0.295,-0.199,undetermined,22
urn:mavedb:00001217-a-3#804,NA,NA,p.Glu22Pro,-0.271934131333317,0.229532510174317,32,0.635044794334249,0.0,0.824,patho.support,22
urn:mavedb:00001217-a-3#805,NA,NA,p.Glu22Ser,0.865359445701123,0.0507917644541623,48,-0.212181440070594,-0.295,-0.109,undetermined,22
urn:mavedb:00001217-a-3#806,NA,NA,p.Glu22Ter,0.540321125651993,0.160423348134181,16,NA,NA,NA,NA,22
urn:mavedb:00001217-a-3#807,NA,NA,p.Glu22Thr,0.831010033911844,0.13506055034773,32,-0.177476562437583,-0.375,0.215,undetermined,22
urn:mavedb:00001217-a-3#808,NA,NA,p.Glu22Trp,0.895923947528282,0.0112205992658207,16,-0.238996138317641,-0.258,-0.22,undetermined,22
urn:mavedb:00001217-a-3#809,NA,NA,p.Glu22Tyr,0.746137286569059,0.0314014558447746,16,-0.0834589318208666,-0.153,0.0,undetermined,22
urn:mavedb:00001217-a-3#810,NA,NA,p.Glu22Val,0.772334679864599,0.100155399689701,32,-0.114187553305333,-0.301,0.197,undetermined,22
urn:mavedb:00001217-a-3#811,NA,NA,p.Glu25=,0.878444934916831,0.158247029066107,16,NA,NA,NA,NA,25
urn:mavedb:00001217-a-3#812,NA,NA,p.Glu25Ala,0.911713749251436,0.113449795384274,32,-0.253003755187646,-0.395,-0.007,undetermined,25
urn:mavedb:00001217-a-3#813,NA,NA,p.Glu25Arg,0.435054401972034,0.229225871079704,32,0.552371124336881,-0.227,0.935,patho.support,25
urn:mavedb:00001217-a-3#814,NA,NA,p.Glu25Asn,0.916519313760575,0.028933485465624,16,-0.257148128658824,-0.302,-0.206,undetermined,25
urn:mavedb:00001217-a-3#815,NA,NA,p.Glu25Asp,0.94618294760231,0.0633322059772119,8,-0.281291342087377,-0.366,-0.168,undetermined,25
urn:mavedb:00001217-a-3#816,NA,NA,p.Glu25Cys,0.484921343693075,0.292284989352188,8,0.435994713417236,-0.355,0.933,patho.support,25
urn:mavedb:00001217-a-3#817,NA,NA,p.Glu25Gly,0.814572060923523,0.177876232043652,48,-0.160133226455997,-0.405,0.493,undetermined,25
urn:mavedb:00001217-a-3#818,NA,NA,p.Glu25Leu,0.365515638665676,0.236448034573899,16,0.745187561122366,-0.166,0.936,patho.moderate,25
urn:mavedb:00001217-a-3#819,NA,NA,p.Glu25Phe,0.769400443058361,0.107875289278629,16,-0.110911601870671,-0.308,0.247,undetermined,25
urn:mavedb:00001217-a-3#820,NA,NA,p.Glu25Pro,0.24473313133819,0.19337258617053,16,0.917847707958819,0.114,0.938,patho.moderate,25
urn:mavedb:00001217-a-3#821,NA,NA,p.Glu25Ter,0.849725315320594,0.235985255011168,16,NA,NA,NA,NA,25
urn:mavedb:00001217-a-3#822,NA,NA,p.Glu25Trp,-0.128157627716828,0.31978764169152,8,0.652127465018926,0.0,0.924,patho.moderate,25
urn:mavedb:00001217-a-3#823,NA,NA,p.Glu25Tyr,0.712245790506857,0.159831381701207,16,-0.0393836654345702,-0.336,0.622,undetermined,25
urn:mavedb:00001217-a-3#824,NA,NA,p.Glu25Val,0.509175172056925,0.161801749176244,24,0.369295673148924,-0.169,0.932,patho.support,25
urn:mavedb:00001217-a-3#825,NA,NA,p.Glu41=,0.957815324534985,0.191378644263985,16,NA,NA,NA,NA,41
urn:mavedb:00001217-a-3#826,NA,NA,p.Glu41Ala,0.998852716663728,0.0849445028790581,32,-0.322122148362562,-0.407,-0.182,benign.support,41
urn:mavedb:00001217-a-3#827,NA,NA,p.Glu41Asn,0.406077778557839,0.19830145858827,16,0.623561374200725,-0.146,0.936,patho.support,41
urn:mavedb:00001217-a-3#828,NA,NA,p.Glu41Asp,0.881260174208562,0.125505539083398,32,-0.226399876275255,-0.391,0.079,undetermined,41
urn:mavedb:00001217-a-3#829,NA,NA,p.Glu41Cys,0.96943837666359,0.0316391402612344,16,-0.299558857883263,-0.346,-0.249,undetermined,41
urn:mavedb:00001217-a-3#830,NA,NA,p.Glu41Gln,1.10614464870118,0.048826175478267,16,-0.381444484353571,-0.432,-0.331,benign.support,41
urn:mavedb:00001217-a-3#831,NA,NA,p.Glu41Gly,0.597643681841558,0.317660224391376,48,0.151831745251965,-0.425,0.928,undetermined,41
urn:mavedb:00001217-a-3#832,NA,NA,p.Glu41Ile,0.809381716580069,0.0304200528737276,16,-0.154667126228543,-0.216,-0.087,undetermined,41
urn:mavedb:00001217-a-3#833,NA,NA,p.Glu41Leu,-0.0125287947570337,0.331481295161159,16,0.667044833064004,0.0,0.93,patho.moderate,41
urn:mavedb:00001217-a-3#834,NA,NA,p.Glu41Lys,1.16307872505405,0.0272089331182576,8,-0.406445262597047,-0.447,-0.383,benign.support,41
urn:mavedb:00001217-a-3#835,NA,NA,p.Glu41Met,1.11846704693096,0.0326633642528085,16,-0.38716892652578,-0.418,-0.361,benign.support,41
urn:mavedb:00001217-a-3#836,NA,NA,p.Glu41Phe,-0.39872811856282,0.318081020600019,8,0.582362335211234,0.0,0.829,patho.support,41
urn:mavedb:00001217-a-3#837,NA,NA,p.Glu41Pro,1.18584475271757,0.0486408453084982,8,-0.419626922450583,-0.536,-0.375,benign.support,41
urn:mavedb:00001217-a-3#838,NA,NA,p.Glu41Ser,0.884416301379849,0.0547574123359618,32,-0.22908326883844,-0.317,-0.119,undetermined,41
urn:mavedb:00001217-a-3#839,NA,NA,p.Glu41Ter,0.949579305353102,0.340517702256374,24,NA,NA,NA,NA,41
urn:mavedb:00001217-a-3#840,NA,NA,p.Glu41Thr,0.0881341317204424,0.337633640152713,8,0.732732662614304,-0.084,0.934,patho.moderate,41
urn:mavedb:00001217-a-3#841,NA,NA,p.Glu41Tyr,0.408101816961791,0.186183268064496,16,0.617914169441585,-0.118,0.937,patho.support,41
urn:mavedb:00001217-a-3#842,NA,NA,p.Glu41Val,1.00323989994122,0.106102621881298,32,-0.325362117269752,-0.444,-0.141,benign.support,41
urn:mavedb:00001217-a-3#843,NA,NA,p.Glu50Ala,0.999381636713111,0.0543881452005442,24,-0.322529580155007,-0.381,-0.237,benign.support,50
urn:mavedb:00001217-a-3#844,NA,NA,p.Glu50Asp,0.866785913292684,0.0691774495817086,32,-0.213493095271749,-0.325,-0.066,undetermined,50
urn:mavedb:00001217-a-3#845,NA,NA,p.Glu50Gln,0.90737630354312,0.145716621096592,16,-0.249102122711304,-0.427,0.098,undetermined,50
urn:mavedb:00001217-a-3#846,NA,NA,p.Glu50Gly,0.818066062009397,0.290469186031457,32,-0.163812852626965,-0.59,0.879,undetermined,50
urn:mavedb:00001217-a-3#847,NA,NA,p.Glu50His,-0.0773614909988861,0.319368913493069,8,0.650035911560717,0.0,0.926,patho.moderate,50
urn:mavedb:00001217-a-3#848,NA,NA,p.Glu50Leu,0.506380875312668,0.165193301939208,16,0.376820057878282,-0.179,0.932,patho.support,50
urn:mavedb:00001217-a-3#849,NA,NA,p.Glu50Lys,0.771072193374571,0.263914632040693,16,-0.112779572852473,-0.496,0.869,undetermined,50
urn:mavedb:00001217-a-3#850,NA,NA,p.Glu50Phe,-0.370293826629051,0.315445073824824,8,0.613097084390189,0.0,0.858,patho.support,50
urn:mavedb:00001217-a-3#851,NA,NA,p.Glu50Ser,0.946881597836555,0.113014948672793,16,-0.281841975574825,-0.409,-0.058,undetermined,50
urn:mavedb:00001217-a-3#852,NA,NA,p.Glu50Ter,0.956445328710209,0.0767261341581407,16,NA,NA,NA,NA,50
urn:mavedb:00001217-a-3#853,NA,NA,p.Glu50Trp,1.11931774703157,0.0356972926912421,16,-0.387527666161911,-0.421,-0.358,benign.support,50
urn:mavedb:00001217-a-3#854,NA,NA,p.Glu50Val,0.627374190035355,0.340401264189077,24,0.094934324056418,-0.478,0.926,undetermined,50
urn:mavedb:00001217-a-3#855,NA,NA,p.Glu78=,1.08209314829398,0.0161470966943085,16,NA,NA,NA,NA,78
urn:mavedb:00001217-a-3#856,NA,NA,p.Glu78Ala,0.902784119591965,0.106137052758284,24,-0.245017489671601,-0.386,-0.019,undetermined,78
urn:mavedb:00001217-a-3#857,NA,NA,p.Glu78Arg,1.01324884523927,0.0779245845601193,40,-0.332429432672498,-0.409,-0.21,benign.support,78
urn:mavedb:00001217-a-3#858,NA,NA,p.Glu78Asn,1.04965970730517,0.0268361633973266,16,-0.358015528558304,-0.38,-0.321,benign.support,78
urn:mavedb:00001217-a-3#859,NA,NA,p.Glu78Asp,1.01680317593633,0.0227803901126922,16,-0.334992204824201,-0.364,-0.301,benign.support,78
urn:mavedb:00001217-a-3#860,NA,NA,p.Glu78Cys,1.01924432420491,0.037258399433043,16,-0.336778458980643,-0.375,-0.282,benign.support,78
urn:mavedb:00001217-a-3#861,NA,NA,p.Glu78Gln,0.866917347301218,0.0719987698427186,32,-0.213614079366573,-0.331,-0.057,undetermined,78
urn:mavedb:00001217-a-3#862,NA,NA,p.Glu78Gly,1.0156867143242,0.0911175231353851,48,-0.334182421516842,-0.425,-0.188,benign.support,78
urn:mavedb:00001217-a-3#863,NA,NA,p.Glu78His,0.376527062985005,0.188940985075658,16,0.711702591560175,-0.086,0.937,patho.moderate,78
urn:mavedb:00001217-a-3#864,NA,NA,p.Glu78Leu,1.01902750909398,0.111327110981783,40,-0.3366189273957,-0.472,-0.146,benign.support,78
urn:mavedb:00001217-a-3#865,NA,NA,p.Glu78Lys,0.570633229265759,0.162212315301797,16,0.213919829546919,-0.23,0.913,undetermined,78
urn:mavedb:00001217-a-3#866,NA,NA,p.Glu78Met,0.868993384277859,0.0352203157999707,16,-0.215528040626233,-0.275,-0.144,undetermined,78
urn:mavedb:00001217-a-3#867,NA,NA,p.Glu78Phe,0.812005136197451,0.0375040776702921,8,-0.157430211460948,-0.23,-0.075,undetermined,78
urn:mavedb:00001217-a-3#868,NA,NA,p.Glu78Pro,0.431531249421547,0.154608084666242,24,0.560236601642702,-0.07,0.937,patho.support,78
urn:mavedb:00001217-a-3#869,NA,NA,p.Glu78Ser,0.982767894667615,0.165509903433165,48,-0.30995518656974,-0.569,0.04,undetermined,78
urn:mavedb:00001217-a-3#870,NA,NA,p.Glu78Ter,0.560326906060046,0.247474550000698,24,NA,NA,NA,NA,78
urn:mavedb:00001217-a-3#871,NA,NA,p.Glu78Thr,0.988534467160161,0.0948255733513093,32,-0.314220879435577,-0.411,-0.146,undetermined,78
urn:mavedb:00001217-a-3#872,NA,NA,p.Glu78Trp,0.986142077188058,0.0449525912744747,16,-0.312438813703869,-0.369,-0.241,undetermined,78
urn:mavedb:00001217-a-3#873,NA,NA,p.Glu78Tyr,0.958145130482285,0.0244466134709104,16,-0.29071981490957,-0.328,-0.252,undetermined,78
urn:mavedb:00001217-a-3#874,NA,NA,p.Glu78Val,0.99602387058873,0.0215391165787936,32,-0.319919643040721,-0.35,-0.288,benign.support,78
urn:mavedb:00001217-a-3#875,NA,NA,p.Glu79Ala,1.00619737288379,0.0845471029381466,32,-0.327471355928148,-0.413,-0.187,benign.support,79
urn:mavedb:00001217-a-3#876,NA,NA,p.Glu79Arg,0.836687417243793,0.150989398403861,48,-0.183501898972161,-0.394,0.288,undetermined,79
urn:mavedb:00001217-a-3#877,NA,NA,p.Glu79Asn,0.940861919497923,0.0542092125966104,16,-0.277137395723617,-0.356,-0.182,undetermined,79
urn:mavedb:00001217-a-3#878,NA,NA,p.Glu79Asp,1.04547659463021,0.0159564959208326,16,-0.355557197166957,-0.369,-0.333,benign.support,79
urn:mavedb:00001217-a-3#879,NA,NA,p.Glu79Cys,1.01725240437936,0.0363259750297298,16,-0.33531929311707,-0.374,-0.282,benign.support,79
urn:mavedb:00001217-a-3#880,NA,NA,p.Glu79Gln,0.902851508718576,0.0214883202976321,16,-0.2450771047181,-0.281,-0.209,undetermined,79
urn:mavedb:00001217-a-3#881,NA,NA,p.Glu79Gly,0.877856007497592,0.0275529404527806,32,-0.223388515867415,-0.27,-0.17,undetermined,79
urn:mavedb:00001217-a-3#882,NA,NA,p.Glu79His,1.06759726798215,0.0693193123381534,8,-0.365679690194323,-0.432,-0.273,benign.support,79
urn:mavedb:00001217-a-3#883,NA,NA,p.Glu79Ile,1.02325293128188,0.0832126281028081,8,-0.339759825981977,-0.419,-0.205,benign.support,79
urn:mavedb:00001217-a-3#884,NA,NA,p.Glu79Leu,1.00401228150234,0.0890897613169503,40,-0.325935179103904,-0.414,-0.174,benign.support,79
urn:mavedb:00001217-a-3#885,NA,NA,p.Glu79Lys,0.776043191355805,0.018569285368558,16,-0.118322054021513,-0.158,-0.075,undetermined,79
urn:mavedb:00001217-a-3#886,NA,NA,p.Glu79Met,0.973134551894605,0.0544625538113877,16,-0.302535172334164,-0.37,-0.213,undetermined,79
urn:mavedb:00001217-a-3#887,NA,NA,p.Glu79Phe,1.1045803932807,0.0330752238629936,16,-0.380729822953023,-0.409,-0.352,benign.support,79
urn:mavedb:00001217-a-3#888,NA,NA,p.Glu79Pro,1.03627718673124,0.0907483556219185,32,-0.349462457801045,-0.447,-0.209,benign.support,79
urn:mavedb:00001217-a-3#889,NA,NA,p.Glu79Ser,1.08644092778393,0.111981992314444,40,-0.372943612191539,-0.583,-0.208,benign.support,79
urn:mavedb:00001217-a-3#890,NA,NA,p.Glu79Ter,-0.2726551793473,0.352003557269882,16,NA,NA,NA,NA,79
urn:mavedb:00001217-a-3#891,NA,NA,p.Glu79Thr,1.06848036000833,0.0751605700886268,32,-0.366004168780616,-0.447,-0.264,benign.support,79
urn:mavedb:00001217-a-3#892,NA,NA,p.Glu79Trp,0.814242822634287,0.0500794767493999,16,-0.159786539303869,-0.253,-0.044,undetermined,79
urn:mavedb:00001217-a-3#893,NA,NA,p.Glu79Tyr,1.31208278651238,0.0535773135798976,8,-0.603831131361778,-0.717,-0.42,benign.support,79
urn:mavedb:00001217-a-3#894,NA,NA,p.Glu79Val,0.912530699730028,0.0659447315941981,32,-0.253708360441867,-0.352,-0.125,undetermined,79
urn:mavedb:00001217-a-3#895,NA,NA,p.Gly109=,1.01676700906047,0.026085134140617,32,NA,NA,NA,NA,109
urn:mavedb:00001217-a-3#896,NA,NA,p.Gly109Ala,0.492659009505135,0.248046480519305,40,0.4149602126687,-0.298,0.932,patho.support,109
urn:mavedb:00001217-a-3#897,NA,NA,p.Gly109Arg,0.380830275181601,0.444856352688553,64,0.699467983352427,-0.415,0.931,patho.moderate,109
urn:mavedb:00001217-a-3#898,NA,NA,p.Gly109Asn,-0.291177878077267,0.220769959875059,16,0.634600947177344,0.0,0.798,patho.support,109
urn:mavedb:00001217-a-3#899,NA,NA,p.Gly109Asp,0.661950752500201,0.0630094823304003,16,0.0351358948023349,-0.13,0.294,undetermined,109
urn:mavedb:00001217-a-3#900,NA,NA,p.Gly109Cys,-0.143533277121525,0.321634605280186,8,0.651228250874348,0.0,0.921,patho.moderate,109
urn:mavedb:00001217-a-3#901,NA,NA,p.Gly109Gln,-0.240122454856495,0.234976726674289,16,0.639437208823485,0.0,0.86,patho.moderate,109
urn:mavedb:00001217-a-3#902,NA,NA,p.Gly109Glu,-0.265566129446373,0.45505467616865,24,0.635933854115909,0.0,0.919,patho.support,109
urn:mavedb:00001217-a-3#903,NA,NA,p.Gly109His,-0.263491719497743,0.224023811431632,16,0.636222034643189,0.0,0.83,patho.support,109
urn:mavedb:00001217-a-3#904,NA,NA,p.Gly109Ile,-0.499095920777544,0.217705301943985,16,0.444744180837153,0.0,0.653,patho.support,109
urn:mavedb:00001217-a-3#905,NA,NA,p.Gly109Leu,-0.405165362305475,0.221470265974045,24,0.574399530218499,0.0,0.69,patho.support,109
urn:mavedb:00001217-a-3#906,NA,NA,p.Gly109Lys,-0.0001503251811899,0.168156263471598,16,0.677079148601245,0.63,0.925,patho.moderate,109
urn:mavedb:00001217-a-3#907,NA,NA,p.Gly109Met,-0.228734030038888,0.223099890190497,16,0.640995903001056,0.0,0.856,patho.moderate,109
urn:mavedb:00001217-a-3#908,NA,NA,p.Gly109Phe,-0.350081751894521,0.23717369065112,16,0.632942107956243,0.0,0.755,patho.support,109
urn:mavedb:00001217-a-3#909,NA,NA,p.Gly109Pro,-0.234602003977378,0.220928638879416,16,0.640192649645583,0.0,0.858,patho.moderate,109
urn:mavedb:00001217-a-3#910,NA,NA,p.Gly109Ser,0.907885955316207,0.342315566786868,48,-0.249558307075283,-0.644,0.854,undetermined,109
urn:mavedb:00001217-a-3#911,NA,NA,p.Gly109Ter,0.858503601258863,0.220540961371553,32,NA,NA,NA,NA,109
urn:mavedb:00001217-a-3#912,NA,NA,p.Gly109Thr,-0.178896347015209,0.294681780528017,32,0.653495823149594,0.0,0.913,patho.moderate,109
urn:mavedb:00001217-a-3#913,NA,NA,p.Gly109Trp,-0.713236549524205,0.129912557067178,16,0.0,0.0,0.508,undetermined,109
urn:mavedb:00001217-a-3#914,NA,NA,p.Gly109Val,0.393353344690191,0.463517008680773,48,0.662252689564843,-0.447,0.93,patho.moderate,109
urn:mavedb:00001217-a-3#915,NA,NA,p.Gly11=,1.02509252447845,0.0230024960770397,48,NA,NA,NA,NA,11
urn:mavedb:00001217-a-3#916,NA,NA,p.Gly115=,0.990542627916748,0.0322471075439991,48,NA,NA,NA,NA,115
urn:mavedb:00001217-a-3#917,NA,NA,p.Gly115Ala,-0.038966800138978,0.338759770049114,32,0.652475360856196,0.0,0.929,patho.moderate,115
urn:mavedb:00001217-a-3#918,NA,NA,p.Gly115Arg,-0.132892044366376,0.359151940555957,64,0.651837985703499,0.0,0.925,patho.moderate,115
urn:mavedb:00001217-a-3#919,NA,NA,p.Gly115Asn,-0.0561482690584245,0.236722828859153,16,0.650298438558688,0.353,0.926,patho.moderate,115
urn:mavedb:00001217-a-3#920,NA,NA,p.Gly115Asp,0.328421681660206,0.4029150796105,32,0.848660867515174,-0.377,0.933,patho.moderate,115
urn:mavedb:00001217-a-3#921,NA,NA,p.Gly115Cys,0.919722723545938,0.270214863464917,32,-0.259871989759191,-0.631,0.689,undetermined,115
urn:mavedb:00001217-a-3#922,NA,NA,p.Gly115Gln,-0.20086740529016,0.318097582950457,8,0.648191982771218,0.0,0.915,patho.moderate,115
urn:mavedb:00001217-a-3#923,NA,NA,p.Gly115Glu,-0.34347032802052,0.226584347815308,16,0.635250468325659,0.0,0.734,patho.support,115
urn:mavedb:00001217-a-3#924,NA,NA,p.Gly115His,-0.197576827877042,0.317279301764486,8,0.649029270664038,0.0,0.918,patho.moderate,115
urn:mavedb:00001217-a-3#925,NA,NA,p.Gly115Ile,-0.229788942939393,0.229421543101486,16,0.640851435853847,0.0,0.86,patho.moderate,115
urn:mavedb:00001217-a-3#926,NA,NA,p.Gly115Leu,-0.293050108153251,0.279809152799527,40,0.634601474508216,0.0,0.866,patho.support,115
urn:mavedb:00001217-a-3#927,NA,NA,p.Gly115Lys,-0.432892941446445,0.317295750212878,8,0.542226202792539,0.0,0.808,patho.support,115
urn:mavedb:00001217-a-3#928,NA,NA,p.Gly115Met,-0.479998664660923,0.219132339163803,16,0.476208776675839,0.0,0.653,patho.support,115
urn:mavedb:00001217-a-3#929,NA,NA,p.Gly115Phe,-0.358844017112307,0.22737335761394,16,0.624244134139275,0.0,0.734,patho.support,115
urn:mavedb:00001217-a-3#930,NA,NA,p.Gly115Pro,-0.334490062976838,0.270079480762713,32,0.635037409669813,0.0,0.825,patho.support,115
urn:mavedb:00001217-a-3#931,NA,NA,p.Gly115Ser,0.4912349299348,0.488459949417851,64,0.419077126502623,-0.51,0.93,patho.support,115
urn:mavedb:00001217-a-3#932,NA,NA,p.Gly115Ter,-0.311597907602219,0.207415070914095,16,NA,NA,NA,NA,115
urn:mavedb:00001217-a-3#933,NA,NA,p.Gly115Thr,-0.326784900282422,0.22385128012417,32,0.634890778755672,0.0,0.746,patho.support,115
urn:mavedb:00001217-a-3#934,NA,NA,p.Gly115Val,0.60586112696955,0.44952074267539,48,0.135028553391492,-0.557,0.929,undetermined,115
urn:mavedb:00001217-a-3#935,NA,NA,p.Gly11Ala,0.846475519172019,0.0854125993493698,48,-0.193962685842097,-0.333,0.011,undetermined,11
urn:mavedb:00001217-a-3#936,NA,NA,p.Gly11Arg,0.290971470036001,0.403377175594889,64,0.930095737254619,-0.363,0.934,patho.moderate,11
urn:mavedb:00001217-a-3#937,NA,NA,p.Gly11Asn,0.870087128183552,0.0102098477884973,16,-0.216520290602448,-0.234,-0.198,undetermined,11
urn:mavedb:00001217-a-3#938,NA,NA,p.Gly11Asp,0.746520871482355,0.0196263854687471,16,-0.0839311370143231,-0.127,-0.033,undetermined,11
urn:mavedb:00001217-a-3#939,NA,NA,p.Gly11Cys,0.691971133917889,0.188296627686808,32,-0.0114528602167943,-0.365,0.833,undetermined,11
urn:mavedb:00001217-a-3#940,NA,NA,p.Gly11Gln,0.428520202360326,0.0742876924273738,16,0.566895592982888,0.205,0.929,patho.support,11
urn:mavedb:00001217-a-3#941,NA,NA,p.Gly11Glu,0.617875994527649,0.0135036712624684,16,0.112086378605858,0.065,0.167,undetermined,11
urn:mavedb:00001217-a-3#942,NA,NA,p.Gly11His,-0.703611726006959,0.224010178915691,16,0.0,0.0,0.637,undetermined,11
urn:mavedb:00001217-a-3#943,NA,NA,p.Gly11Ile,-0.274277957423063,0.227397716935359,16,0.634715677287073,0.0,0.804,patho.support,11
urn:mavedb:00001217-a-3#944,NA,NA,p.Gly11Leu,-0.172102163419026,0.32159352520949,56,0.652866461166025,0.0,0.923,patho.moderate,11
urn:mavedb:00001217-a-3#945,NA,NA,p.Gly11Lys,-0.132038340117151,0.197851265905868,16,0.651889343794845,0.383,0.891,patho.moderate,11
urn:mavedb:00001217-a-3#946,NA,NA,p.Gly11Met,-0.332079426471183,0.227215423370587,16,0.634988043347436,0.0,0.764,patho.support,11
urn:mavedb:00001217-a-3#947,NA,NA,p.Gly11Phe,-0.656631158391933,0.221524725973838,16,0.0,0.0,0.644,undetermined,11
urn:mavedb:00001217-a-3#948,NA,NA,p.Gly11Pro,0.244573264609181,0.164753042662565,32,0.91771688753158,0.216,0.938,patho.moderate,11
urn:mavedb:00001217-a-3#949,NA,NA,p.Gly11Ser,1.02436055332376,0.0645685646031494,72,-0.340594513853683,-0.4,-0.238,benign.support,11
urn:mavedb:00001217-a-3#950,NA,NA,p.Gly11Ter,-0.092027915625441,0.184719088695275,16,NA,NA,NA,NA,11
urn:mavedb:00001217-a-3#951,NA,NA,p.Gly11Thr,0.284466335545485,0.124774094856885,32,0.935708813663054,0.323,0.94,patho.moderate,11
urn:mavedb:00001217-a-3#952,NA,NA,p.Gly11Trp,-0.0237972776680918,0.198205570280165,16,0.659578801379127,0.513,0.926,patho.moderate,11
urn:mavedb:00001217-a-3#953,NA,NA,p.Gly11Tyr,-0.241816504071877,0.230924747195964,16,0.639205302669287,0.0,0.859,patho.moderate,11
urn:mavedb:00001217-a-3#954,NA,NA,p.Gly11Val,0.531404593734287,0.348298602729811,48,0.312425784640176,-0.413,0.932,undetermined,11
urn:mavedb:00001217-a-3#955,NA,NA,p.Gly128=,0.988080248743658,0.0605812904246949,48,NA,NA,NA,NA,128
urn:mavedb:00001217-a-3#956,NA,NA,p.Gly128Ala,0.710258335728498,0.0861232545780392,48,-0.0367090201058926,-0.227,0.291,undetermined,128
urn:mavedb:00001217-a-3#957,NA,NA,p.Gly128Arg,0.873562666247668,0.345829660443013,24,-0.21958320948329,-0.641,0.886,undetermined,128
urn:mavedb:00001217-a-3#958,NA,NA,p.Gly128Asp,-0.042036824850622,0.303652993542246,32,0.651644129098838,0.0,0.929,patho.moderate,128
urn:mavedb:00001217-a-3#959,NA,NA,p.Gly128Cys,1.14832343653563,0.0620469994928794,24,-0.399685204402103,-0.52,-0.342,benign.support,128
urn:mavedb:00001217-a-3#960,NA,NA,p.Gly128Gln,0.797289291548269,0.0624840678572963,8,-0.141901662843967,-0.26,0.012,undetermined,128
urn:mavedb:00001217-a-3#961,NA,NA,p.Gly128His,-0.144594020424792,0.32437246287927,8,0.65117051366097,0.0,0.919,patho.moderate,128
urn:mavedb:00001217-a-3#962,NA,NA,p.Gly128Lys,0.678878346830899,0.0444953422107782,8,0.0083097813338953,-0.108,0.16,undetermined,128
urn:mavedb:00001217-a-3#963,NA,NA,p.Gly128Met,0.957669873055696,0.0246773615971561,8,-0.290355682904922,-0.329,-0.251,undetermined,128
urn:mavedb:00001217-a-3#964,NA,NA,p.Gly128Phe,0.961846631329944,0.0542214464495983,16,-0.293576754167995,-0.366,-0.201,undetermined,128
urn:mavedb:00001217-a-3#965,NA,NA,p.Gly128Ser,0.925937908355566,0.166798106791344,40,-0.265043843144314,-0.492,0.151,undetermined,128
urn:mavedb:00001217-a-3#966,NA,NA,p.Gly128Ter,-0.34005415309288,0.226275872052651,16,NA,NA,NA,NA,128
urn:mavedb:00001217-a-3#967,NA,NA,p.Gly128Trp,0.0600626601033815,0.22893232767013,16,0.71030693708914,0.358,0.934,patho.moderate,128
urn:mavedb:00001217-a-3#968,NA,NA,p.Gly128Val,0.624312818420011,0.172280538472305,40,0.100406513132123,-0.293,0.886,undetermined,128
urn:mavedb:00001217-a-3#969,NA,NA,p.Gly13=,1.04854795160714,0.0537106005220037,48,NA,NA,NA,NA,13
urn:mavedb:00001217-a-3#970,NA,NA,p.Gly130=,0.998983573698272,0.045515723613306,40,NA,NA,NA,NA,130
urn:mavedb:00001217-a-3#971,NA,NA,p.Gly130Ala,0.979468267740446,0.0412024171703753,32,-0.307540814885244,-0.363,-0.243,undetermined,130
urn:mavedb:00001217-a-3#972,NA,NA,p.Gly130Arg,0.958230705539548,0.0239422262034111,48,-0.290785444561791,-0.327,-0.253,undetermined,130
urn:mavedb:00001217-a-3#973,NA,NA,p.Gly130Asn,0.827944720170493,0.0455883692068877,16,-0.174233416422726,-0.258,-0.077,undetermined,130
urn:mavedb:00001217-a-3#974,NA,NA,p.Gly130Asp,0.874424646060411,0.0110920308523901,16,-0.220345210298018,-0.239,-0.2,undetermined,130
urn:mavedb:00001217-a-3#975,NA,NA,p.Gly130Cys,1.00083691720899,0.014414629133105,16,-0.323592166601472,-0.344,-0.302,benign.support,130
urn:mavedb:00001217-a-3#976,NA,NA,p.Gly130Gln,0.844439292989198,0.0202860233891362,16,-0.1917799927831,-0.229,-0.149,undetermined,130
urn:mavedb:00001217-a-3#977,NA,NA,p.Gly130Glu,1.03725727733592,0.0226206391936342,16,-0.350190678674628,-0.371,-0.318,benign.support,130
urn:mavedb:00001217-a-3#978,NA,NA,p.Gly130His,0.882311200262579,0.058893522461387,16,-0.227291955585351,-0.319,-0.105,undetermined,130
urn:mavedb:00001217-a-3#979,NA,NA,p.Gly130Ile,0.561208151472502,0.172863693502899,16,0.236763010977414,-0.249,0.927,undetermined,130
urn:mavedb:00001217-a-3#980,NA,NA,p.Gly130Leu,0.866118471190433,0.203362639782406,48,-0.212879057368933,-0.498,0.456,undetermined,130
urn:mavedb:00001217-a-3#981,NA,NA,p.Gly130Lys,1.09396673804289,0.0119839088439929,16,-0.376068086029301,-0.387,-0.367,benign.support,130
urn:mavedb:00001217-a-3#982,NA,NA,p.Gly130Met,0.960530525202195,0.0376497365407316,16,-0.292556634128604,-0.349,-0.23,undetermined,130
urn:mavedb:00001217-a-3#983,NA,NA,p.Gly130Phe,0.69035982605026,0.0280004571673509,16,-0.0090859497130663,-0.082,0.079,undetermined,130
urn:mavedb:00001217-a-3#984,NA,NA,p.Gly130Pro,1.03787549398543,0.0505241742531357,32,-0.350617752908417,-0.395,-0.277,benign.support,130
urn:mavedb:00001217-a-3#985,NA,NA,p.Gly130Ser,1.02404364823964,0.132572851471814,48,-0.340355206649006,-0.541,-0.098,benign.support,130
urn:mavedb:00001217-a-3#986,NA,NA,p.Gly130Ter,-0.0875598152310595,0.225965194339015,16,NA,NA,NA,NA,130
urn:mavedb:00001217-a-3#987,NA,NA,p.Gly130Thr,0.986201522001157,0.0834275501713898,32,-0.312482878166429,-0.399,-0.167,undetermined,130
urn:mavedb:00001217-a-3#988,NA,NA,p.Gly130Trp,0.847328303664245,0.0139215665200611,16,-0.194842271354301,-0.221,-0.166,undetermined,130
urn:mavedb:00001217-a-3#989,NA,NA,p.Gly130Tyr,0.654515336428564,0.201071844969297,16,0.0474293925282372,-0.36,0.903,undetermined,130
urn:mavedb:00001217-a-3#990,NA,NA,p.Gly130Val,0.953641159196329,0.0590989775944222,32,-0.287236002740541,-0.367,-0.186,undetermined,130
urn:mavedb:00001217-a-3#991,NA,NA,p.Gly131=,0.864489214216887,0.0239738513966403,32,NA,NA,NA,NA,131
urn:mavedb:00001217-a-3#992,NA,NA,p.Gly131Ala,1.12742001149374,0.107792740875344,48,-0.391056608171624,-0.624,-0.251,benign.support,131
urn:mavedb:00001217-a-3#993,NA,NA,p.Gly131Arg,0.991744914321188,0.131843155429858,48,-0.316640924486532,-0.489,-0.063,undetermined,131
urn:mavedb:00001217-a-3#994,NA,NA,p.Gly131Cys,0.185541495004328,0.335289426162893,8,0.856531246743377,-0.196,0.934,patho.moderate,131
urn:mavedb:00001217-a-3#995,NA,NA,p.Gly131Gln,0.0065105765383067,0.221849018392911,16,0.680919178888611,0.418,0.932,patho.moderate,131
urn:mavedb:00001217-a-3#996,NA,NA,p.Gly131Glu,0.74230543322568,0.372763916999167,32,-0.0786593210517881,-0.579,0.921,undetermined,131
urn:mavedb:00001217-a-3#997,NA,NA,p.Gly131Ile,1.0526562479912,0.0253658481325505,8,-0.359685017350565,-0.38,-0.326,benign.support,131
urn:mavedb:00001217-a-3#998,NA,NA,p.Gly131Lys,1.07144493058085,0.0594493143164429,16,-0.367104170010986,-0.421,-0.288,benign.support,131
urn:mavedb:00001217-a-3#999,NA,NA,p.Gly131Phe,1.049697514383,0.038204941735071,16,-0.358037999590265,-0.39,-0.303,benign.support,131
urn:mavedb:00001217-a-3#1000,NA,NA,p.Gly131Pro,0.889607114868892,0.0673302468352023,32,-0.233528125871179,-0.338,-0.096,undetermined,131
urn:mavedb:00001217-a-3#1001,NA,NA,p.Gly131Ser,0.946768781778103,0.107815171033559,48,-0.281752976428477,-0.409,-0.073,undetermined,131
urn:mavedb:00001217-a-3#1002,NA,NA,p.Gly131Ter,0.802411257515914,0.32743756158482,24,NA,NA,NA,NA,131
urn:mavedb:00001217-a-3#1003,NA,NA,p.Gly131Thr,0.715395773325411,0.118704879155294,16,-0.0435879628591824,-0.283,0.442,undetermined,131
urn:mavedb:00001217-a-3#1004,NA,NA,p.Gly131Trp,0.81564582118209,0.120682361827479,16,-0.161263918933674,-0.359,0.209,undetermined,131
urn:mavedb:00001217-a-3#1005,NA,NA,p.Gly131Tyr,0.785868763268349,0.186202562315412,8,-0.129311496407592,-0.399,0.582,undetermined,131
urn:mavedb:00001217-a-3#1006,NA,NA,p.Gly131Val,0.983410399001117,0.106939707426154,40,-0.31042548824604,-0.424,-0.122,undetermined,131
urn:mavedb:00001217-a-3#1007,NA,NA,p.Gly139=,1.02084039259192,0.0276621737970742,32,NA,NA,NA,NA,139
urn:mavedb:00001217-a-3#1008,NA,NA,p.Gly139Ala,0.900236871725542,0.233814653016848,40,-0.242770916723775,-0.598,0.517,undetermined,139
urn:mavedb:00001217-a-3#1009,NA,NA,p.Gly139Arg,0.830656828679256,0.175211219500567,72,-0.177102548182663,-0.412,0.427,undetermined,139
urn:mavedb:00001217-a-3#1010,NA,NA,p.Gly139Asn,1.12431711017373,0.0343348906358963,8,-0.389680460149737,-0.423,-0.361,benign.support,139
urn:mavedb:00001217-a-3#1011,NA,NA,p.Gly139Asp,0.585288584707201,0.0371412490107162,16,0.179012701265538,0.042,0.359,undetermined,139
urn:mavedb:00001217-a-3#1012,NA,NA,p.Gly139Cys,1.05340079467006,0.0217399858808892,16,-0.360036398454198,-0.377,-0.33,benign.support,139
urn:mavedb:00001217-a-3#1013,NA,NA,p.Gly139Gln,0.661585734822777,0.222904100524702,8,0.0357475573388143,-0.382,0.907,undetermined,139
urn:mavedb:00001217-a-3#1014,NA,NA,p.Gly139Glu,0.705886051872095,0.069294422321373,16,-0.0308901325701993,-0.192,0.21,undetermined,139
urn:mavedb:00001217-a-3#1015,NA,NA,p.Gly139His,0.392002949493465,0.134753961246882,16,0.666741977580351,0.043,0.938,patho.moderate,139
urn:mavedb:00001217-a-3#1016,NA,NA,p.Gly139Ile,0.234689484426149,0.208470075278629,16,0.909735212026529,0.07,0.938,patho.moderate,139
urn:mavedb:00001217-a-3#1017,NA,NA,p.Gly139Leu,0.670861688375957,0.0601968639090328,48,0.0207898326533102,-0.131,0.26,undetermined,139
urn:mavedb:00001217-a-3#1018,NA,NA,p.Gly139Lys,-0.049093566605096,0.320360118211181,8,0.650456485235672,0.0,0.928,patho.moderate,139
urn:mavedb:00001217-a-3#1019,NA,NA,p.Gly139Met,-0.259437883117441,0.228638022757908,16,0.636783457997608,0.0,0.85,patho.moderate,139
urn:mavedb:00001217-a-3#1020,NA,NA,p.Gly139Phe,-0.235983456179062,0.217017667958212,16,0.640003618422327,0.0,0.838,patho.moderate,139
urn:mavedb:00001217-a-3#1021,NA,NA,p.Gly139Pro,0.448137337668495,0.204059504058572,16,0.520930226448752,-0.195,0.936,patho.support,139
urn:mavedb:00001217-a-3#1022,NA,NA,p.Gly139Ser,0.772874781336276,0.111882493045937,40,-0.114789219216577,-0.316,0.249,undetermined,139
urn:mavedb:00001217-a-3#1023,NA,NA,p.Gly139Ter,1.0549265241331,0.081547204316989,16,NA,NA,NA,NA,139
urn:mavedb:00001217-a-3#1024,NA,NA,p.Gly139Thr,0.634087233598067,0.295610793587951,32,0.0827782656280985,-0.423,0.926,undetermined,139
urn:mavedb:00001217-a-3#1025,NA,NA,p.Gly139Trp,0.478885496614887,0.0457442189627167,16,0.451717791281856,0.218,0.674,patho.support,139
urn:mavedb:00001217-a-3#1026,NA,NA,p.Gly139Tyr,0.846058594504585,0.0841241131334111,16,-0.193518301978385,-0.332,0.004,undetermined,139
urn:mavedb:00001217-a-3#1027,NA,NA,p.Gly139Val,0.801380136311445,0.155776746023051,40,-0.146228045366214,-0.381,0.405,undetermined,139
urn:mavedb:00001217-a-3#1028,NA,NA,p.Gly13Ala,0.904240209883586,0.0360389898474891,32,-0.246307725217426,-0.304,-0.18,undetermined,13
urn:mavedb:00001217-a-3#1029,NA,NA,p.Gly13Arg,0.811310602789783,0.102664244296757,48,-0.15669879018319,-0.331,0.12,undetermined,13
urn:mavedb:00001217-a-3#1030,NA,NA,p.Gly13Asn,0.94316211597652,0.0497232911082474,16,-0.278924610597835,-0.352,-0.193,undetermined,13
urn:mavedb:00001217-a-3#1031,NA,NA,p.Gly13Asp,0.959423835817047,0.0403599315231993,16,-0.291702533515012,-0.353,-0.224,undetermined,13
urn:mavedb:00001217-a-3#1032,NA,NA,p.Gly13Cys,0.992806182923316,0.132100521130356,32,-0.317448336464773,-0.484,-0.073,undetermined,13
urn:mavedb:00001217-a-3#1033,NA,NA,p.Gly13Gln,0.408418725987703,0.0758689351378461,16,0.61705969840163,0.239,0.934,patho.support,13
urn:mavedb:00001217-a-3#1034,NA,NA,p.Gly13Glu,0.689663288611565,0.0371741244679745,16,-0.0080574443901051,-0.102,0.114,undetermined,13
urn:mavedb:00001217-a-3#1035,NA,NA,p.Gly13Ile,-0.005179872462995,0.226400024768503,16,0.673011427579704,0.409,0.931,patho.moderate,13
urn:mavedb:00001217-a-3#1036,NA,NA,p.Gly13Leu,0.721074427871583,0.106793435246973,48,-0.0512146536145373,-0.267,0.355,undetermined,13
urn:mavedb:00001217-a-3#1037,NA,NA,p.Gly13Lys,0.943811808100492,0.0171327463575553,16,-0.2794317199196,-0.306,-0.251,undetermined,13
urn:mavedb:00001217-a-3#1038,NA,NA,p.Gly13Met,0.178704043703811,0.142778373529881,16,0.84655190009421,0.498,0.938,patho.moderate,13
urn:mavedb:00001217-a-3#1039,NA,NA,p.Gly13Phe,0.875352365052659,0.0798491309630744,16,-0.221166421616045,-0.344,-0.042,undetermined,13
urn:mavedb:00001217-a-3#1040,NA,NA,p.Gly13Pro,1.04286379108957,0.0814293670828746,32,-0.35390747438529,-0.431,-0.231,benign.support,13
urn:mavedb:00001217-a-3#1041,NA,NA,p.Gly13Ser,1.01560081416181,0.0840710153987979,48,-0.334120300412257,-0.415,-0.199,benign.support,13
urn:mavedb:00001217-a-3#1042,NA,NA,p.Gly13Ter,-0.440755506013969,0.223603711619301,16,NA,NA,NA,NA,13
urn:mavedb:00001217-a-3#1043,NA,NA,p.Gly13Trp,0.52360616318153,0.0523873474605187,16,0.330957025580545,0.104,0.593,patho.support,13
urn:mavedb:00001217-a-3#1044,NA,NA,p.Gly13Tyr,0.0118457902048775,0.23166648441532,16,0.682771019328763,0.381,0.932,patho.moderate,13
urn:mavedb:00001217-a-3#1045,NA,NA,p.Gly13Val,0.809777866325895,0.181644166775818,40,-0.155084433447614,-0.408,0.497,undetermined,13
urn:mavedb:00001217-a-3#1046,NA,NA,p.Gly142=,1.03895584258926,0.0569128191337616,40,NA,NA,NA,NA,142
urn:mavedb:00001217-a-3#1047,NA,NA,p.Gly142Ala,0.972373879912243,0.0824698212896476,40,-0.301919068390343,-0.394,-0.155,undetermined,142
urn:mavedb:00001217-a-3#1048,NA,NA,p.Gly142Arg,0.766302780605289,0.14030431179058,72,-0.107338426599927,-0.356,0.424,undetermined,142
urn:mavedb:00001217-a-3#1049,NA,NA,p.Gly142Asn,0.416894547495297,0.217796023846499,16,0.59573203670454,-0.19,0.936,patho.support,142
urn:mavedb:00001217-a-3#1050,NA,NA,p.Gly142Asp,0.678436803822116,0.0304768751082324,16,0.0089932222185137,-0.075,0.108,undetermined,142
urn:mavedb:00001217-a-3#1051,NA,NA,p.Gly142Cys,0.913202114649576,0.0232272062853062,16,-0.254284897530325,-0.292,-0.214,undetermined,142
urn:mavedb:00001217-a-3#1052,NA,NA,p.Gly142Gln,0.358605716030212,0.186456994815336,16,0.763909904860069,-0.064,0.938,patho.moderate,142
urn:mavedb:00001217-a-3#1053,NA,NA,p.Gly142Glu,0.745595473135941,0.0921853220964157,24,-0.08278264740852,-0.265,0.22,undetermined,142
urn:mavedb:00001217-a-3#1054,NA,NA,p.Gly142His,0.583188764238157,0.0611188038143801,16,0.18378891706759,-0.025,0.493,undetermined,142
urn:mavedb:00001217-a-3#1055,NA,NA,p.Gly142Leu,0.39925670797696,0.225280239876199,24,0.64362814079444,-0.184,0.936,patho.moderate,142
urn:mavedb:00001217-a-3#1056,NA,NA,p.Gly142Lys,0.603742041133112,0.0276936139014345,16,0.139252155357076,0.042,0.267,undetermined,142
urn:mavedb:00001217-a-3#1057,NA,NA,p.Gly142Phe,0.293462927084245,0.184256055459445,16,0.927017974678805,0.057,0.938,patho.moderate,142
urn:mavedb:00001217-a-3#1058,NA,NA,p.Gly142Ser,0.380221922727445,0.358904472197237,40,0.701160095979594,-0.369,0.934,patho.moderate,142
urn:mavedb:00001217-a-3#1059,NA,NA,p.Gly142Ter,0.881647301398085,0.331737030020855,32,NA,NA,NA,NA,142
urn:mavedb:00001217-a-3#1060,NA,NA,p.Gly142Thr,0.145229730674374,0.429352023945794,16,0.796185268533987,-0.305,0.931,patho.moderate,142
urn:mavedb:00001217-a-3#1061,NA,NA,p.Gly142Trp,0.316184603009303,0.220560035123939,16,0.878635653091485,-0.087,0.937,patho.moderate,142
urn:mavedb:00001217-a-3#1062,NA,NA,p.Gly142Tyr,0.716838968435761,0.173397806914347,16,-0.0455293239330861,-0.362,0.706,undetermined,142
urn:mavedb:00001217-a-3#1063,NA,NA,p.Gly142Val,0.767422863948339,0.189532808169975,48,-0.10864169300484,-0.393,0.681,undetermined,142
urn:mavedb:00001217-a-3#1064,NA,NA,p.Gly148=,1.00225544934379,0.0337431677005652,48,NA,NA,NA,NA,148
urn:mavedb:00001217-a-3#1065,NA,NA,p.Gly148Ala,-0.435442497430468,0.295754500315839,32,0.539231389400908,0.0,0.784,patho.support,148
urn:mavedb:00001217-a-3#1066,NA,NA,p.Gly148Arg,-0.202757278082989,0.227925414706643,48,0.647710151559643,0.01,0.876,patho.moderate,148
urn:mavedb:00001217-a-3#1067,NA,NA,p.Gly148Asn,-0.19126669123349,0.215550530676776,16,0.651337371596147,0.16,0.873,patho.moderate,148
urn:mavedb:00001217-a-3#1068,NA,NA,p.Gly148Asp,-0.153168416854357,0.381395150559678,16,0.651342369351841,0.0,0.92,patho.moderate,148
urn:mavedb:00001217-a-3#1069,NA,NA,p.Gly148Cys,0.482112468482153,0.0203810302737568,16,0.443457743164158,0.336,0.535,patho.support,148
urn:mavedb:00001217-a-3#1070,NA,NA,p.Gly148Gln,-0.427443631707147,0.226495745032581,16,0.548433852050728,0.0,0.685,patho.support,148
urn:mavedb:00001217-a-3#1071,NA,NA,p.Gly148Glu,-0.30837121681908,0.210564640455879,16,0.634665268675539,0.0,0.746,patho.support,148
urn:mavedb:00001217-a-3#1072,NA,NA,p.Gly148His,-0.391814938437272,0.214410633040027,16,0.590479990494656,0.0,0.686,patho.support,148
urn:mavedb:00001217-a-3#1073,NA,NA,p.Gly148Ile,-0.0725311053951878,0.207594600703235,16,0.650067690189868,0.454,0.921,patho.moderate,148
urn:mavedb:00001217-a-3#1074,NA,NA,p.Gly148Leu,-0.265793589981091,0.253537668182034,48,0.635902215074651,0.0,0.864,patho.support,148
urn:mavedb:00001217-a-3#1075,NA,NA,p.Gly148Lys,-0.388292710667139,0.23042221876295,16,0.594449982242937,0.0,0.717,patho.support,148
urn:mavedb:00001217-a-3#1076,NA,NA,p.Gly148Met,-0.361409981795581,0.227782218732487,16,0.621578185599934,0.0,0.723,patho.support,148
urn:mavedb:00001217-a-3#1077,NA,NA,p.Gly148Phe,-0.746220752353806,0.194925994071983,16,0.0,0.0,0.629,undetermined,148
urn:mavedb:00001217-a-3#1078,NA,NA,p.Gly148Pro,0.0540102621701055,0.22324400276116,32,0.706118839384052,0.379,0.934,patho.moderate,148
urn:mavedb:00001217-a-3#1079,NA,NA,p.Gly148Ser,-0.211521889137624,0.292217556358473,48,0.645464394185676,0.0,0.908,patho.moderate,148
urn:mavedb:00001217-a-3#1080,NA,NA,p.Gly148Ter,-0.438836710925422,0.226725133646199,16,NA,NA,NA,NA,148
urn:mavedb:00001217-a-3#1081,NA,NA,p.Gly148Thr,-0.568686413607455,0.276337280057237,32,0.29209367458627,0.0,0.66,undetermined,148
urn:mavedb:00001217-a-3#1082,NA,NA,p.Gly148Trp,-0.04656822832545,0.173251908676786,16,0.650690488478101,0.584,0.914,patho.moderate,148
urn:mavedb:00001217-a-3#1083,NA,NA,p.Gly148Tyr,-0.1838074406901,0.179552519615806,16,0.653979531784704,0.374,0.828,patho.moderate,148
urn:mavedb:00001217-a-3#1084,NA,NA,p.Gly148Val,0.435365518925318,0.16609983882159,32,0.551665823147595,-0.11,0.936,patho.support,148
urn:mavedb:00001217-a-3#1085,NA,NA,p.Gly151=,0.992203649239705,0.0284142583123978,32,NA,NA,NA,NA,151
urn:mavedb:00001217-a-3#1086,NA,NA,p.Gly151Ala,0.991126032580157,0.0709737372194954,32,-0.316171802030315,-0.392,-0.201,undetermined,151
urn:mavedb:00001217-a-3#1087,NA,NA,p.Gly151Arg,1.07756133068987,0.112853410752239,48,-0.369428174327073,-0.584,-0.198,benign.support,151
urn:mavedb:00001217-a-3#1088,NA,NA,p.Gly151Asp,0.705356135623421,0.161279361705514,16,-0.0301782687890393,-0.335,0.675,undetermined,151
urn:mavedb:00001217-a-3#1089,NA,NA,p.Gly151Cys,1.05075451930132,0.0172102029837976,16,-0.358668114941625,-0.372,-0.336,benign.support,151
urn:mavedb:00001217-a-3#1090,NA,NA,p.Gly151Gln,1.04420353386863,0.0152448871948763,16,-0.354764302715586,-0.368,-0.333,benign.support,151
urn:mavedb:00001217-a-3#1091,NA,NA,p.Gly151Glu,1.11296931025154,0.0170324220462527,16,-0.384653006628118,-0.399,-0.37,benign.support,151
urn:mavedb:00001217-a-3#1092,NA,NA,p.Gly151Ile,0.0962117681982196,0.332061763906103,8,0.740315993496782,-0.082,0.933,patho.moderate,151
urn:mavedb:00001217-a-3#1093,NA,NA,p.Gly151Leu,1.00283577440811,0.0464647933560607,48,-0.32506309191365,-0.377,-0.254,benign.support,151
urn:mavedb:00001217-a-3#1094,NA,NA,p.Gly151Met,0.940682357689028,0.0341773442565713,16,-0.276998407441141,-0.329,-0.22,undetermined,151
urn:mavedb:00001217-a-3#1095,NA,NA,p.Gly151Phe,1.08960290757376,0.0217083765870548,16,-0.374239279572929,-0.393,-0.356,benign.support,151
urn:mavedb:00001217-a-3#1096,NA,NA,p.Gly151Pro,-0.419440077408136,0.219916461426371,32,0.557465136270722,0.0,0.682,patho.support,151
urn:mavedb:00001217-a-3#1097,NA,NA,p.Gly151Ser,0.921030061309104,0.127368616394438,48,-0.260952627461898,-0.41,0.022,undetermined,151
urn:mavedb:00001217-a-3#1098,NA,NA,p.Gly151Thr,1.11957042979743,0.0303849688008552,16,-0.387634637566575,-0.416,-0.363,benign.support,151
urn:mavedb:00001217-a-3#1099,NA,NA,p.Gly151Trp,0.9098396679711,0.019247539647029,16,-0.251312570909276,-0.282,-0.218,undetermined,151
urn:mavedb:00001217-a-3#1100,NA,NA,p.Gly151Tyr,0.967513138426886,0.0911705310882015,16,-0.298025551583282,-0.399,-0.132,undetermined,151
urn:mavedb:00001217-a-3#1101,NA,NA,p.Gly151Val,0.980789231143109,0.0557223387145706,32,-0.308514416742955,-0.375,-0.219,undetermined,151
urn:mavedb:00001217-a-3#1102,NA,NA,p.Gly17=,0.95499790213633,0.0469050760267554,48,NA,NA,NA,NA,17
urn:mavedb:00001217-a-3#1103,NA,NA,p.Gly17Ala,-0.202561814448202,0.345381632398939,40,0.647760020722225,0.0,0.92,patho.moderate,17
urn:mavedb:00001217-a-3#1104,NA,NA,p.Gly17Arg,0.333001940494796,0.451182725472662,64,0.833978549826682,-0.397,0.931,patho.moderate,17
urn:mavedb:00001217-a-3#1105,NA,NA,p.Gly17Asp,0.193257099677434,0.200829247689458,16,0.865682398397327,0.193,0.937,patho.moderate,17
urn:mavedb:00001217-a-3#1106,NA,NA,p.Gly17Cys,0.964505986424994,0.279505397724818,32,-0.295652964294693,-0.649,0.596,undetermined,17
urn:mavedb:00001217-a-3#1107,NA,NA,p.Gly17Gln,-0.0332913431169334,0.224146072997835,16,0.65487953062096,0.402,0.929,patho.moderate,17
urn:mavedb:00001217-a-3#1108,NA,NA,p.Gly17Glu,0.164451642344226,0.198198934276256,16,0.823679269452581,0.259,0.937,patho.moderate,17
urn:mavedb:00001217-a-3#1109,NA,NA,p.Gly17His,-0.281183774459989,0.317276230974094,8,0.634623944558217,0.0,0.899,patho.support,17
urn:mavedb:00001217-a-3#1110,NA,NA,p.Gly17Leu,-0.12772929890261,0.296753965511004,48,0.652154218859733,0.0,0.923,patho.moderate,17
urn:mavedb:00001217-a-3#1111,NA,NA,p.Gly17Lys,-0.206446883972053,0.223145745010215,16,0.646767174878872,0.058,0.867,patho.moderate,17
urn:mavedb:00001217-a-3#1112,NA,NA,p.Gly17Met,-0.219705250427959,0.226592607780674,16,0.643346671786589,0.0,0.875,patho.moderate,17
urn:mavedb:00001217-a-3#1113,NA,NA,p.Gly17Phe,-0.264746514710065,0.225541009660871,16,0.636047793615947,0.0,0.823,patho.support,17
urn:mavedb:00001217-a-3#1114,NA,NA,p.Gly17Pro,-0.295543556010481,0.259100354653299,24,0.634604589315972,0.0,0.84,patho.support,17
urn:mavedb:00001217-a-3#1115,NA,NA,p.Gly17Ser,0.265808100558403,0.463753123662694,48,0.934809534594588,-0.396,0.932,patho.moderate,17
urn:mavedb:00001217-a-3#1116,NA,NA,p.Gly17Ter,-0.181927437771774,0.222757925895757,16,NA,NA,NA,NA,17
urn:mavedb:00001217-a-3#1117,NA,NA,p.Gly17Thr,0.501921370492727,0.203498056476738,24,0.388946675783321,-0.244,0.932,patho.support,17
urn:mavedb:00001217-a-3#1118,NA,NA,p.Gly17Trp,0.01722012285924,0.190392287470557,16,0.684598201940377,0.563,0.931,patho.moderate,17
urn:mavedb:00001217-a-3#1119,NA,NA,p.Gly17Tyr,-0.172455819877106,0.227136169353287,16,0.652898107218793,0.149,0.902,patho.moderate,17
urn:mavedb:00001217-a-3#1120,NA,NA,p.Gly17Val,0.741068565746487,0.312407855056988,48,-0.0771014483649285,-0.545,0.914,undetermined,17
urn:mavedb:00001217-a-3#1121,NA,NA,p.Gly28=,1.03237231221702,0.0412786352250678,16,NA,NA,NA,NA,28
urn:mavedb:00001217-a-3#1122,NA,NA,p.Gly28Arg,0.263117430011489,0.216897544909036,32,0.932539826599887,0.004,0.938,patho.moderate,28
urn:mavedb:00001217-a-3#1123,NA,NA,p.Gly28Asn,1.28148287585064,0.0259320127222924,8,-0.53906778538546,-0.641,-0.465,benign.support,28
urn:mavedb:00001217-a-3#1124,NA,NA,p.Gly28Cys,0.623267982477172,0.0670410631728464,16,0.102261357150598,-0.09,0.412,undetermined,28
urn:mavedb:00001217-a-3#1125,NA,NA,p.Gly28Glu,1.02280547926507,0.151154446768936,16,-0.339423991979149,-0.593,-0.064,benign.support,28
urn:mavedb:00001217-a-3#1126,NA,NA,p.Gly28Trp,0.726301380914474,0.188676627321671,16,-0.0581245522391096,-0.379,0.751,undetermined,28
urn:mavedb:00001217-a-3#1127,NA,NA,p.Gly28Val,0.738511854325421,0.157540525521809,24,-0.0738670477883163,-0.359,0.566,undetermined,28
urn:mavedb:00001217-a-3#1128,NA,NA,p.Gly34=,1.0260298453831,0.0450107784432592,32,NA,NA,NA,NA,34
urn:mavedb:00001217-a-3#1129,NA,NA,p.Gly34Ala,0.183489388799673,0.491206817074228,48,0.85404171850572,-0.374,0.931,patho.moderate,34
urn:mavedb:00001217-a-3#1130,NA,NA,p.Gly34Arg,0.0041231495308549,0.259648323838206,64,0.680077549559607,0.222,0.931,patho.moderate,34
urn:mavedb:00001217-a-3#1131,NA,NA,p.Gly34Asp,-0.0715732565098992,0.172860226640854,16,0.650075955354392,0.566,0.91,patho.moderate,34
urn:mavedb:00001217-a-3#1132,NA,NA,p.Gly34Cys,0.005373906465792,0.189384258874292,16,0.680519500568331,0.554,0.929,patho.moderate,34
urn:mavedb:00001217-a-3#1133,NA,NA,p.Gly34Gln,-0.344522252612799,0.224851084698647,16,0.635278531349826,0.0,0.728,patho.support,34
urn:mavedb:00001217-a-3#1134,NA,NA,p.Gly34Glu,0.170832033232221,0.422717675772661,32,0.833437939668058,-0.317,0.931,patho.moderate,34
urn:mavedb:00001217-a-3#1135,NA,NA,p.Gly34His,-0.211177377474123,0.224168146603692,16,0.645553064496206,0.004,0.873,patho.moderate,34
urn:mavedb:00001217-a-3#1136,NA,NA,p.Gly34Ile,-0.215423992755987,0.232965288864862,16,0.644457462767734,0.0,0.882,patho.moderate,34
urn:mavedb:00001217-a-3#1137,NA,NA,p.Gly34Leu,-0.424359310011702,0.258954227357017,48,0.551833618720594,0.0,0.725,patho.support,34
urn:mavedb:00001217-a-3#1138,NA,NA,p.Gly34Lys,0.395380286107842,0.154891643630873,16,0.655652678959089,-0.024,0.937,patho.moderate,34
urn:mavedb:00001217-a-3#1139,NA,NA,p.Gly34Met,-0.432047896287763,0.224390960770269,16,0.543205966245611,0.0,0.684,patho.support,34
urn:mavedb:00001217-a-3#1140,NA,NA,p.Gly34Phe,-0.418335046608009,0.220272983416579,16,0.55881420320505,0.0,0.683,patho.support,34
urn:mavedb:00001217-a-3#1141,NA,NA,p.Gly34Pro,-0.332464340013491,0.260845087861133,32,0.634995709630877,0.0,0.816,patho.support,34
urn:mavedb:00001217-a-3#1142,NA,NA,p.Gly34Ser,0.0599102363178845,0.202673386664565,48,0.710202271145406,0.476,0.934,patho.moderate,34
urn:mavedb:00001217-a-3#1143,NA,NA,p.Gly34Ter,0.238733058908245,0.257871523335224,16,NA,NA,NA,NA,34
urn:mavedb:00001217-a-3#1144,NA,NA,p.Gly34Thr,-0.517818416373016,0.222244872140926,32,0.410438681043517,0.0,0.653,patho.support,34
urn:mavedb:00001217-a-3#1145,NA,NA,p.Gly34Trp,0.021132761130103,0.169567678465199,16,0.68631220340259,0.63,0.931,patho.moderate,34
urn:mavedb:00001217-a-3#1146,NA,NA,p.Gly34Tyr,-0.274175309759802,0.224342823065733,16,0.634730114155571,0.0,0.802,patho.support,34
urn:mavedb:00001217-a-3#1147,NA,NA,p.Gly34Val,0.646561451090401,0.367020925961884,48,0.0610361506471027,-0.524,0.928,undetermined,34
urn:mavedb:00001217-a-3#1148,NA,NA,p.Gly38=,0.965603364453329,0.0928322769739987,32,NA,NA,NA,NA,38
urn:mavedb:00001217-a-3#1149,NA,NA,p.Gly38Ala,0.534727840179713,0.332380447256215,48,0.304318599395511,-0.407,0.932,undetermined,38
urn:mavedb:00001217-a-3#1150,NA,NA,p.Gly38Arg,0.471179906202551,0.336960172759924,80,0.469944863620253,-0.393,0.934,patho.support,38
urn:mavedb:00001217-a-3#1151,NA,NA,p.Gly38Asp,0.291760348261018,0.100747709741964,16,0.929113707583815,0.427,0.94,patho.moderate,38
urn:mavedb:00001217-a-3#1152,NA,NA,p.Gly38Cys,-0.0256987687127785,0.207331537102241,16,0.658554311263338,0.496,0.927,patho.moderate,38
urn:mavedb:00001217-a-3#1153,NA,NA,p.Gly38Gln,0.0441176158490735,0.206326260478151,16,0.699117044018431,0.467,0.933,patho.moderate,38
urn:mavedb:00001217-a-3#1154,NA,NA,p.Gly38Glu,-0.221983917410285,0.228526963508529,16,0.642752626618656,0.0,0.874,patho.moderate,38
urn:mavedb:00001217-a-3#1155,NA,NA,p.Gly38His,0.460396342908663,0.160976164802688,16,0.49362481498267,-0.113,0.935,patho.support,38
urn:mavedb:00001217-a-3#1156,NA,NA,p.Gly38Ile,-0.183940539573805,0.221551541740032,16,0.653992985745354,0.153,0.878,patho.moderate,38
urn:mavedb:00001217-a-3#1157,NA,NA,p.Gly38Leu,0.239758795787869,0.349175466502442,48,0.913865355943933,-0.266,0.935,patho.moderate,38
urn:mavedb:00001217-a-3#1158,NA,NA,p.Gly38Lys,-0.0665617178436592,0.22028215510942,16,0.650129778420986,0.411,0.924,patho.moderate,38
urn:mavedb:00001217-a-3#1159,NA,NA,p.Gly38Phe,-0.416784739762268,0.231877189334266,16,0.560687554776496,0.0,0.69,patho.support,38
urn:mavedb:00001217-a-3#1160,NA,NA,p.Gly38Pro,-0.339946632689982,0.226378036050767,24,0.63516127719928,0.0,0.747,patho.support,38
urn:mavedb:00001217-a-3#1161,NA,NA,p.Gly38Ser,0.18686456956492,0.304700534642033,48,0.858123598382927,-0.123,0.935,patho.moderate,38
urn:mavedb:00001217-a-3#1162,NA,NA,p.Gly38Ter,0.811264981268643,0.344119762344664,32,NA,NA,NA,NA,38
urn:mavedb:00001217-a-3#1163,NA,NA,p.Gly38Thr,-0.380589497965122,0.22371670319718,24,0.602758137733136,0.0,0.709,patho.support,38
urn:mavedb:00001217-a-3#1164,NA,NA,p.Gly38Trp,-0.464116704337493,0.204505440535782,16,0.501193656739982,0.0,0.653,patho.support,38
urn:mavedb:00001217-a-3#1165,NA,NA,p.Gly38Tyr,-0.258520467378699,0.217456780821386,16,0.636910222505146,0.0,0.801,patho.moderate,38
urn:mavedb:00001217-a-3#1166,NA,NA,p.Gly38Val,0.155294148086935,0.183047949291849,32,0.811552229179475,0.341,0.937,patho.moderate,38
urn:mavedb:00001217-a-3#1167,NA,NA,p.Gly42=,0.965425444549079,0.0499830942154801,48,NA,NA,NA,NA,42
urn:mavedb:00001217-a-3#1168,NA,NA,p.Gly42Ala,-0.245816173521763,0.271446387845937,32,0.638657395741105,0.0,0.891,patho.moderate,42
urn:mavedb:00001217-a-3#1169,NA,NA,p.Gly42Arg,-0.297738679061945,0.312229908220896,32,0.634609633021816,0.0,0.894,patho.support,42
urn:mavedb:00001217-a-3#1170,NA,NA,p.Gly42Asn,-0.0923640625524618,0.223919459005948,16,0.650043331648919,0.342,0.918,patho.moderate,42
urn:mavedb:00001217-a-3#1171,NA,NA,p.Gly42Asp,-0.301211820741048,0.224430826779166,16,0.634622067685625,0.0,0.773,patho.support,42
urn:mavedb:00001217-a-3#1172,NA,NA,p.Gly42Cys,0.841448479494499,0.231833592489316,24,-0.188578102401567,-0.519,0.663,undetermined,42
urn:mavedb:00001217-a-3#1173,NA,NA,p.Gly42Gln,-0.325763354106141,0.315143674546835,8,0.634873741551629,0.0,0.87,patho.support,42
urn:mavedb:00001217-a-3#1174,NA,NA,p.Gly42Glu,-0.394307218921675,0.21820281878195,16,0.587603924522398,0.0,0.694,patho.support,42
urn:mavedb:00001217-a-3#1175,NA,NA,p.Gly42Leu,-0.0838415096650214,0.321424597406387,8,0.65001932392803,0.0,0.924,patho.moderate,42
urn:mavedb:00001217-a-3#1176,NA,NA,p.Gly42Lys,-0.083287662805933,0.322505335838077,8,0.650019570833572,0.0,0.927,patho.moderate,42
urn:mavedb:00001217-a-3#1177,NA,NA,p.Gly42Met,-0.238596951167122,0.317013913036824,8,0.639645991236497,0.0,0.91,patho.moderate,42
urn:mavedb:00001217-a-3#1178,NA,NA,p.Gly42Ser,0.433515834476439,0.435795784693241,48,0.555893647287414,-0.455,0.929,patho.support,42
urn:mavedb:00001217-a-3#1179,NA,NA,p.Gly42Thr,-0.284222546456475,0.264584534357201,16,0.634612399805172,0.0,0.859,patho.support,42
urn:mavedb:00001217-a-3#1180,NA,NA,p.Gly42Trp,-0.200600975137543,0.222958016551081,16,0.648259851607374,0.111,0.878,patho.moderate,42
urn:mavedb:00001217-a-3#1181,NA,NA,p.Gly42Tyr,-0.622463803580379,0.315847543936384,8,0.120200830322587,0.0,0.67,undetermined,42
urn:mavedb:00001217-a-3#1182,NA,NA,p.Gly42Val,0.879715875333962,0.318177794776705,32,-0.225045040062686,-0.635,0.868,undetermined,42
urn:mavedb:00001217-a-3#1183,NA,NA,p.Gly45=,0.924113543257139,0.0238638413490867,32,NA,NA,NA,NA,45
urn:mavedb:00001217-a-3#1184,NA,NA,p.Gly45Ala,1.00699771113871,0.0417387773715222,40,-0.328025999648179,-0.374,-0.265,benign.support,45
urn:mavedb:00001217-a-3#1185,NA,NA,p.Gly45Arg,0.770633327477488,0.117513089832469,72,-0.112289595793774,-0.324,0.296,undetermined,45
urn:mavedb:00001217-a-3#1186,NA,NA,p.Gly45Asp,0.16435859434217,0.330517253362336,8,0.82354153943607,-0.156,0.934,patho.moderate,45
urn:mavedb:00001217-a-3#1187,NA,NA,p.Gly45Cys,0.8473143553512,0.0806193757962767,16,-0.194827877792153,-0.328,-0.004,undetermined,45
urn:mavedb:00001217-a-3#1188,NA,NA,p.Gly45Gln,-0.177550338787269,0.224560086944716,16,0.65336751527887,0.122,0.892,patho.moderate,45
urn:mavedb:00001217-a-3#1189,NA,NA,p.Gly45Glu,0.818099160516478,0.0896071138193361,24,-0.163847716636211,-0.316,0.074,undetermined,45
urn:mavedb:00001217-a-3#1190,NA,NA,p.Gly45Leu,-0.137483278111695,0.252435967847335,40,0.651568046628235,0.039,0.916,patho.moderate,45
urn:mavedb:00001217-a-3#1191,NA,NA,p.Gly45Met,0.751082037222435,0.0482480590284664,16,-0.0894042519765488,-0.195,0.043,undetermined,45
urn:mavedb:00001217-a-3#1192,NA,NA,p.Gly45Phe,-0.139167164513627,0.224161008040939,16,0.651471668353403,0.256,0.906,patho.moderate,45
urn:mavedb:00001217-a-3#1193,NA,NA,p.Gly45Pro,1.03199801412676,0.0630386281438505,8,-0.346328330359476,-0.404,-0.247,benign.support,45
urn:mavedb:00001217-a-3#1194,NA,NA,p.Gly45Ser,0.985757890410126,0.047779786944942,24,-0.312154290278382,-0.37,-0.236,undetermined,45
urn:mavedb:00001217-a-3#1195,NA,NA,p.Gly45Ter,0.107940069472431,0.435310958158621,24,NA,NA,NA,NA,45
urn:mavedb:00001217-a-3#1196,NA,NA,p.Gly45Thr,0.0337794675684063,0.372126217432542,16,0.69279206505731,-0.103,0.932,patho.moderate,45
urn:mavedb:00001217-a-3#1197,NA,NA,p.Gly45Trp,-0.0192843812934415,0.1860966814308,16,0.662258369195728,0.574,0.923,patho.moderate,45
urn:mavedb:00001217-a-3#1198,NA,NA,p.Gly45Val,0.186644781220005,0.215305920589549,40,0.857859760281798,0.133,0.937,patho.moderate,45
urn:mavedb:00001217-a-3#1199,NA,NA,p.Gly52=,0.935743059538477,0.152111290068842,24,NA,NA,NA,NA,52
urn:mavedb:00001217-a-3#1200,NA,NA,p.Gly52Ala,0.720621992749272,0.37953762802374,24,-0.0506111506373244,-0.59,0.92,undetermined,52
urn:mavedb:00001217-a-3#1201,NA,NA,p.Gly52Arg,0.91477560016341,0.0966584156250541,32,-0.255639942672514,-0.381,-0.055,undetermined,52
urn:mavedb:00001217-a-3#1202,NA,NA,p.Gly52Asp,0.484786487944761,0.175506707399219,16,0.436351052702612,-0.176,0.934,patho.support,52
urn:mavedb:00001217-a-3#1203,NA,NA,p.Gly52Glu,0.961228492815301,0.173373752136179,32,-0.293097031868622,-0.558,0.115,undetermined,52
urn:mavedb:00001217-a-3#1204,NA,NA,p.Gly52Ile,0.518912054255742,0.201705006739781,16,0.34313805294697,-0.253,0.932,patho.support,52
urn:mavedb:00001217-a-3#1205,NA,NA,p.Gly52Ter,0.795196605085833,0.368785788143775,32,NA,NA,NA,NA,52
urn:mavedb:00001217-a-3#1206,NA,NA,p.Gly52Thr,0.175120845152729,0.256193323696914,8,0.840253405200605,0.008,0.936,patho.moderate,52
urn:mavedb:00001217-a-3#1207,NA,NA,p.Gly52Tyr,1.36018586988752,0.0410025767085752,8,-0.702962001283809,-0.723,-0.327,benign.support,52
urn:mavedb:00001217-a-3#1208,NA,NA,p.Gly52Val,0.509038471636918,0.36069313297026,32,0.369660727217906,-0.42,0.931,patho.support,52
urn:mavedb:00001217-a-3#1209,NA,NA,p.Gly57=,0.966116429578744,0.145137846566512,32,NA,NA,NA,NA,57
urn:mavedb:00001217-a-3#1210,NA,NA,p.Gly57Ala,0.812070099384444,0.334027683640925,16,-0.15749862265547,-0.622,0.905,undetermined,57
urn:mavedb:00001217-a-3#1211,NA,NA,p.Gly57Asn,1.12464125382281,0.0204056497998628,8,-0.389822749160468,-0.407,-0.372,benign.support,57
urn:mavedb:00001217-a-3#1212,NA,NA,p.Gly57Asp,0.436324546705383,0.302799740095646,32,0.549338890801112,-0.347,0.934,patho.support,57
urn:mavedb:00001217-a-3#1213,NA,NA,p.Gly57Cys,1.07216046675904,0.0262104407983481,16,-0.367372192650938,-0.389,-0.338,benign.support,57
urn:mavedb:00001217-a-3#1214,NA,NA,p.Gly57Glu,0.52921667328221,0.206574104273175,16,0.317515075825159,-0.275,0.932,patho.support,57
urn:mavedb:00001217-a-3#1215,NA,NA,p.Gly57Ser,0.679749548704536,0.14516680767498,24,0.0069549545715255,-0.297,0.657,undetermined,57
urn:mavedb:00001217-a-3#1216,NA,NA,p.Gly57Thr,1.01810052570629,0.0323923508737699,8,-0.33593880730323,-0.371,-0.289,benign.support,57
urn:mavedb:00001217-a-3#1217,NA,NA,p.Gly57Trp,0.877964355954467,0.0300546843448965,16,-0.223484879618987,-0.275,-0.166,undetermined,57
urn:mavedb:00001217-a-3#1218,NA,NA,p.Gly57Val,0.909041870410853,0.222071123451849,24,-0.250595151543736,-0.575,0.462,undetermined,57
urn:mavedb:00001217-a-3#1219,NA,NA,p.Gly62=,0.897771291711879,0.0474195658860995,16,NA,NA,NA,NA,62
urn:mavedb:00001217-a-3#1220,NA,NA,p.Gly62Ala,0.973122097037293,0.0848470864737196,24,-0.302525069377446,-0.396,-0.154,undetermined,62
urn:mavedb:00001217-a-3#1221,NA,NA,p.Gly62Arg,0.788252800426088,0.120328689332681,48,-0.131955391707693,-0.34,0.26,undetermined,62
urn:mavedb:00001217-a-3#1222,NA,NA,p.Gly62Asp,0.877819017356173,0.0782629855804449,16,-0.223355621172091,-0.347,-0.054,undetermined,62
urn:mavedb:00001217-a-3#1223,NA,NA,p.Gly62Cys,1.07975875843009,0.0222930192889773,16,-0.370281957248229,-0.389,-0.349,benign.support,62
urn:mavedb:00001217-a-3#1224,NA,NA,p.Gly62Glu,1.07163506887806,0.0191840607136801,16,-0.367175294177761,-0.383,-0.348,benign.support,62
urn:mavedb:00001217-a-3#1225,NA,NA,p.Gly62Leu,0.89794513615165,0.172783898857606,24,-0.24076072054398,-0.462,0.237,undetermined,62
urn:mavedb:00001217-a-3#1226,NA,NA,p.Gly62Pro,-0.324392276357217,0.318231152456056,8,0.634851738989442,0.0,0.882,patho.support,62
urn:mavedb:00001217-a-3#1227,NA,NA,p.Gly62Ser,0.821661469323085,0.273593776842064,32,-0.167601452343321,-0.578,0.835,undetermined,62
urn:mavedb:00001217-a-3#1228,NA,NA,p.Gly62Thr,0.444530586717879,0.241960874348037,16,0.529426133397373,-0.262,0.935,patho.support,62
urn:mavedb:00001217-a-3#1229,NA,NA,p.Gly62Trp,1.03062077304726,0.0441981603763298,16,-0.345334877135123,-0.387,-0.281,benign.support,62
urn:mavedb:00001217-a-3#1230,NA,NA,p.Gly62Val,0.828993477572288,0.102225546582564,32,-0.175342339334619,-0.344,0.106,undetermined,62
urn:mavedb:00001217-a-3#1231,NA,NA,p.Gly73=,0.959986075770042,0.0711789058770019,32,NA,NA,NA,NA,73
urn:mavedb:00001217-a-3#1232,NA,NA,p.Gly73Ala,0.982941385565713,0.181521637229266,32,-0.310082058806107,-0.601,0.097,undetermined,73
urn:mavedb:00001217-a-3#1233,NA,NA,p.Gly73Arg,0.985908553147657,0.116146362497267,24,-0.312265815119885,-0.446,-0.093,undetermined,73
urn:mavedb:00001217-a-3#1234,NA,NA,p.Gly73Asn,-0.0189738485814393,0.309946500782211,8,0.662442302121852,0.0,0.929,patho.moderate,73
urn:mavedb:00001217-a-3#1235,NA,NA,p.Gly73Asp,0.846067115052292,0.133444656097715,16,-0.193527457972751,-0.379,0.159,undetermined,73
urn:mavedb:00001217-a-3#1236,NA,NA,p.Gly73Cys,0.92992725202157,0.028615308443659,16,-0.268381551423532,-0.313,-0.22,undetermined,73
urn:mavedb:00001217-a-3#1237,NA,NA,p.Gly73Glu,0.736409233335868,0.0272351913931593,16,-0.0711921778118872,-0.134,0.002,undetermined,73
urn:mavedb:00001217-a-3#1238,NA,NA,p.Gly73Ile,-0.269332287777705,0.227354875096318,16,0.635408905247105,0.0,0.813,patho.support,73
urn:mavedb:00001217-a-3#1239,NA,NA,p.Gly73Leu,1.07204421039587,0.034050691859119,16,-0.36732857799781,-0.395,-0.327,benign.support,73
urn:mavedb:00001217-a-3#1240,NA,NA,p.Gly73Lys,0.196446127602873,0.332507889006756,8,0.8693737588555,-0.198,0.935,patho.moderate,73
urn:mavedb:00001217-a-3#1241,NA,NA,p.Gly73Ser,0.613688147320005,0.147332053865659,16,0.119964046331174,-0.243,0.852,undetermined,73
urn:mavedb:00001217-a-3#1242,NA,NA,p.Gly73Ter,-0.0772911005959222,0.324567145255116,8,NA,NA,NA,NA,73
urn:mavedb:00001217-a-3#1243,NA,NA,p.Gly73Trp,-0.0655887434661074,0.231399455455014,16,0.650142286376277,0.332,0.922,patho.moderate,73
urn:mavedb:00001217-a-3#1244,NA,NA,p.Gly73Val,0.963290105060131,0.0219835094969213,16,-0.294701191968147,-0.328,-0.261,undetermined,73
urn:mavedb:00001217-a-3#1245,NA,NA,p.Gly74=,0.987938573154779,0.115427294223583,40,NA,NA,NA,NA,74
urn:mavedb:00001217-a-3#1246,NA,NA,p.Gly74Ala,1.01741502605119,0.104058221045131,16,-0.335437878987988,-0.453,-0.158,benign.support,74
urn:mavedb:00001217-a-3#1247,NA,NA,p.Gly74Arg,0.778318701484406,0.170890920798136,32,-0.120905011497449,-0.385,0.537,undetermined,74
urn:mavedb:00001217-a-3#1248,NA,NA,p.Gly74Asn,1.05275260827535,0.0706796329610228,8,-0.359730419087812,-0.426,-0.253,benign.support,74
urn:mavedb:00001217-a-3#1249,NA,NA,p.Gly74Asp,0.230941545084653,0.228489839213281,8,0.906729515685763,0.01,0.937,patho.moderate,74
urn:mavedb:00001217-a-3#1250,NA,NA,p.Gly74Cys,-0.021200155886713,0.175740252715961,16,0.661122407835408,0.596,0.924,patho.moderate,74
urn:mavedb:00001217-a-3#1251,NA,NA,p.Gly74Glu,1.01612176675869,0.119402601537916,16,-0.334497442986113,-0.488,-0.125,benign.support,74
urn:mavedb:00001217-a-3#1252,NA,NA,p.Gly74Lys,-0.200443376212919,0.119760782702596,16,0.6482999908436,0.538,0.691,patho.moderate,74
urn:mavedb:00001217-a-3#1253,NA,NA,p.Gly74Met,0.831024200711973,0.0982265165315019,8,-0.177491565712511,-0.339,0.074,undetermined,74
urn:mavedb:00001217-a-3#1254,NA,NA,p.Gly74Ser,1.02670799485482,0.128964127892162,24,-0.342379624902047,-0.533,-0.111,benign.support,74
urn:mavedb:00001217-a-3#1255,NA,NA,p.Gly74Trp,0.856950979501428,0.0320467749542493,16,-0.204423550864155,-0.26,-0.14,undetermined,74
urn:mavedb:00001217-a-3#1256,NA,NA,p.Gly83=,0.932628247748583,0.055426595174788,32,NA,NA,NA,NA,83
urn:mavedb:00001217-a-3#1257,NA,NA,p.Gly83Ala,0.908315772450895,0.125305113382991,48,-0.249943490932824,-0.403,0.039,undetermined,83
urn:mavedb:00001217-a-3#1258,NA,NA,p.Gly83Arg,0.980274439298779,0.156821136836613,64,-0.30814141886846,-0.544,0.007,undetermined,83
urn:mavedb:00001217-a-3#1259,NA,NA,p.Gly83Asn,0.52746973583883,0.170563376872146,16,0.32158686113556,-0.205,0.929,patho.support,83
urn:mavedb:00001217-a-3#1260,NA,NA,p.Gly83Asp,0.663152822917825,0.101986353595851,16,0.033130647862303,-0.212,0.494,undetermined,83
urn:mavedb:00001217-a-3#1261,NA,NA,p.Gly83Gln,0.813338664475554,0.175415724073644,16,-0.158834463709612,-0.401,0.473,undetermined,83
urn:mavedb:00001217-a-3#1262,NA,NA,p.Gly83Glu,0.796466452489727,0.0449199792872075,24,-0.141026077258891,-0.229,-0.036,undetermined,83
urn:mavedb:00001217-a-3#1263,NA,NA,p.Gly83His,0.906578162781164,0.0717880343102925,8,-0.248388888710436,-0.356,-0.107,undetermined,83
urn:mavedb:00001217-a-3#1264,NA,NA,p.Gly83Leu,0.961477006374587,0.147218009711315,32,-0.293289768860946,-0.489,0.015,undetermined,83
urn:mavedb:00001217-a-3#1265,NA,NA,p.Gly83Lys,1.11720264785818,0.0182638777437437,8,-0.386639669043412,-0.402,-0.371,benign.support,83
urn:mavedb:00001217-a-3#1266,NA,NA,p.Gly83Met,0.771131441202725,0.147463335324436,16,-0.112845699376552,-0.363,0.442,undetermined,83
urn:mavedb:00001217-a-3#1267,NA,NA,p.Gly83Phe,1.06942764229677,0.0235475342535568,16,-0.366353847490468,-0.386,-0.339,benign.support,83
urn:mavedb:00001217-a-3#1268,NA,NA,p.Gly83Pro,0.422350319408937,0.18418612554839,16,0.581529672760653,-0.129,0.936,patho.support,83
urn:mavedb:00001217-a-3#1269,NA,NA,p.Gly83Ser,0.958447184510355,0.14896001653036,32,-0.290951555056612,-0.489,0.036,undetermined,83
urn:mavedb:00001217-a-3#1270,NA,NA,p.Gly83Ter,0.978917489967515,0.262791252015263,24,NA,NA,NA,NA,83
urn:mavedb:00001217-a-3#1271,NA,NA,p.Gly83Thr,1.04478810852197,0.10020370364737,24,-0.355140117761871,-0.476,-0.193,benign.support,83
urn:mavedb:00001217-a-3#1272,NA,NA,p.Gly83Trp,1.11795153938886,0.0070358689068504,16,-0.38695257830674,-0.393,-0.38,benign.support,83
urn:mavedb:00001217-a-3#1273,NA,NA,p.Gly83Tyr,1.21416227710256,0.0201219509134688,8,-0.44510880792259,-0.493,-0.413,benign.support,83
urn:mavedb:00001217-a-3#1274,NA,NA,p.Gly83Val,1.00629816086519,0.0825296998153096,40,-0.327541092463817,-0.408,-0.193,benign.support,83
urn:mavedb:00001217-a-3#1275,NA,NA,p.Gly86=,0.996029270291344,0.0417533729420216,48,NA,NA,NA,NA,86
urn:mavedb:00001217-a-3#1276,NA,NA,p.Gly86Ala,0.373061433148535,0.209421971835374,48,0.72202929140435,-0.118,0.936,patho.moderate,86
urn:mavedb:00001217-a-3#1277,NA,NA,p.Gly86Arg,0.0399239504512819,0.494195205470305,64,0.69652201502867,-0.313,0.928,patho.moderate,86
urn:mavedb:00001217-a-3#1278,NA,NA,p.Gly86Asn,-0.383802387232296,0.227231301687385,16,0.599354269787933,0.0,0.713,patho.support,86
urn:mavedb:00001217-a-3#1279,NA,NA,p.Gly86Asp,-0.334722629709647,0.390765190263221,32,0.635042343672925,0.0,0.902,patho.support,86
urn:mavedb:00001217-a-3#1280,NA,NA,p.Gly86Cys,0.702205698417093,0.323061963540018,32,-0.0259151957052225,-0.53,0.92,undetermined,86
urn:mavedb:00001217-a-3#1281,NA,NA,p.Gly86Glu,-0.761231164940443,0.119626691428186,16,0.0,0.0,0.399,undetermined,86
urn:mavedb:00001217-a-3#1282,NA,NA,p.Gly86His,-0.210000341598043,0.229156567506059,16,0.645855743826285,0.0,0.87,patho.moderate,86
urn:mavedb:00001217-a-3#1283,NA,NA,p.Gly86Ile,-0.344141279985908,0.226321841642858,16,0.635268290665155,0.0,0.734,patho.support,86
urn:mavedb:00001217-a-3#1284,NA,NA,p.Gly86Leu,-0.245846095915344,0.247622891135164,40,0.63865329416624,0.0,0.877,patho.moderate,86
urn:mavedb:00001217-a-3#1285,NA,NA,p.Gly86Lys,-0.566398358487347,0.218948372111037,16,0.298281325070825,0.0,0.652,undetermined,86
urn:mavedb:00001217-a-3#1286,NA,NA,p.Gly86Met,0.271643013593274,0.172057213331199,16,0.939525663970628,0.133,0.938,patho.moderate,86
urn:mavedb:00001217-a-3#1287,NA,NA,p.Gly86Phe,0.436523313446364,0.068161790687881,16,0.548859708933813,0.218,0.904,patho.support,86
urn:mavedb:00001217-a-3#1288,NA,NA,p.Gly86Pro,-0.419784238745409,0.256078491143457,32,0.557042611055971,0.0,0.718,patho.support,86
urn:mavedb:00001217-a-3#1289,NA,NA,p.Gly86Ser,-0.273858889018393,0.309392635390001,48,0.634774603476242,0.0,0.901,patho.support,86
urn:mavedb:00001217-a-3#1290,NA,NA,p.Gly86Ter,-0.058910666377272,0.235852414587403,16,NA,NA,NA,NA,86
urn:mavedb:00001217-a-3#1291,NA,NA,p.Gly86Thr,-0.150565219330192,0.252022553513426,32,0.651157965698348,0.003,0.911,patho.moderate,86
urn:mavedb:00001217-a-3#1292,NA,NA,p.Gly86Trp,0.960692446579784,0.0188676925869706,16,-0.2926818807841,-0.321,-0.264,undetermined,86
urn:mavedb:00001217-a-3#1293,NA,NA,p.Gly86Tyr,-0.547433362415821,0.317586783526736,8,0.344854691919237,0.0,0.713,patho.support,86
urn:mavedb:00001217-a-3#1294,NA,NA,p.Gly86Val,0.498159388677802,0.416046669074652,48,0.399607092295514,-0.456,0.931,patho.support,86
urn:mavedb:00001217-a-3#1295,NA,NA,p.Gly94=,1.00527258587483,0.0203348200056806,32,NA,NA,NA,NA,94
urn:mavedb:00001217-a-3#1296,NA,NA,p.Gly94Ala,0.299156785306854,0.182980242470033,32,0.915897559219725,0.042,0.939,patho.moderate,94
urn:mavedb:00001217-a-3#1297,NA,NA,p.Gly94Arg,-0.329780542497757,0.299358588973638,48,0.634943948092695,0.0,0.865,patho.support,94
urn:mavedb:00001217-a-3#1298,NA,NA,p.Gly94Asn,0.215650753047508,0.131922377263148,16,0.891128749424934,0.472,0.939,patho.moderate,94
urn:mavedb:00001217-a-3#1299,NA,NA,p.Gly94Asp,0.464591351249635,0.0738633595277888,16,0.48465249927768,0.131,0.868,patho.support,94
urn:mavedb:00001217-a-3#1300,NA,NA,p.Gly94Cys,0.607985013264443,0.0527403056475651,16,0.130840889807604,-0.038,0.376,undetermined,94
urn:mavedb:00001217-a-3#1301,NA,NA,p.Gly94Gln,0.385830937066197,0.172137852219898,16,0.685472847577207,-0.048,0.938,patho.moderate,94
urn:mavedb:00001217-a-3#1302,NA,NA,p.Gly94Glu,0.556571275222586,0.15174655473163,16,0.248541705030567,-0.197,0.918,undetermined,94
urn:mavedb:00001217-a-3#1303,NA,NA,p.Gly94His,0.383018230841231,0.241989871534847,8,0.693479755080367,-0.2,0.936,patho.moderate,94
urn:mavedb:00001217-a-3#1304,NA,NA,p.Gly94Ile,-0.4506893508938,0.227251570038907,16,0.520047998239747,0.0,0.677,patho.support,94
urn:mavedb:00001217-a-3#1305,NA,NA,p.Gly94Leu,-0.098480572402304,0.396914823169187,48,0.650165327331977,-0.02,0.926,patho.moderate,94
urn:mavedb:00001217-a-3#1306,NA,NA,p.Gly94Lys,0.109825314283173,0.179773684916231,16,0.753386207559524,0.48,0.936,patho.moderate,94
urn:mavedb:00001217-a-3#1307,NA,NA,p.Gly94Met,0.239375724862913,0.0919973099158801,16,0.913550220508798,0.595,0.94,patho.moderate,94
urn:mavedb:00001217-a-3#1308,NA,NA,p.Gly94Phe,-0.507284927851807,0.178620148623848,16,0.430372992376061,0.0,0.652,patho.support,94
urn:mavedb:00001217-a-3#1309,NA,NA,p.Gly94Pro,-0.405162909349718,0.226177262749196,32,0.574402641181896,0.0,0.686,patho.support,94
urn:mavedb:00001217-a-3#1310,NA,NA,p.Gly94Ser,0.399177078832902,0.211459716317317,48,0.643867057263704,-0.15,0.936,patho.moderate,94
urn:mavedb:00001217-a-3#1311,NA,NA,p.Gly94Ter,-0.528390104049636,0.232598086285894,16,NA,NA,NA,NA,94
urn:mavedb:00001217-a-3#1312,NA,NA,p.Gly94Thr,-0.140168893042142,0.249600880765696,32,0.651414996276751,0.06,0.915,patho.moderate,94
urn:mavedb:00001217-a-3#1313,NA,NA,p.Gly94Trp,-0.32343504001911,0.227202301324784,16,0.634836960342254,0.0,0.757,patho.support,94
urn:mavedb:00001217-a-3#1314,NA,NA,p.Gly94Tyr,-0.0238356109783635,0.178489362739483,16,0.659555984182633,0.594,0.923,patho.moderate,94
urn:mavedb:00001217-a-3#1315,NA,NA,p.Gly94Val,0.591489794410142,0.147499106447348,32,0.165019434171291,-0.224,0.892,undetermined,94
urn:mavedb:00001217-a-3#1316,NA,NA,p.His111Ala,1.01621394411138,0.102931391289249,32,-0.334564274849038,-0.452,-0.161,benign.support,111
urn:mavedb:00001217-a-3#1317,NA,NA,p.His111Arg,0.944662430359925,0.03811563026939,48,-0.280097229365982,-0.337,-0.218,undetermined,111
urn:mavedb:00001217-a-3#1318,NA,NA,p.His111Asn,1.03726144269883,0.0105978682334055,16,-0.350193782048565,-0.362,-0.335,benign.support,111
urn:mavedb:00001217-a-3#1319,NA,NA,p.His111Asp,0.814287452542337,0.0112692494638285,16,-0.159833534399321,-0.183,-0.136,undetermined,111
urn:mavedb:00001217-a-3#1320,NA,NA,p.His111Cys,0.969437588851165,0.0287327904731399,16,-0.299558228111537,-0.341,-0.254,undetermined,111
urn:mavedb:00001217-a-3#1321,NA,NA,p.His111Gln,1.03994170099875,0.0061150230447416,16,-0.352038348710104,-0.359,-0.343,benign.support,111
urn:mavedb:00001217-a-3#1322,NA,NA,p.His111Glu,0.929584577867109,0.0260407164976072,16,-0.26810788383996,-0.308,-0.224,undetermined,111
urn:mavedb:00001217-a-3#1323,NA,NA,p.His111Gly,0.91240832469298,0.0410720965818554,32,-0.253603384346787,-0.317,-0.18,undetermined,111
urn:mavedb:00001217-a-3#1324,NA,NA,p.His111Ile,0.46540787983878,0.0364423500368107,16,0.482915330037576,0.296,0.657,patho.support,111
urn:mavedb:00001217-a-3#1325,NA,NA,p.His111Leu,0.812412288036041,0.0368668947328869,48,-0.157858968006472,-0.229,-0.078,undetermined,111
urn:mavedb:00001217-a-3#1326,NA,NA,p.His111Lys,1.09649346978627,0.0153448902934339,16,-0.377149547269197,-0.39,-0.365,benign.support,111
urn:mavedb:00001217-a-3#1327,NA,NA,p.His111Met,1.09224144566682,0.0261829154872286,16,-0.375339261604929,-0.397,-0.352,benign.support,111
urn:mavedb:00001217-a-3#1328,NA,NA,p.His111Phe,0.679506348430712,0.0423530130512951,16,0.0073325504334257,-0.102,0.154,undetermined,111
urn:mavedb:00001217-a-3#1329,NA,NA,p.His111Pro,0.79272445690283,0.0829271756022728,32,-0.136900096945758,-0.288,0.092,undetermined,111
urn:mavedb:00001217-a-3#1330,NA,NA,p.His111Ser,0.955991242293563,0.0878865756345436,48,-0.289074315240401,-0.392,-0.13,undetermined,111
urn:mavedb:00001217-a-3#1331,NA,NA,p.His111Ter,0.263288864383432,0.134187684778628,16,NA,NA,NA,NA,111
urn:mavedb:00001217-a-3#1332,NA,NA,p.His111Thr,0.95804757459732,0.0856632056931658,32,-0.290645020684305,-0.39,-0.132,undetermined,111
urn:mavedb:00001217-a-3#1333,NA,NA,p.His111Trp,0.66449984872121,0.0260612374529638,16,0.030899861278662,-0.043,0.12,undetermined,111
urn:mavedb:00001217-a-3#1334,NA,NA,p.His111Tyr,0.948651181108387,0.0179113844872557,16,-0.283242282386322,-0.311,-0.255,undetermined,111
urn:mavedb:00001217-a-3#1335,NA,NA,p.His111Val,0.442377779432304,0.091593162039772,32,0.534582238783878,0.102,0.93,patho.support,111
urn:mavedb:00001217-a-3#1336,NA,NA,p.His121=,0.855445575989155,0.212664828066527,16,NA,NA,NA,NA,121
urn:mavedb:00001217-a-3#1337,NA,NA,p.His121Ala,0.908816672448511,0.0307632847681108,32,-0.250392910155841,-0.299,-0.197,undetermined,121
urn:mavedb:00001217-a-3#1338,NA,NA,p.His121Arg,0.893582626983114,0.0658651691676798,48,-0.236961390917875,-0.341,-0.103,undetermined,121
urn:mavedb:00001217-a-3#1339,NA,NA,p.His121Asn,0.992641336934745,0.0094451402808808,16,-0.31732267547352,-0.331,-0.303,undetermined,121
urn:mavedb:00001217-a-3#1340,NA,NA,p.His121Asp,0.997446482456172,0.0100044071290436,16,-0.321023710568024,-0.335,-0.306,benign.support,121
urn:mavedb:00001217-a-3#1341,NA,NA,p.His121Cys,0.970937000851424,0.0080915317319291,16,-0.300760367561701,-0.313,-0.289,undetermined,121
urn:mavedb:00001217-a-3#1342,NA,NA,p.His121Gln,0.879772372753778,0.0618822310383745,32,-0.225095440778027,-0.325,-0.1,undetermined,121
urn:mavedb:00001217-a-3#1343,NA,NA,p.His121Glu,0.782097168798036,0.009355880720801,16,-0.12511599072397,-0.145,-0.104,undetermined,121
urn:mavedb:00001217-a-3#1344,NA,NA,p.His121Gly,1.03784881351329,0.0535222619106349,32,-0.350599512688798,-0.398,-0.271,benign.support,121
urn:mavedb:00001217-a-3#1345,NA,NA,p.His121Ile,0.816704960345655,0.0122902874514558,16,-0.162379292051787,-0.188,-0.137,undetermined,121
urn:mavedb:00001217-a-3#1346,NA,NA,p.His121Leu,1.01366136649358,0.0343409311197292,48,-0.332724614089872,-0.37,-0.281,benign.support,121
urn:mavedb:00001217-a-3#1347,NA,NA,p.His121Lys,1.039145180981,0.0147386251166104,16,-0.351488823777263,-0.366,-0.33,benign.support,121
urn:mavedb:00001217-a-3#1348,NA,NA,p.His121Met,0.947893059114363,0.0408639146548665,16,-0.282641368817038,-0.343,-0.216,undetermined,121
urn:mavedb:00001217-a-3#1349,NA,NA,p.His121Phe,1.00818040982622,0.0195418523254311,16,-0.328849336145177,-0.356,-0.3,benign.support,121
urn:mavedb:00001217-a-3#1350,NA,NA,p.His121Pro,0.263328864656865,0.0703362671360464,32,0.932720383822061,0.639,0.941,patho.moderate,121
urn:mavedb:00001217-a-3#1351,NA,NA,p.His121Ser,1.01701751407235,0.0186362526962323,48,-0.335148176318844,-0.36,-0.308,benign.support,121
urn:mavedb:00001217-a-3#1352,NA,NA,p.His121Ter,0.304166460280667,0.0937246871321447,16,NA,NA,NA,NA,121
urn:mavedb:00001217-a-3#1353,NA,NA,p.His121Thr,1.10154611489606,0.0441091177339379,32,-0.379364476071915,-0.42,-0.334,benign.support,121
urn:mavedb:00001217-a-3#1354,NA,NA,p.His121Trp,0.945461710734997,0.0365526912676649,16,-0.280724206948565,-0.335,-0.219,undetermined,121
urn:mavedb:00001217-a-3#1355,NA,NA,p.His121Tyr,1.00538148724392,0.0200441179858969,16,-0.326908000089514,-0.355,-0.297,benign.support,121
urn:mavedb:00001217-a-3#1356,NA,NA,p.His121Val,0.922005805356055,0.0672289733192522,32,-0.261761632515361,-0.359,-0.135,undetermined,121
urn:mavedb:00001217-a-3#1357,NA,NA,p.His44=,1.04260828103649,0.128089431408356,16,NA,NA,NA,NA,44
urn:mavedb:00001217-a-3#1358,NA,NA,p.His44Ala,-0.115790936985647,0.256820499022342,24,0.652732984454432,0.109,0.92,patho.moderate,44
urn:mavedb:00001217-a-3#1359,NA,NA,p.His44Arg,-0.270742032359744,0.266265766966321,32,0.635211776387624,0.0,0.88,patho.support,44
urn:mavedb:00001217-a-3#1360,NA,NA,p.His44Asn,0.871072175841131,0.0280815869028873,16,-0.217386893344986,-0.266,-0.161,undetermined,44
urn:mavedb:00001217-a-3#1361,NA,NA,p.His44Asp,0.392476412322899,0.139631525383338,16,0.665208185109016,0.028,0.938,patho.moderate,44
urn:mavedb:00001217-a-3#1362,NA,NA,p.His44Gln,0.271706986342392,0.296726544307223,24,0.939575832141613,-0.197,0.936,patho.moderate,44
urn:mavedb:00001217-a-3#1363,NA,NA,p.His44Glu,-0.258885394118115,0.219143592805799,16,0.636859810492067,0.0,0.816,patho.moderate,44
urn:mavedb:00001217-a-3#1364,NA,NA,p.His44Gly,-0.209847524897629,0.247854377393826,32,0.645895011631588,0.0,0.896,patho.moderate,44
urn:mavedb:00001217-a-3#1365,NA,NA,p.His44Ile,-0.410946791085725,0.229280045790187,16,0.567543610708607,0.0,0.696,patho.support,44
urn:mavedb:00001217-a-3#1366,NA,NA,p.His44Leu,-0.209054802821455,0.226316934606338,40,0.646098603080823,0.0,0.871,patho.moderate,44
urn:mavedb:00001217-a-3#1367,NA,NA,p.His44Lys,-0.109207716535728,0.219137713542399,16,0.651603529528791,0.347,0.914,patho.moderate,44
urn:mavedb:00001217-a-3#1368,NA,NA,p.His44Met,-0.363832192170288,0.219508395423487,16,0.619161082188702,0.0,0.721,patho.support,44
urn:mavedb:00001217-a-3#1369,NA,NA,p.His44Phe,0.959436212720717,0.0323642028406848,16,-0.291712067055567,-0.341,-0.24,undetermined,44
urn:mavedb:00001217-a-3#1370,NA,NA,p.His44Pro,-0.218579702885865,0.286331868611457,32,0.643639352858427,0.0,0.901,patho.moderate,44
urn:mavedb:00001217-a-3#1371,NA,NA,p.His44Thr,-0.237086405579181,0.239181546688374,32,0.639852697188032,0.0,0.87,patho.moderate,44
urn:mavedb:00001217-a-3#1372,NA,NA,p.His44Tyr,1.10866701897558,0.0299672792421188,16,-0.382612853868774,-0.409,-0.357,benign.support,44
urn:mavedb:00001217-a-3#1373,NA,NA,p.His44Val,-0.291715032618538,0.219712841731658,24,0.634600940344929,0.0,0.777,patho.support,44
urn:mavedb:00001217-a-3#1374,NA,NA,p.His47Ala,0.300350923171491,0.235185017051267,24,0.913446872722319,-0.102,0.937,patho.moderate,47
urn:mavedb:00001217-a-3#1375,NA,NA,p.His47Arg,0.964291754433059,0.0345506298264852,32,-0.295484956613136,-0.346,-0.241,undetermined,47
urn:mavedb:00001217-a-3#1376,NA,NA,p.His47Asp,0.819504664779672,0.171370493972453,16,-0.165328383932657,-0.401,0.456,undetermined,47
urn:mavedb:00001217-a-3#1377,NA,NA,p.His47Cys,-0.205655007579152,0.31639788130652,8,0.646969833507088,0.0,0.914,patho.moderate,47
urn:mavedb:00001217-a-3#1378,NA,NA,p.His47Gln,0.879435965216292,0.0840573583446075,16,-0.224795406084221,-0.355,-0.045,undetermined,47
urn:mavedb:00001217-a-3#1379,NA,NA,p.His47Leu,1.08365274383246,0.129189750800899,40,-0.37182072871666,-0.623,-0.177,benign.support,47
urn:mavedb:00001217-a-3#1380,NA,NA,p.His47Lys,0.551439120511564,0.324536352082445,8,0.261359895369548,-0.403,0.932,undetermined,47
urn:mavedb:00001217-a-3#1381,NA,NA,p.His47Met,1.00795118232198,0.0743743996836267,8,-0.328689410676252,-0.401,-0.208,benign.support,47
urn:mavedb:00001217-a-3#1382,NA,NA,p.His47Ter,-0.177414243387431,0.319416091608183,8,NA,NA,NA,NA,47
urn:mavedb:00001217-a-3#1383,NA,NA,p.His47Trp,-0.374118356698953,0.22537262086005,16,0.609355621323292,0.0,0.718,patho.support,47
urn:mavedb:00001217-a-3#1384,NA,NA,p.His47Tyr,0.81025410480026,0.238410373439853,16,-0.155586069979756,-0.506,0.792,undetermined,47
urn:mavedb:00001217-a-3#1385,NA,NA,p.His47Val,0.901299859078999,0.161774553994031,24,-0.243706829048146,-0.444,0.178,undetermined,47
urn:mavedb:00001217-a-3#1386,NA,NA,p.His49Ala,1.20418451602905,0.029976585048969,16,-0.434675213638763,-0.507,-0.398,benign.support,49
urn:mavedb:00001217-a-3#1387,NA,NA,p.His49Arg,0.800476062263218,0.606784345974431,16,-0.145272791852596,-0.641,0.916,undetermined,49
urn:mavedb:00001217-a-3#1388,NA,NA,p.His49Asp,0.608169205497518,0.370386180964301,8,0.130482148457597,-0.499,0.927,undetermined,49
urn:mavedb:00001217-a-3#1389,NA,NA,p.His49Gln,0.922278664757977,0.0903221757127368,16,-0.261988246178321,-0.379,-0.087,undetermined,49
urn:mavedb:00001217-a-3#1390,NA,NA,p.His49Gly,0.592216138393845,0.132230924065172,16,0.163440416703097,-0.197,0.832,undetermined,49
urn:mavedb:00001217-a-3#1391,NA,NA,p.His49Ile,1.0537113594519,0.0557933049817491,16,-0.360183358765258,-0.408,-0.28,benign.support,49
urn:mavedb:00001217-a-3#1392,NA,NA,p.His49Leu,0.924004193324652,0.194031744240214,40,-0.26342524629026,-0.548,0.292,undetermined,49
urn:mavedb:00001217-a-3#1393,NA,NA,p.His49Phe,1.11726906281273,0.0553420806946602,8,-0.386667353247375,-0.459,-0.331,benign.support,49
urn:mavedb:00001217-a-3#1394,NA,NA,p.His49Pro,0.327198569760053,0.376339020704372,32,0.852159507361349,-0.355,0.933,patho.moderate,49
urn:mavedb:00001217-a-3#1395,NA,NA,p.His49Ser,0.782638324735545,0.126316391987483,24,-0.125719012788873,-0.344,0.294,undetermined,49
urn:mavedb:00001217-a-3#1396,NA,NA,p.His49Tyr,0.988979766465553,0.0374597551466463,16,-0.314554564238734,-0.364,-0.257,undetermined,49
urn:mavedb:00001217-a-3#1397,NA,NA,p.His64Arg,0.883830445142109,0.0838640647040567,24,-0.228584116328134,-0.356,-0.049,undetermined,64
urn:mavedb:00001217-a-3#1398,NA,NA,p.His64Gln,0.770797246423939,0.155518971219236,32,-0.112472637888981,-0.367,0.487,undetermined,64
urn:mavedb:00001217-a-3#1399,NA,NA,p.His64Glu,-0.131793360707356,0.319372163157556,8,0.651904149490744,0.0,0.922,patho.moderate,64
urn:mavedb:00001217-a-3#1400,NA,NA,p.His64Gly,-0.266763795011317,0.24711930100644,32,0.635767170603093,0.0,0.859,patho.support,64
urn:mavedb:00001217-a-3#1401,NA,NA,p.His64Leu,0.489299865731789,0.2368335586448,16,0.42446328643271,-0.292,0.934,patho.support,64
urn:mavedb:00001217-a-3#1402,NA,NA,p.His64Lys,1.2611073110615,0.0451581777453815,8,-0.505198643575379,-0.674,-0.412,benign.support,64
urn:mavedb:00001217-a-3#1403,NA,NA,p.His64Met,1.14279458232407,0.0276803331700453,8,-0.397344639579178,-0.428,-0.374,benign.support,64
urn:mavedb:00001217-a-3#1404,NA,NA,p.His64Pro,0.525538599048771,0.310611671821656,8,0.326181066004168,-0.392,0.931,patho.support,64
urn:mavedb:00001217-a-3#1405,NA,NA,p.His64Ser,0.796644724885219,0.233306669991625,24,-0.14121897363274,-0.469,0.799,undetermined,64
urn:mavedb:00001217-a-3#1406,NA,NA,p.His64Ter,0.172128990736951,0.328522848850042,8,NA,NA,NA,NA,64
urn:mavedb:00001217-a-3#1407,NA,NA,p.His64Trp,0.165735098851297,0.219430273706293,16,0.825575359532337,0.135,0.937,patho.moderate,64
urn:mavedb:00001217-a-3#1408,NA,NA,p.His64Tyr,0.792999883602984,0.154702170285323,24,-0.137204120572101,-0.378,0.413,undetermined,64
urn:mavedb:00001217-a-3#1409,NA,NA,p.His72=,0.905564885480484,0.0364288362084704,16,NA,NA,NA,NA,72
urn:mavedb:00001217-a-3#1410,NA,NA,p.His72Ala,0.951415770352191,0.0409153173931254,16,-0.285446522290271,-0.346,-0.216,undetermined,72
urn:mavedb:00001217-a-3#1411,NA,NA,p.His72Arg,0.552569736104795,0.198595520647373,64,0.25850157214747,-0.28,0.93,undetermined,72
urn:mavedb:00001217-a-3#1412,NA,NA,p.His72Asn,1.02516521410012,0.149733637593433,24,-0.341203931212762,-0.596,-0.062,benign.support,72
urn:mavedb:00001217-a-3#1413,NA,NA,p.His72Asp,0.611771981905022,0.294815108559546,32,0.123570449265771,-0.415,0.927,undetermined,72
urn:mavedb:00001217-a-3#1414,NA,NA,p.His72Cys,0.0782217027936035,0.196513145601842,16,0.724327713220382,0.467,0.934,patho.moderate,72
urn:mavedb:00001217-a-3#1415,NA,NA,p.His72Gln,0.937823475783436,0.128815201288009,32,-0.274763843925257,-0.424,-0.004,undetermined,72
urn:mavedb:00001217-a-3#1416,NA,NA,p.His72Ile,-0.464968756464638,0.316626159271169,8,0.499930158702938,0.0,0.783,patho.support,72
urn:mavedb:00001217-a-3#1417,NA,NA,p.His72Leu,0.912001474475677,0.173859716191508,56,-0.253254612532151,-0.486,0.205,undetermined,72
urn:mavedb:00001217-a-3#1418,NA,NA,p.His72Lys,0.55911606889021,0.170095059616634,16,0.242024271132301,-0.236,0.925,undetermined,72
urn:mavedb:00001217-a-3#1419,NA,NA,p.His72Met,0.744897000532825,0.105724692229787,16,-0.081909696297862,-0.287,0.299,undetermined,72
urn:mavedb:00001217-a-3#1420,NA,NA,p.His72Phe,0.81911231445929,0.0391324854677564,8,-0.164915010952232,-0.24,-0.079,undetermined,72
urn:mavedb:00001217-a-3#1421,NA,NA,p.His72Pro,0.814534612469348,0.18836764352958,24,-0.160093793221335,-0.415,0.515,undetermined,72
urn:mavedb:00001217-a-3#1422,NA,NA,p.His72Ser,-0.4619017509242,0.221302366310725,16,0.504439542330539,0.0,0.654,patho.support,72
urn:mavedb:00001217-a-3#1423,NA,NA,p.His72Ter,-0.50234492409814,0.16612466043446,8,NA,NA,NA,NA,72
urn:mavedb:00001217-a-3#1424,NA,NA,p.His72Trp,0.144334719126964,0.229110847490634,16,0.7949467342271,0.149,0.935,patho.moderate,72
urn:mavedb:00001217-a-3#1425,NA,NA,p.His72Tyr,0.540384155543444,0.18971624780016,16,0.28985067845565,-0.25,0.931,undetermined,72
urn:mavedb:00001217-a-3#1426,NA,NA,p.His72Val,0.242732815173312,0.16662579697692,24,0.916268272984545,0.234,0.938,patho.moderate,72
urn:mavedb:00001217-a-3#1427,NA,NA,p.His81Arg,0.597846788257697,0.325671811171763,32,0.15140212439412,-0.436,0.93,undetermined,81
urn:mavedb:00001217-a-3#1428,NA,NA,p.His81Asn,1.00359743550232,0.0150690651305302,16,-0.325627133523597,-0.347,-0.303,benign.support,81
urn:mavedb:00001217-a-3#1429,NA,NA,p.His81Asp,0.801173107177357,0.0571100246829617,16,-0.146009336114122,-0.255,-0.004,undetermined,81
urn:mavedb:00001217-a-3#1430,NA,NA,p.His81Gly,0.473316075591838,0.25990286363445,24,0.464979527792161,-0.305,0.934,patho.support,81
urn:mavedb:00001217-a-3#1431,NA,NA,p.His81Leu,1.02544671284475,0.13523844174788,40,-0.341417736034294,-0.543,-0.094,benign.support,81
urn:mavedb:00001217-a-3#1432,NA,NA,p.His81Met,-0.443049636795597,0.316003521266153,8,0.529939956881316,0.0,0.789,patho.support,81
urn:mavedb:00001217-a-3#1433,NA,NA,p.His81Pro,0.573426570765296,0.261937054451529,32,0.207185129118281,-0.372,0.931,undetermined,81
urn:mavedb:00001217-a-3#1434,NA,NA,p.His81Ter,0.128002569897413,0.228806177096914,16,NA,NA,NA,NA,81
urn:mavedb:00001217-a-3#1435,NA,NA,p.His81Val,-0.370976991963939,0.34483778974681,16,0.612437184184933,0.0,0.879,patho.support,81
urn:mavedb:00001217-a-3#1436,NA,NA,p.Ile100=,1.00449265834347,0.0711078212745718,16,NA,NA,NA,NA,100
urn:mavedb:00001217-a-3#1437,NA,NA,p.Ile100Ala,0.562279603324489,0.0904632089707211,32,0.234113609191922,-0.077,0.694,undetermined,100
urn:mavedb:00001217-a-3#1438,NA,NA,p.Ile100Arg,0.609341676134003,0.0771502291004901,48,0.128211037116668,-0.099,0.495,undetermined,100
urn:mavedb:00001217-a-3#1439,NA,NA,p.Ile100Asn,-0.23322426431653,0.240487555456149,16,0.64038118639195,0.0,0.873,patho.moderate,100
urn:mavedb:00001217-a-3#1440,NA,NA,p.Ile100Asp,0.245880996892465,0.202191112914078,16,0.918824619564297,0.057,0.938,patho.moderate,100
urn:mavedb:00001217-a-3#1441,NA,NA,p.Ile100Cys,0.932210883725108,0.0055966864679534,16,-0.270212135212193,-0.279,-0.261,undetermined,100
urn:mavedb:00001217-a-3#1442,NA,NA,p.Ile100Gln,0.697147405651769,0.0289574746745939,16,-0.0189446047261723,-0.094,0.074,undetermined,100
urn:mavedb:00001217-a-3#1443,NA,NA,p.Ile100Glu,0.202494691817447,0.0872843853980669,16,0.876239739537175,0.673,0.94,patho.moderate,100
urn:mavedb:00001217-a-3#1444,NA,NA,p.Ile100Gly,0.650126077533924,0.0800275544145836,32,0.0548540851899061,-0.15,0.415,undetermined,100
urn:mavedb:00001217-a-3#1445,NA,NA,p.Ile100His,0.643387184420232,0.0214790452152465,16,0.0666459060763566,-0.003,0.144,undetermined,100
urn:mavedb:00001217-a-3#1446,NA,NA,p.Ile100Leu,0.943674505907353,0.0370409785376876,48,-0.279324464413413,-0.335,-0.218,undetermined,100
urn:mavedb:00001217-a-3#1447,NA,NA,p.Ile100Lys,0.7542922327869,0.0109337594245774,16,-0.0932261196258506,-0.118,-0.066,undetermined,100
urn:mavedb:00001217-a-3#1448,NA,NA,p.Ile100Met,0.971316558631973,0.0078453339678411,16,-0.301065801051464,-0.313,-0.289,undetermined,100
urn:mavedb:00001217-a-3#1449,NA,NA,p.Ile100Phe,1.00013894389795,0.0155130340524067,16,-0.32308166919631,-0.345,-0.301,benign.support,100
urn:mavedb:00001217-a-3#1450,NA,NA,p.Ile100Pro,-0.604165706886562,0.25589461171403,32,0.182004730774266,0.0,0.652,undetermined,100
urn:mavedb:00001217-a-3#1451,NA,NA,p.Ile100Ser,0.487214054896366,0.0914973663127914,48,0.43002410674763,0.026,0.891,patho.support,100
urn:mavedb:00001217-a-3#1452,NA,NA,p.Ile100Ter,-0.29546649662327,0.225576003585803,16,NA,NA,NA,NA,100
urn:mavedb:00001217-a-3#1453,NA,NA,p.Ile100Thr,0.954088236913227,0.0575544489988064,32,-0.287597179252339,-0.365,-0.188,undetermined,100
urn:mavedb:00001217-a-3#1454,NA,NA,p.Ile100Trp,0.833804415197211,0.0119590696038098,16,-0.180438856217006,-0.205,-0.156,undetermined,100
urn:mavedb:00001217-a-3#1455,NA,NA,p.Ile100Tyr,0.826870306101896,0.0241839846936985,16,-0.173098029619454,-0.221,-0.123,undetermined,100
urn:mavedb:00001217-a-3#1456,NA,NA,p.Ile100Val,0.928494502097854,0.0563687191857751,32,-0.267197594147212,-0.351,-0.162,undetermined,100
urn:mavedb:00001217-a-3#1457,NA,NA,p.Ile105=,0.98350625492223,0.0499102020140682,32,NA,NA,NA,NA,105
urn:mavedb:00001217-a-3#1458,NA,NA,p.Ile105Ala,0.157997141444257,0.226256639224968,16,0.814757192227623,0.169,0.936,patho.moderate,105
urn:mavedb:00001217-a-3#1459,NA,NA,p.Ile105Arg,-0.162350150833162,0.232940888457256,24,0.652040502727659,0.055,0.903,patho.moderate,105
urn:mavedb:00001217-a-3#1460,NA,NA,p.Ile105Asn,0.776219511359856,0.325091411525148,24,-0.118522420140475,-0.586,0.907,undetermined,105
urn:mavedb:00001217-a-3#1461,NA,NA,p.Ile105Gly,-0.099593260233493,0.237475382724103,16,0.650308236905294,0.251,0.921,patho.moderate,105
urn:mavedb:00001217-a-3#1462,NA,NA,p.Ile105Lys,-0.206644453204302,0.227460403198007,16,0.646716588016416,0.0,0.876,patho.moderate,105
urn:mavedb:00001217-a-3#1463,NA,NA,p.Ile105Met,0.942235415628944,0.143976237547549,16,-0.278203057898978,-0.451,0.045,undetermined,105
urn:mavedb:00001217-a-3#1464,NA,NA,p.Ile105Thr,0.926355456740775,0.12562764508521,16,-0.26539451320088,-0.411,0.007,undetermined,105
urn:mavedb:00001217-a-3#1465,NA,NA,p.Ile105Trp,-0.006567772456823,0.188645550161403,16,0.671887054268323,0.567,0.927,patho.moderate,105
urn:mavedb:00001217-a-3#1466,NA,NA,p.Ile105Tyr,-0.268154384493131,0.222728632286712,16,0.635573344022681,0.0,0.825,patho.support,105
urn:mavedb:00001217-a-3#1467,NA,NA,p.Ile105Val,0.838893644661143,0.0526160575868422,24,-0.185851196007076,-0.277,-0.069,undetermined,105
urn:mavedb:00001217-a-3#1468,NA,NA,p.Ile113=,0.960731116541201,0.0335381095816492,24,NA,NA,NA,NA,113
urn:mavedb:00001217-a-3#1469,NA,NA,p.Ile113Ala,-0.249057263118892,0.224557813153081,32,0.63821284163182,0.0,0.847,patho.moderate,113
urn:mavedb:00001217-a-3#1470,NA,NA,p.Ile113Arg,-0.272426603086917,0.254901440993005,48,0.634975732497832,0.0,0.862,patho.support,113
urn:mavedb:00001217-a-3#1471,NA,NA,p.Ile113Asn,-0.686019785660885,0.219212147049274,16,0.0,0.0,0.637,undetermined,113
urn:mavedb:00001217-a-3#1472,NA,NA,p.Ile113Asp,0.009725619775455,0.234806285666772,16,0.682039789788253,0.353,0.932,patho.moderate,113
urn:mavedb:00001217-a-3#1473,NA,NA,p.Ile113Cys,0.334984367588014,0.156992110676798,16,0.827889187314605,0.075,0.938,patho.moderate,113
urn:mavedb:00001217-a-3#1474,NA,NA,p.Ile113Gln,-0.413951538403894,0.22197248145211,16,0.564053592403297,0.0,0.69,patho.support,113
urn:mavedb:00001217-a-3#1475,NA,NA,p.Ile113Glu,-0.133751987584506,0.204376690878714,16,0.651786623373395,0.373,0.895,patho.moderate,113
urn:mavedb:00001217-a-3#1476,NA,NA,p.Ile113Gly,-0.153940075435903,0.234536239429737,32,0.651398164857259,0.171,0.903,patho.moderate,113
urn:mavedb:00001217-a-3#1477,NA,NA,p.Ile113His,-0.273460145555934,0.232276670083721,16,0.634830638425201,0.0,0.836,patho.support,113
urn:mavedb:00001217-a-3#1478,NA,NA,p.Ile113Leu,0.587471639572264,0.128882188337437,56,0.173948509612981,-0.195,0.818,undetermined,113
urn:mavedb:00001217-a-3#1479,NA,NA,p.Ile113Lys,-0.338460511472946,0.220084376102643,16,0.635125847851505,0.0,0.734,patho.support,113
urn:mavedb:00001217-a-3#1480,NA,NA,p.Ile113Met,0.390205465707456,0.0572681781766504,16,0.672113855754122,0.391,0.932,patho.moderate,113
urn:mavedb:00001217-a-3#1481,NA,NA,p.Ile113Phe,-0.0860684739500815,0.208821329211905,16,0.650020549195854,0.441,0.916,patho.moderate,113
urn:mavedb:00001217-a-3#1482,NA,NA,p.Ile113Pro,-0.248998721094328,0.219843630798942,16,0.638220876990855,0.0,0.834,patho.moderate,113
urn:mavedb:00001217-a-3#1483,NA,NA,p.Ile113Ser,-0.258329886437162,0.483345888059873,56,0.636936543715887,0.0,0.916,patho.moderate,113
urn:mavedb:00001217-a-3#1484,NA,NA,p.Ile113Ter,-0.357538159522919,0.223182628767465,16,NA,NA,NA,NA,113
urn:mavedb:00001217-a-3#1485,NA,NA,p.Ile113Thr,0.532580769891402,0.399667137066953,48,0.309578278910574,-0.472,0.93,undetermined,113
urn:mavedb:00001217-a-3#1486,NA,NA,p.Ile113Trp,-0.404004336107274,0.22549835059434,16,0.575865380757702,0.0,0.691,patho.support,113
urn:mavedb:00001217-a-3#1487,NA,NA,p.Ile113Tyr,-0.0193612171518808,0.201692979383787,16,0.662212849982058,0.53,0.928,patho.moderate,113
urn:mavedb:00001217-a-3#1488,NA,NA,p.Ile113Val,1.00746287888499,0.0514096913175148,48,-0.328349295271468,-0.383,-0.249,benign.support,113
urn:mavedb:00001217-a-3#1489,NA,NA,p.Ile114=,1.02542076764214,0.0461174696351265,32,NA,NA,NA,NA,114
urn:mavedb:00001217-a-3#1490,NA,NA,p.Ile114Ala,-0.027815075328864,0.179534639503972,32,0.657532261346286,0.577,0.92,patho.moderate,114
urn:mavedb:00001217-a-3#1491,NA,NA,p.Ile114Arg,-0.274037514198858,0.341598892066137,48,0.634749490982642,0.0,0.904,patho.support,114
urn:mavedb:00001217-a-3#1492,NA,NA,p.Ile114Asn,0.140421392136588,0.312051946555133,16,0.789770042628795,-0.101,0.933,patho.moderate,114
urn:mavedb:00001217-a-3#1493,NA,NA,p.Ile114Asp,-0.507507694310155,0.227864277115915,16,0.429968777584573,0.0,0.653,patho.support,114
urn:mavedb:00001217-a-3#1494,NA,NA,p.Ile114Cys,0.351135234244109,0.141040800569045,16,0.783096156382676,0.098,0.939,patho.moderate,114
urn:mavedb:00001217-a-3#1495,NA,NA,p.Ile114Gln,-0.494956190058881,0.217524601665442,16,0.451662388090228,0.0,0.653,patho.support,114
urn:mavedb:00001217-a-3#1496,NA,NA,p.Ile114Glu,0.183895849756686,0.1655463171219,16,0.854536754468163,0.369,0.938,patho.moderate,114
urn:mavedb:00001217-a-3#1497,NA,NA,p.Ile114Gly,-0.603221229923918,0.224878920765433,32,0.18488214921856,0.0,0.651,undetermined,114
urn:mavedb:00001217-a-3#1498,NA,NA,p.Ile114His,-0.766438115385042,0.216445426035144,16,0.0,0.0,0.635,undetermined,114
urn:mavedb:00001217-a-3#1499,NA,NA,p.Ile114Leu,0.753377568764884,0.085921082367753,40,-0.0921395741835612,-0.261,0.177,undetermined,114
urn:mavedb:00001217-a-3#1500,NA,NA,p.Ile114Lys,-0.232484315681922,0.229678178178339,16,0.640482454732241,0.0,0.865,patho.moderate,114
urn:mavedb:00001217-a-3#1501,NA,NA,p.Ile114Met,0.683725787746273,0.0334669182846494,16,0.0008467305499971,-0.088,0.109,undetermined,114
urn:mavedb:00001217-a-3#1502,NA,NA,p.Ile114Phe,0.28367119666239,0.30041876156839,16,0.936324038677039,-0.218,0.936,patho.moderate,114
urn:mavedb:00001217-a-3#1503,NA,NA,p.Ile114Pro,0.0313085218575055,0.307004727701839,24,0.691488714017311,0.0,0.934,patho.moderate,114
urn:mavedb:00001217-a-3#1504,NA,NA,p.Ile114Ser,-0.246835676700715,0.231376650079823,48,0.6385176228345,0.0,0.861,patho.moderate,114
urn:mavedb:00001217-a-3#1505,NA,NA,p.Ile114Ter,-0.372613742385618,0.223784742500301,16,NA,NA,NA,NA,114
urn:mavedb:00001217-a-3#1506,NA,NA,p.Ile114Thr,0.321541542214066,0.251717032643404,32,0.865600231463409,-0.159,0.937,patho.moderate,114
urn:mavedb:00001217-a-3#1507,NA,NA,p.Ile114Trp,-0.338671336318901,0.226318131854898,16,0.635130795955448,0.0,0.745,patho.support,114
urn:mavedb:00001217-a-3#1508,NA,NA,p.Ile114Tyr,-0.0543191188744159,0.105005697047915,16,0.650336007347241,0.636,0.806,patho.moderate,114
urn:mavedb:00001217-a-3#1509,NA,NA,p.Ile114Val,0.915791869363288,0.0175865875487785,32,-0.256518093486665,-0.284,-0.227,undetermined,114
urn:mavedb:00001217-a-3#1510,NA,NA,p.Ile150=,1.06243014870615,0.0149231653884333,16,NA,NA,NA,NA,150
urn:mavedb:00001217-a-3#1511,NA,NA,p.Ile150Ala,-0.333616208679926,0.270510006618863,32,0.635019141030908,0.0,0.84,patho.support,150
urn:mavedb:00001217-a-3#1512,NA,NA,p.Ile150Arg,-0.230606924983641,0.245806388947508,32,0.640739439551971,0.0,0.877,patho.moderate,150
urn:mavedb:00001217-a-3#1513,NA,NA,p.Ile150Asn,-0.040844252731337,0.352867273251286,16,0.651951594465681,0.0,0.929,patho.moderate,150
urn:mavedb:00001217-a-3#1514,NA,NA,p.Ile150Asp,-0.431962291488949,0.243273455783202,16,0.543304864027713,0.0,0.697,patho.support,150
urn:mavedb:00001217-a-3#1515,NA,NA,p.Ile150Cys,-0.328046201129995,0.235070002483413,16,0.634912579199773,0.0,0.77,patho.support,150
urn:mavedb:00001217-a-3#1516,NA,NA,p.Ile150Gln,-0.40197249333928,0.317100147865326,8,0.578398998465983,0.0,0.843,patho.support,150
urn:mavedb:00001217-a-3#1517,NA,NA,p.Ile150Glu,-0.408740728718324,0.247002640965193,16,0.570054630544036,0.0,0.735,patho.support,150
urn:mavedb:00001217-a-3#1518,NA,NA,p.Ile150Gly,-0.53323728513082,0.286278225378576,32,0.37792845393441,0.0,0.69,patho.support,150
urn:mavedb:00001217-a-3#1519,NA,NA,p.Ile150His,-0.539281674558764,0.230638279869803,16,0.363961371112009,0.0,0.653,patho.support,150
urn:mavedb:00001217-a-3#1520,NA,NA,p.Ile150Leu,-0.203556554736575,0.235385094011842,48,0.647506142828761,0.0,0.885,patho.moderate,150
urn:mavedb:00001217-a-3#1521,NA,NA,p.Ile150Lys,-0.390761623441148,0.221480748334825,16,0.591678728218362,0.0,0.692,patho.support,150
urn:mavedb:00001217-a-3#1522,NA,NA,p.Ile150Met,0.213597981595796,0.188720401099774,16,0.888760167214664,0.18,0.938,patho.moderate,150
urn:mavedb:00001217-a-3#1523,NA,NA,p.Ile150Phe,-0.0474400367994012,0.331427233211139,16,0.650567315761956,0.0,0.926,patho.moderate,150
urn:mavedb:00001217-a-3#1524,NA,NA,p.Ile150Pro,-0.192773742297257,0.304221202186789,32,0.650772509010671,0.0,0.916,patho.moderate,150
urn:mavedb:00001217-a-3#1525,NA,NA,p.Ile150Ser,0.0147678445166819,0.298743128479126,48,0.683769058806694,0.0,0.93,patho.moderate,150
urn:mavedb:00001217-a-3#1526,NA,NA,p.Ile150Ter,-0.566472798842446,0.219043466234929,16,NA,NA,NA,NA,150
urn:mavedb:00001217-a-3#1527,NA,NA,p.Ile150Thr,0.21860535319673,0.272872930799158,24,0.894509469578908,-0.107,0.936,patho.moderate,150
urn:mavedb:00001217-a-3#1528,NA,NA,p.Ile150Trp,-0.023555962571634,0.2265348603738,16,0.659722416435296,0.391,0.927,patho.moderate,150
urn:mavedb:00001217-a-3#1529,NA,NA,p.Ile150Tyr,-0.199495757653131,0.224237530867853,16,0.648541241200862,0.067,0.877,patho.moderate,150
urn:mavedb:00001217-a-3#1530,NA,NA,p.Ile150Val,0.935452639901284,0.0371891344083191,32,-0.272831761757821,-0.329,-0.211,undetermined,150
urn:mavedb:00001217-a-3#1531,NA,NA,p.Ile152=,0.96075665198046,0.0826458574475821,32,NA,NA,NA,NA,152
urn:mavedb:00001217-a-3#1532,NA,NA,p.Ile152Ala,0.579918107893688,0.0440345748122477,16,0.191534950252844,0.028,0.41,undetermined,152
urn:mavedb:00001217-a-3#1533,NA,NA,p.Ile152Asn,0.839504350727818,0.0393169111633404,16,-0.186502385819707,-0.257,-0.103,undetermined,152
urn:mavedb:00001217-a-3#1534,NA,NA,p.Ile152Glu,-0.147663097959891,0.22489545212484,16,0.651006517559011,0.207,0.909,patho.moderate,152
urn:mavedb:00001217-a-3#1535,NA,NA,p.Ile152Gly,0.852892451296686,0.0521447540650282,24,-0.200461015060923,-0.29,-0.093,undetermined,152
urn:mavedb:00001217-a-3#1536,NA,NA,p.Ile152Leu,0.133728678713984,0.205599409136006,16,0.781277040416926,0.281,0.936,patho.moderate,152
urn:mavedb:00001217-a-3#1537,NA,NA,p.Ile152Met,1.10746364384741,0.0234929170709722,16,-0.382052954152994,-0.402,-0.363,benign.support,152
urn:mavedb:00001217-a-3#1538,NA,NA,p.Ile152Phe,0.110191350256741,0.202471420253505,16,0.753763252259488,0.379,0.935,patho.moderate,152
urn:mavedb:00001217-a-3#1539,NA,NA,p.Ile152Ser,0.473244745600761,0.458041831799133,32,0.465149120806409,-0.509,0.931,patho.support,152
urn:mavedb:00001217-a-3#1540,NA,NA,p.Ile152Ter,-0.332383165286536,0.222351907911461,16,NA,NA,NA,NA,152
urn:mavedb:00001217-a-3#1541,NA,NA,p.Ile152Thr,1.02670913704909,0.109849003109311,40,-0.342380498892417,-0.473,-0.159,benign.support,152
urn:mavedb:00001217-a-3#1542,NA,NA,p.Ile152Val,1.01569038916346,0.0778704548085491,40,-0.334185079661149,-0.408,-0.207,benign.support,152
urn:mavedb:00001217-a-3#1543,NA,NA,p.Ile18=,0.947104670811852,0.0841167907189367,32,NA,NA,NA,NA,18
urn:mavedb:00001217-a-3#1544,NA,NA,p.Ile18Ala,0.351730487206726,0.193563574474805,16,0.781477204141722,-0.071,0.937,patho.moderate,18
urn:mavedb:00001217-a-3#1545,NA,NA,p.Ile18Arg,0.789680114618137,0.204108664057009,32,-0.13353560514288,-0.422,0.663,undetermined,18
urn:mavedb:00001217-a-3#1546,NA,NA,p.Ile18Asn,0.910254977821344,0.0706568911463046,24,-0.25168662875273,-0.357,-0.112,undetermined,18
urn:mavedb:00001217-a-3#1547,NA,NA,p.Ile18Cys,0.906774428928385,0.0428293970190344,16,-0.248564143903536,-0.315,-0.169,undetermined,18
urn:mavedb:00001217-a-3#1548,NA,NA,p.Ile18Glu,0.510231572368795,0.208127824191196,16,0.366493341699841,-0.247,0.933,patho.support,18
urn:mavedb:00001217-a-3#1549,NA,NA,p.Ile18Gly,0.58110960039298,0.165078033540645,24,0.188684902651476,-0.255,0.911,undetermined,18
urn:mavedb:00001217-a-3#1550,NA,NA,p.Ile18His,-0.019253792217748,0.226970870754529,16,0.662276489906528,0.411,0.929,patho.moderate,18
urn:mavedb:00001217-a-3#1551,NA,NA,p.Ile18Leu,0.664068026842365,0.229683034088601,48,0.0316131435038578,-0.385,0.914,undetermined,18
urn:mavedb:00001217-a-3#1552,NA,NA,p.Ile18Met,1.05037309860194,0.0228396082374666,16,-0.358440319090938,-0.376,-0.327,benign.support,18
urn:mavedb:00001217-a-3#1553,NA,NA,p.Ile18Phe,0.864631916431838,0.0553891979455868,16,-0.211513432262058,-0.302,-0.094,undetermined,18
urn:mavedb:00001217-a-3#1554,NA,NA,p.Ile18Ser,0.883826775353624,0.149134911112482,16,-0.2285809911855,-0.409,0.17,undetermined,18
urn:mavedb:00001217-a-3#1555,NA,NA,p.Ile18Ter,-0.25130333235974,0.227454801695962,16,NA,NA,NA,NA,18
urn:mavedb:00001217-a-3#1556,NA,NA,p.Ile18Thr,0.989564140685599,0.0593056374260819,16,-0.314993424701631,-0.382,-0.218,undetermined,18
urn:mavedb:00001217-a-3#1557,NA,NA,p.Ile18Trp,0.214884312127497,0.195828436104099,16,0.890246326141967,0.15,0.938,patho.moderate,18
urn:mavedb:00001217-a-3#1558,NA,NA,p.Ile18Tyr,1.20513899034415,0.0329907705932889,16,-0.435589752374478,-0.517,-0.397,benign.support,18
urn:mavedb:00001217-a-3#1559,NA,NA,p.Ile18Val,0.832016056254274,0.101183743331731,32,-0.178542347454712,-0.348,0.085,undetermined,18
urn:mavedb:00001217-a-3#1560,NA,NA,p.Ile19=,0.920334867891317,0.0447981004797539,24,NA,NA,NA,NA,19
urn:mavedb:00001217-a-3#1561,NA,NA,p.Ile19Ala,0.640413617665268,0.0528136048079072,24,0.0717870380984184,-0.08,0.299,undetermined,19
urn:mavedb:00001217-a-3#1562,NA,NA,p.Ile19Arg,-0.428808886306632,0.252869378098443,40,0.546902954565036,0.0,0.709,patho.support,19
urn:mavedb:00001217-a-3#1563,NA,NA,p.Ile19Asn,-0.529677269747267,0.219128226870303,16,0.385817047458465,0.0,0.653,patho.support,19
urn:mavedb:00001217-a-3#1564,NA,NA,p.Ile19Asp,0.392013002075473,0.177451993173251,16,0.666710208478532,-0.078,0.937,patho.moderate,19
urn:mavedb:00001217-a-3#1565,NA,NA,p.Ile19Cys,0.362653145913512,0.0627716574730117,16,0.753422462725161,0.438,0.938,patho.moderate,19
urn:mavedb:00001217-a-3#1566,NA,NA,p.Ile19Gln,-0.271632387176955,0.241787119120314,16,0.635087086328217,0.0,0.841,patho.support,19
urn:mavedb:00001217-a-3#1567,NA,NA,p.Ile19Glu,-0.451647891601265,0.217684300718201,16,0.518765518901852,0.0,0.654,patho.support,19
urn:mavedb:00001217-a-3#1568,NA,NA,p.Ile19Gly,-0.0660080795540134,0.277999223426343,32,0.65013681358245,0.048,0.929,patho.moderate,19
urn:mavedb:00001217-a-3#1569,NA,NA,p.Ile19His,-0.491532030053403,0.218249730119536,16,0.457217592656357,0.0,0.654,patho.support,19
urn:mavedb:00001217-a-3#1570,NA,NA,p.Ile19Leu,0.753473212935087,0.159069551087547,56,-0.0922532792817496,-0.364,0.536,undetermined,19
urn:mavedb:00001217-a-3#1571,NA,NA,p.Ile19Lys,0.003606474479443,0.214060104411154,16,0.679894316184922,0.473,0.931,patho.moderate,19
urn:mavedb:00001217-a-3#1572,NA,NA,p.Ile19Met,0.77475710744286,0.0314432724421295,16,-0.116883062982211,-0.183,-0.042,undetermined,19
urn:mavedb:00001217-a-3#1573,NA,NA,p.Ile19Phe,-0.130008178332438,0.228230842944114,16,0.652012958120912,0.252,0.91,patho.moderate,19
urn:mavedb:00001217-a-3#1574,NA,NA,p.Ile19Pro,-0.0335870624317675,0.245245763626713,24,0.654735899495458,0.309,0.93,patho.moderate,19
urn:mavedb:00001217-a-3#1575,NA,NA,p.Ile19Ser,0.093606612695547,0.183338682273976,64,0.737882039572531,0.508,0.935,patho.moderate,19
urn:mavedb:00001217-a-3#1576,NA,NA,p.Ile19Ter,-0.367311738217472,0.225305865837623,16,NA,NA,NA,NA,19
urn:mavedb:00001217-a-3#1577,NA,NA,p.Ile19Thr,-0.382704843891281,0.276727153853927,32,0.600526801090948,0.0,0.777,patho.support,19
urn:mavedb:00001217-a-3#1578,NA,NA,p.Ile19Trp,-0.272375132412246,0.221049983404977,16,0.634982952702095,0.0,0.806,patho.support,19
urn:mavedb:00001217-a-3#1579,NA,NA,p.Ile19Tyr,0.0967346755091816,0.21155427343867,16,0.740803299279003,0.346,0.935,patho.moderate,19
urn:mavedb:00001217-a-3#1580,NA,NA,p.Ile19Val,0.874379637479135,0.115759857009699,32,-0.220305398082714,-0.38,0.06,undetermined,19
urn:mavedb:00001217-a-3#1581,NA,NA,p.Ile36=,0.917923432242598,0.282344582749511,16,NA,NA,NA,NA,36
urn:mavedb:00001217-a-3#1582,NA,NA,p.Ile36Ala,-0.282168030051016,0.201613011070786,32,0.634619774046248,0.0,0.757,patho.support,36
urn:mavedb:00001217-a-3#1583,NA,NA,p.Ile36Arg,-0.336448009544761,0.267123280003584,48,0.635079900319233,0.0,0.825,patho.support,36
urn:mavedb:00001217-a-3#1584,NA,NA,p.Ile36Asn,-0.319976917197865,0.335168640102897,16,0.634787513630728,0.0,0.892,patho.support,36
urn:mavedb:00001217-a-3#1585,NA,NA,p.Ile36Asp,0.302987070446552,0.0257076848118551,16,0.908184578861475,0.774,0.942,patho.moderate,36
urn:mavedb:00001217-a-3#1586,NA,NA,p.Ile36Cys,0.096351853637472,0.119716502572986,16,0.740446580788196,0.65,0.933,patho.moderate,36
urn:mavedb:00001217-a-3#1587,NA,NA,p.Ile36Gln,-0.452781579279506,0.229829642387038,16,0.517236491968214,0.0,0.675,patho.support,36
urn:mavedb:00001217-a-3#1588,NA,NA,p.Ile36Glu,0.196769714327851,0.0667477251179082,16,0.869745490937576,0.71,0.939,patho.moderate,36
urn:mavedb:00001217-a-3#1589,NA,NA,p.Ile36Gly,-0.26559789320732,0.167552795933526,32,0.635929436362554,0.211,0.711,patho.support,36
urn:mavedb:00001217-a-3#1590,NA,NA,p.Ile36His,-0.0003592829401704,0.196252447204274,16,0.676910321432596,0.544,0.93,patho.moderate,36
urn:mavedb:00001217-a-3#1591,NA,NA,p.Ile36Leu,0.914795048198716,0.0503288399702848,48,-0.255656725538718,-0.332,-0.163,undetermined,36
urn:mavedb:00001217-a-3#1592,NA,NA,p.Ile36Lys,-0.184074496610417,0.178036442576212,16,0.654006545022205,0.384,0.823,patho.moderate,36
urn:mavedb:00001217-a-3#1593,NA,NA,p.Ile36Met,0.58883045479923,0.0225053838370563,16,0.170891419177837,0.084,0.276,undetermined,36
urn:mavedb:00001217-a-3#1594,NA,NA,p.Ile36Phe,-0.541343754935922,0.319595507554976,16,0.359022956131199,0.0,0.728,patho.support,36
urn:mavedb:00001217-a-3#1595,NA,NA,p.Ile36Pro,0.380353277417727,0.193847999649044,32,0.700793719832468,-0.099,0.937,patho.moderate,36
urn:mavedb:00001217-a-3#1596,NA,NA,p.Ile36Ser,-0.132849757881735,0.248549982678732,48,0.651840520970393,0.11,0.918,patho.moderate,36
urn:mavedb:00001217-a-3#1597,NA,NA,p.Ile36Ter,-0.22531875678197,0.202550570934372,16,NA,NA,NA,NA,36
urn:mavedb:00001217-a-3#1598,NA,NA,p.Ile36Thr,-0.75440356108797,0.185503990956136,32,0.0,0.0,0.591,undetermined,36
urn:mavedb:00001217-a-3#1599,NA,NA,p.Ile36Trp,-0.436472409981176,0.21106501692961,16,0.538004907520238,0.0,0.654,patho.support,36
urn:mavedb:00001217-a-3#1600,NA,NA,p.Ile36Tyr,-0.154327658262386,0.172001656413998,16,0.651426386056096,0.468,0.837,patho.moderate,36
urn:mavedb:00001217-a-3#1601,NA,NA,p.Ile36Val,0.874449874127691,0.0833913827158083,32,-0.220367526883777,-0.353,-0.036,undetermined,36
urn:mavedb:00001217-a-3#1602,NA,NA,p.Leu107=,1.07255396512458,0.121227724735327,56,NA,NA,NA,NA,107
urn:mavedb:00001217-a-3#1603,NA,NA,p.Leu107Ala,-0.274683033724618,0.264414515013347,24,0.634661765676967,0.0,0.879,patho.support,107
urn:mavedb:00001217-a-3#1604,NA,NA,p.Leu107Arg,-0.373780982983202,0.271009873995533,40,0.609690313722664,0.0,0.792,patho.support,107
urn:mavedb:00001217-a-3#1605,NA,NA,p.Leu107Asn,0.316507259033822,0.335850107923584,8,0.877822440795226,-0.3,0.934,patho.moderate,107
urn:mavedb:00001217-a-3#1606,NA,NA,p.Leu107Asp,-0.435315816509957,0.217698624434272,16,0.539381580910763,0.0,0.669,patho.support,107
urn:mavedb:00001217-a-3#1607,NA,NA,p.Leu107Gln,-0.329042304711845,0.223457772035105,16,0.634930397547844,0.0,0.754,patho.support,107
urn:mavedb:00001217-a-3#1608,NA,NA,p.Leu107Glu,-0.176098439603617,0.220983148872536,16,0.653231137185105,0.137,0.886,patho.moderate,107
urn:mavedb:00001217-a-3#1609,NA,NA,p.Leu107Gly,-0.255745724563772,0.258660745691513,24,0.637293045177948,0.0,0.879,patho.moderate,107
urn:mavedb:00001217-a-3#1610,NA,NA,p.Leu107His,-0.0476009471264135,0.374039588485195,24,0.650544618076249,-0.017,0.929,patho.moderate,107
urn:mavedb:00001217-a-3#1611,NA,NA,p.Leu107Ile,0.926811076117777,0.316160282919809,32,-0.265777635619778,-0.649,0.803,undetermined,107
urn:mavedb:00001217-a-3#1612,NA,NA,p.Leu107Lys,-0.103194036408321,0.227963007892723,16,0.650780512933053,0.311,0.917,patho.moderate,107
urn:mavedb:00001217-a-3#1613,NA,NA,p.Leu107Phe,0.250169070844956,0.48581847923066,32,0.922374057093706,-0.398,0.931,patho.moderate,107
urn:mavedb:00001217-a-3#1614,NA,NA,p.Leu107Pro,-0.184970031794994,0.221928792055909,24,0.653684514097247,0.14,0.887,patho.moderate,107
urn:mavedb:00001217-a-3#1615,NA,NA,p.Leu107Ter,-0.322989344559574,0.21733160014482,16,NA,NA,NA,NA,107
urn:mavedb:00001217-a-3#1616,NA,NA,p.Leu107Thr,-0.236992147384374,0.219224059399957,16,0.6398655950886,0.0,0.846,patho.moderate,107
urn:mavedb:00001217-a-3#1617,NA,NA,p.Leu107Trp,-0.159405777303033,0.220227657066415,16,0.651808410799179,0.198,0.89,patho.moderate,107
urn:mavedb:00001217-a-3#1618,NA,NA,p.Leu107Val,-0.28430663237733,0.328419718867304,8,0.634612136468695,0.0,0.903,patho.support,107
urn:mavedb:00001217-a-3#1619,NA,NA,p.Leu118=,1.00464479767033,0.04147189732516,56,NA,NA,NA,NA,118
urn:mavedb:00001217-a-3#1620,NA,NA,p.Leu118Ala,0.0995691593267553,0.324918350405004,32,0.743438052886442,-0.05,0.933,patho.moderate,118
urn:mavedb:00001217-a-3#1621,NA,NA,p.Leu118Arg,-0.177512947034339,0.292523399965478,48,0.653363976766104,0.0,0.918,patho.moderate,118
urn:mavedb:00001217-a-3#1622,NA,NA,p.Leu118Asn,-0.399596267830056,0.230870708137233,16,0.581311606148089,0.0,0.709,patho.support,118
urn:mavedb:00001217-a-3#1623,NA,NA,p.Leu118Asp,-0.32909539797137,0.224632717817494,16,0.634931362265143,0.0,0.756,patho.support,118
urn:mavedb:00001217-a-3#1624,NA,NA,p.Leu118Cys,0.570098112796884,0.032718821782063,16,0.215231810166509,0.079,0.375,undetermined,118
urn:mavedb:00001217-a-3#1625,NA,NA,p.Leu118Gln,0.23165538070286,0.0674452563536634,16,0.907311351816934,0.718,0.941,patho.moderate,118
urn:mavedb:00001217-a-3#1626,NA,NA,p.Leu118Glu,-0.798687327180976,0.218303404777579,16,0.0,0.0,0.625,undetermined,118
urn:mavedb:00001217-a-3#1627,NA,NA,p.Leu118Gly,-0.065289031312626,0.257020178117751,32,0.650146274133826,0.165,0.928,patho.moderate,118
urn:mavedb:00001217-a-3#1628,NA,NA,p.Leu118His,-0.238019888640079,0.229520546908998,16,0.639724960072903,0.0,0.862,patho.moderate,118
urn:mavedb:00001217-a-3#1629,NA,NA,p.Leu118Ile,0.298951475033275,0.103407316566111,16,0.916322068829347,0.393,0.94,patho.moderate,118
urn:mavedb:00001217-a-3#1630,NA,NA,p.Leu118Lys,-0.25347669519758,0.232144694359054,16,0.637605510570562,0.0,0.85,patho.moderate,118
urn:mavedb:00001217-a-3#1631,NA,NA,p.Leu118Met,0.913521989220958,0.0084457952845427,16,-0.254559919012381,-0.269,-0.24,undetermined,118
urn:mavedb:00001217-a-3#1632,NA,NA,p.Leu118Phe,0.0477674327083554,0.229411615766808,16,0.701724580760285,0.33,0.934,patho.moderate,118
urn:mavedb:00001217-a-3#1633,NA,NA,p.Leu118Pro,0.907465244479252,0.165792030157835,24,-0.249181690580311,-0.469,0.181,undetermined,118
urn:mavedb:00001217-a-3#1634,NA,NA,p.Leu118Ser,-0.346066817159187,0.252542033884577,48,0.635320954202351,0.0,0.797,patho.support,118
urn:mavedb:00001217-a-3#1635,NA,NA,p.Leu118Ter,-0.470206124781606,0.227647215978272,16,NA,NA,NA,NA,118
urn:mavedb:00001217-a-3#1636,NA,NA,p.Leu118Thr,-0.333254803119344,0.230134132857571,32,0.635011710028703,0.0,0.761,patho.support,118
urn:mavedb:00001217-a-3#1637,NA,NA,p.Leu118Trp,-0.643704673394524,0.226372483990557,16,0.0349949765654194,0.0,0.65,undetermined,118
urn:mavedb:00001217-a-3#1638,NA,NA,p.Leu118Tyr,-0.293538723223686,0.219726849089203,16,0.634601867095351,0.0,0.766,patho.support,118
urn:mavedb:00001217-a-3#1639,NA,NA,p.Leu118Val,0.857383152083,0.0901266204703698,32,-0.204836019183228,-0.345,0.004,undetermined,118
urn:mavedb:00001217-a-3#1640,NA,NA,p.Leu127=,0.836728706075278,0.188464823489058,24,NA,NA,NA,NA,127
urn:mavedb:00001217-a-3#1641,NA,NA,p.Leu127Ala,0.872456170773222,0.11671342211829,32,-0.218606455763064,-0.38,0.07,undetermined,127
urn:mavedb:00001217-a-3#1642,NA,NA,p.Leu127Arg,0.792702450287903,0.137532627612939,48,-0.13687580295557,-0.363,0.34,undetermined,127
urn:mavedb:00001217-a-3#1643,NA,NA,p.Leu127Asn,0.921300821294545,0.0327300848082266,16,-0.261176906260172,-0.31,-0.205,undetermined,127
urn:mavedb:00001217-a-3#1644,NA,NA,p.Leu127Asp,1.07763379462062,0.022873881748698,16,-0.369456166119099,-0.389,-0.347,benign.support,127
urn:mavedb:00001217-a-3#1645,NA,NA,p.Leu127Cys,0.943397130531358,0.0112323400658003,16,-0.279107929474341,-0.296,-0.262,undetermined,127
urn:mavedb:00001217-a-3#1646,NA,NA,p.Leu127Gln,0.90615967015842,0.0541790893084543,16,-0.24801548267907,-0.333,-0.146,undetermined,127
urn:mavedb:00001217-a-3#1647,NA,NA,p.Leu127Glu,0.992522094829417,0.0219435523504646,16,-0.317231834679445,-0.349,-0.283,undetermined,127
urn:mavedb:00001217-a-3#1648,NA,NA,p.Leu127Gly,0.98067233167574,0.0310377802624626,32,-0.308429649602899,-0.354,-0.259,undetermined,127
urn:mavedb:00001217-a-3#1649,NA,NA,p.Leu127His,0.28187773432462,0.245867159512546,16,0.937727961406113,-0.098,0.937,patho.moderate,127
urn:mavedb:00001217-a-3#1650,NA,NA,p.Leu127Ile,0.537627378806547,0.166137834224353,16,0.296942793732988,-0.201,0.928,undetermined,127
urn:mavedb:00001217-a-3#1651,NA,NA,p.Leu127Lys,1.00075370042072,0.0345460263063501,8,-0.323531217585914,-0.366,-0.27,benign.support,127
urn:mavedb:00001217-a-3#1652,NA,NA,p.Leu127Met,0.944242047014691,0.0353920805052247,16,-0.279768106857332,-0.333,-0.221,undetermined,127
urn:mavedb:00001217-a-3#1653,NA,NA,p.Leu127Phe,1.06720470607672,0.0743090378142933,32,-0.365535911105383,-0.446,-0.264,benign.support,127
urn:mavedb:00001217-a-3#1654,NA,NA,p.Leu127Pro,0.69980664454188,0.11221762503083,24,-0.0226321220812012,-0.257,0.464,undetermined,127
urn:mavedb:00001217-a-3#1655,NA,NA,p.Leu127Ser,0.940266710629783,0.0762117419403312,48,-0.276676968726651,-0.375,-0.136,undetermined,127
urn:mavedb:00001217-a-3#1656,NA,NA,p.Leu127Ter,-0.438690290577538,0.340206077247701,16,NA,NA,NA,NA,127
urn:mavedb:00001217-a-3#1657,NA,NA,p.Leu127Thr,0.97886465523719,0.0903125188343182,32,-0.307072581519477,-0.403,-0.149,undetermined,127
urn:mavedb:00001217-a-3#1658,NA,NA,p.Leu127Trp,1.11580791079403,0.0100511043387179,16,-0.386033256394203,-0.394,-0.377,benign.support,127
urn:mavedb:00001217-a-3#1659,NA,NA,p.Leu127Tyr,0.726242936756107,0.0936539317588794,16,-0.0580479028855182,-0.251,0.287,undetermined,127
urn:mavedb:00001217-a-3#1660,NA,NA,p.Leu127Val,0.999913622399688,0.0459247463384229,32,-0.32291721067112,-0.373,-0.25,benign.support,127
urn:mavedb:00001217-a-3#1661,NA,NA,p.Leu145=,0.874053776317526,0.0371005835177466,40,NA,NA,NA,NA,145
urn:mavedb:00001217-a-3#1662,NA,NA,p.Leu145Ala,0.989221372448659,0.0270370745521904,32,-0.31473587592575,-0.353,-0.274,undetermined,145
urn:mavedb:00001217-a-3#1663,NA,NA,p.Leu145Arg,0.876023127213097,0.0976714322130484,48,-0.221760899390506,-0.365,0.0,undetermined,145
urn:mavedb:00001217-a-3#1664,NA,NA,p.Leu145Asn,0.90631098521781,0.0115268793246307,16,-0.248150450955306,-0.267,-0.228,undetermined,145
urn:mavedb:00001217-a-3#1665,NA,NA,p.Leu145Asp,0.933453062292186,0.0363034526266265,16,-0.271212961147332,-0.327,-0.21,undetermined,145
urn:mavedb:00001217-a-3#1666,NA,NA,p.Leu145Cys,0.853279141120965,0.0180752882745834,16,-0.200845510131413,-0.233,-0.163,undetermined,145
urn:mavedb:00001217-a-3#1667,NA,NA,p.Leu145Gln,0.975928280728522,0.0273877376219485,16,-0.30481097801182,-0.345,-0.262,undetermined,145
urn:mavedb:00001217-a-3#1668,NA,NA,p.Leu145Glu,0.951287513788931,0.0071060372009617,16,-0.285343805568278,-0.296,-0.275,undetermined,145
urn:mavedb:00001217-a-3#1669,NA,NA,p.Leu145Gly,0.889660131700549,0.0897056142595061,32,-0.233573739301988,-0.366,-0.04,undetermined,145
urn:mavedb:00001217-a-3#1670,NA,NA,p.Leu145His,0.40834995209886,0.0638570830801262,16,0.61724293720208,0.305,0.929,patho.support,145
urn:mavedb:00001217-a-3#1671,NA,NA,p.Leu145Ile,0.875578296272055,0.020842162884578,16,-0.221366589699178,-0.257,-0.181,undetermined,145
urn:mavedb:00001217-a-3#1672,NA,NA,p.Leu145Lys,0.827018008439702,0.0163659372977272,16,-0.173254076038028,-0.206,-0.14,undetermined,145
urn:mavedb:00001217-a-3#1673,NA,NA,p.Leu145Met,0.917332852391835,0.0116199689073852,16,-0.257854188491892,-0.277,-0.238,undetermined,145
urn:mavedb:00001217-a-3#1674,NA,NA,p.Leu145Phe,1.03044055698566,0.0828401722533649,24,-0.345205416890585,-0.423,-0.215,benign.support,145
urn:mavedb:00001217-a-3#1675,NA,NA,p.Leu145Pro,-0.295979515871238,0.282071246695162,32,0.634605418805078,0.0,0.878,patho.support,145
urn:mavedb:00001217-a-3#1676,NA,NA,p.Leu145Ser,0.92702599934044,0.0879567084691301,48,-0.265958535383012,-0.378,-0.09,undetermined,145
urn:mavedb:00001217-a-3#1677,NA,NA,p.Leu145Ter,0.179791982246648,0.190445513535712,16,NA,NA,NA,NA,145
urn:mavedb:00001217-a-3#1678,NA,NA,p.Leu145Thr,1.04997334040777,0.0259708637664331,32,-0.358202079249343,-0.379,-0.322,benign.support,145
urn:mavedb:00001217-a-3#1679,NA,NA,p.Leu145Trp,0.943660206067921,0.0061653138090578,16,-0.279313296550879,-0.289,-0.27,undetermined,145
urn:mavedb:00001217-a-3#1680,NA,NA,p.Leu145Tyr,0.919190233067857,0.0234359567513738,16,-0.259432902027317,-0.296,-0.22,undetermined,145
urn:mavedb:00001217-a-3#1681,NA,NA,p.Leu145Val,1.004663336048,0.0334917018735187,32,-0.326413834128582,-0.367,-0.275,benign.support,145
urn:mavedb:00001217-a-3#1682,NA,NA,p.Leu39=,0.985390002522388,0.0471819606061206,48,NA,NA,NA,NA,39
urn:mavedb:00001217-a-3#1683,NA,NA,p.Leu39Ala,-0.227368010222407,0.231307037055373,24,0.641340317848091,0.0,0.867,patho.moderate,39
urn:mavedb:00001217-a-3#1684,NA,NA,p.Leu39Arg,-0.474552914778011,0.272652592829158,48,0.485127217643585,0.0,0.705,patho.support,39
urn:mavedb:00001217-a-3#1685,NA,NA,p.Leu39Asn,0.0421905841409171,0.225303369937238,16,0.697923215539925,0.379,0.934,patho.moderate,39
urn:mavedb:00001217-a-3#1686,NA,NA,p.Leu39Asp,0.235211348563955,0.330970142061392,8,0.910144146641797,-0.221,0.936,patho.moderate,39
urn:mavedb:00001217-a-3#1687,NA,NA,p.Leu39Cys,-0.245170624544745,0.223670851992717,16,0.638745873044079,0.0,0.841,patho.moderate,39
urn:mavedb:00001217-a-3#1688,NA,NA,p.Leu39Gln,0.582280916618992,0.134181224282782,16,0.18591479012113,-0.195,0.865,undetermined,39
urn:mavedb:00001217-a-3#1689,NA,NA,p.Leu39Glu,-0.35498468705097,0.219027965275455,16,0.628151448677228,0.0,0.718,patho.support,39
urn:mavedb:00001217-a-3#1690,NA,NA,p.Leu39Gly,-0.307042024038214,0.25031103965995,32,0.634655432492198,0.0,0.831,patho.support,39
urn:mavedb:00001217-a-3#1691,NA,NA,p.Leu39His,-0.0029170514905301,0.229484285438893,16,0.674842687576596,0.401,0.93,patho.moderate,39
urn:mavedb:00001217-a-3#1692,NA,NA,p.Leu39Ile,0.015411750518088,0.226898877975365,16,0.683987504931385,0.381,0.931,patho.moderate,39
urn:mavedb:00001217-a-3#1693,NA,NA,p.Leu39Lys,-0.162022996909478,0.205022895382844,16,0.652014325823798,0.332,0.884,patho.moderate,39
urn:mavedb:00001217-a-3#1694,NA,NA,p.Leu39Met,0.814630229799394,0.0172482989223974,16,-0.160194478367322,-0.196,-0.123,undetermined,39
urn:mavedb:00001217-a-3#1695,NA,NA,p.Leu39Phe,-0.471497292985501,0.218202389530039,16,0.489967129362944,0.0,0.655,patho.support,39
urn:mavedb:00001217-a-3#1696,NA,NA,p.Leu39Pro,0.593780274297037,0.245190469394808,32,0.160075108513693,-0.363,0.927,undetermined,39
urn:mavedb:00001217-a-3#1697,NA,NA,p.Leu39Ser,-0.419119340960469,0.249532569652262,48,0.55785789227551,0.0,0.708,patho.support,39
urn:mavedb:00001217-a-3#1698,NA,NA,p.Leu39Ter,-0.316304988879898,0.226503764709832,16,NA,NA,NA,NA,39
urn:mavedb:00001217-a-3#1699,NA,NA,p.Leu39Thr,-0.159855032733836,0.228918170292442,24,0.651843316497755,0.157,0.907,patho.moderate,39
urn:mavedb:00001217-a-3#1700,NA,NA,p.Leu39Trp,-0.004901574215283,0.219334589005711,16,0.673236770591369,0.448,0.93,patho.moderate,39
urn:mavedb:00001217-a-3#1701,NA,NA,p.Leu39Val,0.422469260454082,0.232357375197705,24,0.581235926644798,-0.222,0.936,patho.support,39
urn:mavedb:00001217-a-3#1702,NA,NA,p.Leu43=,1.07673445129487,0.086104553248062,56,NA,NA,NA,NA,43
urn:mavedb:00001217-a-3#1703,NA,NA,p.Leu43Ala,0.916852423793022,0.0597471137380735,24,-0.257437043300925,-0.347,-0.147,undetermined,43
urn:mavedb:00001217-a-3#1704,NA,NA,p.Leu43Arg,1.08018313139863,0.0344256388749993,48,-0.370448034267756,-0.4,-0.331,benign.support,43
urn:mavedb:00001217-a-3#1705,NA,NA,p.Leu43Asn,0.250393852009142,0.331582464359623,8,0.922555810763851,-0.242,0.935,patho.moderate,43
urn:mavedb:00001217-a-3#1706,NA,NA,p.Leu43Asp,0.0813786226560181,0.328158264053075,8,0.726713885351971,-0.059,0.934,patho.moderate,43
urn:mavedb:00001217-a-3#1707,NA,NA,p.Leu43Cys,0.805924063996236,0.0264634625383578,16,-0.151023222525567,-0.205,-0.093,undetermined,43
urn:mavedb:00001217-a-3#1708,NA,NA,p.Leu43His,0.728611094919803,0.0509497916055054,16,-0.0611431686979835,-0.174,0.097,undetermined,43
urn:mavedb:00001217-a-3#1709,NA,NA,p.Leu43Ile,-0.0958948602928131,0.211412370493652,16,0.650068703214992,0.421,0.916,patho.moderate,43
urn:mavedb:00001217-a-3#1710,NA,NA,p.Leu43Lys,0.906053811360265,0.046156373347332,16,-0.247921090003051,-0.321,-0.16,undetermined,43
urn:mavedb:00001217-a-3#1711,NA,NA,p.Leu43Met,1.0157045767432,0.0174277534382102,16,-0.334195342499231,-0.358,-0.309,benign.support,43
urn:mavedb:00001217-a-3#1712,NA,NA,p.Leu43Pro,1.00848346732494,0.115928882077095,32,-0.329061029612657,-0.471,-0.122,benign.support,43
urn:mavedb:00001217-a-3#1713,NA,NA,p.Leu43Ser,0.42695118760518,0.253646781311359,40,0.570453508912034,-0.251,0.935,patho.support,43
urn:mavedb:00001217-a-3#1714,NA,NA,p.Leu43Ter,-0.0783344409670235,0.229696318650024,16,NA,NA,NA,NA,43
urn:mavedb:00001217-a-3#1715,NA,NA,p.Leu43Trp,0.603173859946286,0.100234257734763,16,0.14039712172317,-0.15,0.632,undetermined,43
urn:mavedb:00001217-a-3#1716,NA,NA,p.Leu43Tyr,1.094084205833,0.0359419010960915,8,-0.376117989187154,-0.408,-0.341,benign.support,43
urn:mavedb:00001217-a-3#1717,NA,NA,p.Leu43Val,1.14491328167925,0.0461480514128057,16,-0.39822913157283,-0.473,-0.361,benign.support,43
urn:mavedb:00001217-a-3#1718,NA,NA,p.Leu68=,0.980492936073023,0.0789153505049865,32,NA,NA,NA,NA,68
urn:mavedb:00001217-a-3#1719,NA,NA,p.Leu68Ala,0.777829361726628,0.0418138136497407,8,-0.120350072052209,-0.206,-0.017,undetermined,68
urn:mavedb:00001217-a-3#1720,NA,NA,p.Leu68Arg,1.05464752767852,0.119991436430562,32,-0.360627766714875,-0.56,-0.162,benign.support,68
urn:mavedb:00001217-a-3#1721,NA,NA,p.Leu68Cys,0.135972562978229,0.231241366758774,16,0.784039470036823,0.144,0.936,patho.moderate,68
urn:mavedb:00001217-a-3#1722,NA,NA,p.Leu68Gln,1.10637975852903,0.0450856880459354,16,-0.381552547633486,-0.425,-0.335,benign.support,68
urn:mavedb:00001217-a-3#1723,NA,NA,p.Leu68Gly,0.891783656927995,0.271693345380326,32,-0.235404506712503,-0.618,0.739,undetermined,68
urn:mavedb:00001217-a-3#1724,NA,NA,p.Leu68His,0.927668293752324,0.163156928523348,16,-0.266499822696186,-0.477,0.132,undetermined,68
urn:mavedb:00001217-a-3#1725,NA,NA,p.Leu68Met,0.476880021070689,0.226164683273828,16,0.456530891688375,-0.263,0.934,patho.support,68
urn:mavedb:00001217-a-3#1726,NA,NA,p.Leu68Ser,-0.212740052574049,0.27127112417438,40,0.645150572441372,0.0,0.903,patho.moderate,68
urn:mavedb:00001217-a-3#1727,NA,NA,p.Leu68Ter,-0.410514231970005,0.317530850737817,8,NA,NA,NA,NA,68
urn:mavedb:00001217-a-3#1728,NA,NA,p.Leu68Thr,0.940371096432417,0.0572855178205133,16,-0.276757657093529,-0.36,-0.174,undetermined,68
urn:mavedb:00001217-a-3#1729,NA,NA,p.Leu68Trp,0.242215968133987,0.322444171968318,8,0.915856204365694,-0.214,0.935,patho.moderate,68
urn:mavedb:00001217-a-3#1730,NA,NA,p.Leu68Tyr,0.528510464148145,0.191109727160167,16,0.319151685780126,-0.245,0.931,patho.support,68
urn:mavedb:00001217-a-3#1731,NA,NA,p.Leu68Val,0.79744748683676,0.364705971468708,32,-0.142069168858593,-0.608,0.911,undetermined,68
urn:mavedb:00001217-a-3#1732,NA,NA,p.Leu85=,0.940633383503732,0.0463338591399335,48,NA,NA,NA,NA,85
urn:mavedb:00001217-a-3#1733,NA,NA,p.Leu85Ala,-0.460851734786069,0.270425331305527,32,0.505959008691817,0.0,0.713,patho.support,85
urn:mavedb:00001217-a-3#1734,NA,NA,p.Leu85Arg,-0.265082313047574,0.270151149025956,48,0.636001124745015,0.0,0.88,patho.support,85
urn:mavedb:00001217-a-3#1735,NA,NA,p.Leu85Asn,-0.27306783303612,0.191681808753739,16,0.634885738324526,0.012,0.741,patho.support,85
urn:mavedb:00001217-a-3#1736,NA,NA,p.Leu85Asp,-0.445402515573609,0.221204311753695,16,0.526954836253778,0.0,0.668,patho.support,85
urn:mavedb:00001217-a-3#1737,NA,NA,p.Leu85Cys,-0.339411011069337,0.227490179683555,16,0.635148359937377,0.0,0.74,patho.support,85
urn:mavedb:00001217-a-3#1738,NA,NA,p.Leu85Gln,-0.455724434335978,0.200131544516315,16,0.513204806539305,0.0,0.653,patho.support,85
urn:mavedb:00001217-a-3#1739,NA,NA,p.Leu85Glu,-0.0566772654344055,0.175327023922257,16,0.65028801719568,0.569,0.914,patho.moderate,85
urn:mavedb:00001217-a-3#1740,NA,NA,p.Leu85Gly,-0.216770841556853,0.225536887629064,32,0.644108731174456,0.0,0.859,patho.moderate,85
urn:mavedb:00001217-a-3#1741,NA,NA,p.Leu85His,-0.17710554899475,0.229588800424663,16,0.65332551346455,0.084,0.892,patho.moderate,85
urn:mavedb:00001217-a-3#1742,NA,NA,p.Leu85Ile,0.220212613411403,0.0742537346186254,16,0.896334922053765,0.703,0.94,patho.moderate,85
urn:mavedb:00001217-a-3#1743,NA,NA,p.Leu85Lys,-0.469174873824251,0.237679269462104,16,0.493569332454619,0.0,0.67,patho.support,85
urn:mavedb:00001217-a-3#1744,NA,NA,p.Leu85Met,0.703646514646439,0.0652581072190092,16,-0.0278715169597534,-0.177,0.199,undetermined,85
urn:mavedb:00001217-a-3#1745,NA,NA,p.Leu85Phe,0.593063401000085,0.037828270527794,16,0.161611617226725,0.028,0.344,undetermined,85
urn:mavedb:00001217-a-3#1746,NA,NA,p.Leu85Pro,-0.323509186373698,0.231183942477096,32,0.634838088042081,0.0,0.76,patho.support,85
urn:mavedb:00001217-a-3#1747,NA,NA,p.Leu85Ser,0.420921341487158,0.221998859846972,48,0.58514391290576,-0.209,0.936,patho.support,85
urn:mavedb:00001217-a-3#1748,NA,NA,p.Leu85Ter,0.389814745896012,0.0815679852329996,16,NA,NA,NA,NA,85
urn:mavedb:00001217-a-3#1749,NA,NA,p.Leu85Thr,-0.0670402420220219,0.244587700705301,32,0.650123872336646,0.295,0.924,patho.moderate,85
urn:mavedb:00001217-a-3#1750,NA,NA,p.Leu85Trp,-0.808830662630108,0.0936756799361262,16,0.0,0.0,0.125,undetermined,85
urn:mavedb:00001217-a-3#1751,NA,NA,p.Leu85Tyr,-0.413784773263232,0.232027599833648,16,0.564249428691266,0.0,0.691,patho.support,85
urn:mavedb:00001217-a-3#1752,NA,NA,p.Leu85Val,-0.659999375330374,0.287660730881455,32,0.0,0.0,0.653,undetermined,85
urn:mavedb:00001217-a-3#1753,NA,NA,p.Leu9=,1.00052945941757,0.137211775974588,56,NA,NA,NA,NA,9
urn:mavedb:00001217-a-3#1754,NA,NA,p.Leu9Ala,-0.14323038338022,0.264007908883786,32,0.651244837721098,0.0,0.918,patho.moderate,9
urn:mavedb:00001217-a-3#1755,NA,NA,p.Leu9Arg,-0.31218718980546,0.265976619910046,48,0.634698194675212,0.0,0.842,patho.support,9
urn:mavedb:00001217-a-3#1756,NA,NA,p.Leu9Asn,-0.48179618426097,0.226508439101458,16,0.473179956858162,0.0,0.654,patho.support,9
urn:mavedb:00001217-a-3#1757,NA,NA,p.Leu9Asp,0.487071287002265,0.017762071925815,16,0.430387582185587,0.337,0.512,patho.support,9
urn:mavedb:00001217-a-3#1758,NA,NA,p.Leu9Cys,-0.0476095243276703,0.210286357013429,16,0.650543408510319,0.448,0.923,patho.moderate,9
urn:mavedb:00001217-a-3#1759,NA,NA,p.Leu9Gln,-0.246033030775503,0.315226502154282,16,0.638627669295025,0.0,0.908,patho.moderate,9
urn:mavedb:00001217-a-3#1760,NA,NA,p.Leu9Glu,0.048529932220781,0.192268740393106,16,0.702265634494847,0.531,0.932,patho.moderate,9
urn:mavedb:00001217-a-3#1761,NA,NA,p.Leu9Gly,-0.0008264448227305,0.271843679004129,32,0.676532834534202,0.127,0.932,patho.moderate,9
urn:mavedb:00001217-a-3#1762,NA,NA,p.Leu9His,0.042086440882341,0.194292955520717,16,0.697859051361068,0.542,0.933,patho.moderate,9
urn:mavedb:00001217-a-3#1763,NA,NA,p.Leu9Ile,0.970416547075637,0.018684000695704,16,-0.300342297015766,-0.328,-0.271,undetermined,9
urn:mavedb:00001217-a-3#1764,NA,NA,p.Leu9Lys,-0.0922259778977149,0.231340047141854,16,0.650042524142497,0.268,0.92,patho.moderate,9
urn:mavedb:00001217-a-3#1765,NA,NA,p.Leu9Met,0.979475778722108,0.0141136610358825,16,-0.307546648557047,-0.328,-0.285,undetermined,9
urn:mavedb:00001217-a-3#1766,NA,NA,p.Leu9Phe,0.389252064088413,0.0257771234223458,16,0.67496619777766,0.543,0.817,patho.moderate,9
urn:mavedb:00001217-a-3#1767,NA,NA,p.Leu9Pro,-0.0781162721868477,0.165830161587512,24,0.650032441158317,0.577,0.894,patho.moderate,9
urn:mavedb:00001217-a-3#1768,NA,NA,p.Leu9Ser,0.280141537969835,0.167241226092966,48,0.939108957853906,0.153,0.938,patho.moderate,9
urn:mavedb:00001217-a-3#1769,NA,NA,p.Leu9Ter,-0.192179128327338,0.187136578720931,16,NA,NA,NA,NA,9
urn:mavedb:00001217-a-3#1770,NA,NA,p.Leu9Thr,-0.481173059378128,0.271604435225289,32,0.474234804203392,0.0,0.695,patho.support,9
urn:mavedb:00001217-a-3#1771,NA,NA,p.Leu9Trp,-0.545436986320955,0.226454559070347,16,0.349316284558128,0.0,0.652,patho.support,9
urn:mavedb:00001217-a-3#1772,NA,NA,p.Leu9Tyr,-0.153620450987419,0.228672143758002,16,0.651374990940342,0.181,0.901,patho.moderate,9
urn:mavedb:00001217-a-3#1773,NA,NA,p.Leu9Val,0.994675394401556,0.0537648841108633,32,-0.318879643319956,-0.379,-0.232,benign.support,9
urn:mavedb:00001217-a-3#1774,NA,NA,p.Lys10Ala,0.993042242509089,0.0904333065827675,32,-0.31762844176068,-0.409,-0.163,undetermined,10
urn:mavedb:00001217-a-3#1775,NA,NA,p.Lys10Arg,1.03242969953882,0.0237149919261108,48,-0.346641224634729,-0.37,-0.312,benign.support,10
urn:mavedb:00001217-a-3#1776,NA,NA,p.Lys10Asn,0.980631411009933,0.0361501707515999,32,-0.308399986093345,-0.36,-0.252,undetermined,10
urn:mavedb:00001217-a-3#1777,NA,NA,p.Lys10Asp,0.852889619971346,0.0206787660647871,16,-0.200458200467371,-0.237,-0.158,undetermined,10
urn:mavedb:00001217-a-3#1778,NA,NA,p.Lys10Cys,0.920527441101727,0.029187739046776,16,-0.260536721342521,-0.306,-0.21,undetermined,10
urn:mavedb:00001217-a-3#1779,NA,NA,p.Lys10Gln,0.88588978841319,0.0326427475345408,16,-0.230340876434454,-0.285,-0.167,undetermined,10
urn:mavedb:00001217-a-3#1780,NA,NA,p.Lys10Glu,1.01993712657376,0.0088354384033792,16,-0.337289388082276,-0.35,-0.325,benign.support,10
urn:mavedb:00001217-a-3#1781,NA,NA,p.Lys10Gly,1.00532046693092,0.0201145640668582,32,-0.326865949637769,-0.355,-0.297,benign.support,10
urn:mavedb:00001217-a-3#1782,NA,NA,p.Lys10His,0.952776423553434,0.0049245953445666,16,-0.286539014540709,-0.294,-0.279,undetermined,10
urn:mavedb:00001217-a-3#1783,NA,NA,p.Lys10Ile,0.896030925717298,0.0132747282753814,16,-0.239089344854508,-0.262,-0.216,undetermined,10
urn:mavedb:00001217-a-3#1784,NA,NA,p.Lys10Leu,0.889439533383368,0.0615262101381059,48,-0.233383975585554,-0.331,-0.111,undetermined,10
urn:mavedb:00001217-a-3#1785,NA,NA,p.Lys10Met,1.04054423267166,0.017977900593524,16,-0.352438472314599,-0.369,-0.327,benign.support,10
urn:mavedb:00001217-a-3#1786,NA,NA,p.Lys10Phe,0.214321336053309,0.0253625051904138,16,0.889596696387477,0.824,0.933,patho.moderate,10
urn:mavedb:00001217-a-3#1787,NA,NA,p.Lys10Pro,-0.272577890858625,0.191946479555102,32,0.634954507145574,0.06,0.755,patho.support,10
urn:mavedb:00001217-a-3#1788,NA,NA,p.Lys10Ser,1.03738866128781,0.0542522192921238,48,-0.350285338792021,-0.397,-0.27,benign.support,10
urn:mavedb:00001217-a-3#1789,NA,NA,p.Lys10Ter,-0.364902704983878,0.279970611706574,16,NA,NA,NA,NA,10
urn:mavedb:00001217-a-3#1790,NA,NA,p.Lys10Thr,1.04103719434105,0.0178294698572283,32,-0.352749156714629,-0.369,-0.327,benign.support,10
urn:mavedb:00001217-a-3#1791,NA,NA,p.Lys10Trp,0.600452232418244,0.0182373383170867,16,0.145957393980499,0.079,0.227,undetermined,10
urn:mavedb:00001217-a-3#1792,NA,NA,p.Lys10Tyr,0.899132891455322,0.0164729838019434,16,-0.241801285863206,-0.27,-0.214,undetermined,10
urn:mavedb:00001217-a-3#1793,NA,NA,p.Lys10Val,1.02895404516561,0.0451884110130771,32,-0.344108640192608,-0.387,-0.278,benign.support,10
urn:mavedb:00001217-a-3#1794,NA,NA,p.Lys123=,0.999773536315529,0.0086024740955255,16,NA,NA,NA,NA,123
urn:mavedb:00001217-a-3#1795,NA,NA,p.Lys123Ala,0.887894133308043,0.112881382230751,32,-0.232056753694197,-0.384,0.027,undetermined,123
urn:mavedb:00001217-a-3#1796,NA,NA,p.Lys123Arg,1.0579964813388,0.0492783119474631,56,-0.362046942946943,-0.403,-0.292,benign.support,123
urn:mavedb:00001217-a-3#1797,NA,NA,p.Lys123Asn,0.949145301349468,0.234393854539044,24,-0.283634751830703,-0.63,0.416,undetermined,123
urn:mavedb:00001217-a-3#1798,NA,NA,p.Lys123Asp,0.903304164983991,0.0403874090284613,16,-0.245477787668703,-0.31,-0.17,undetermined,123
urn:mavedb:00001217-a-3#1799,NA,NA,p.Lys123Cys,0.933561016874855,0.0310884118252704,16,-0.271300112681014,-0.318,-0.218,undetermined,123
urn:mavedb:00001217-a-3#1800,NA,NA,p.Lys123Gln,1.03889333320858,0.0184826222780493,16,-0.351315567015019,-0.368,-0.325,benign.support,123
urn:mavedb:00001217-a-3#1801,NA,NA,p.Lys123Glu,1.06731778621442,0.0417703024143937,32,-0.365577298660992,-0.4,-0.312,benign.support,123
urn:mavedb:00001217-a-3#1802,NA,NA,p.Lys123Gly,0.869658004935749,0.1217284290947,32,-0.216141991918509,-0.381,0.08,undetermined,123
urn:mavedb:00001217-a-3#1803,NA,NA,p.Lys123His,0.857080745317095,0.0403310922603369,16,-0.204547377796924,-0.274,-0.12,undetermined,123
urn:mavedb:00001217-a-3#1804,NA,NA,p.Lys123Ile,1.05521503255672,0.0117110904368715,16,-0.36089711103656,-0.37,-0.347,benign.support,123
urn:mavedb:00001217-a-3#1805,NA,NA,p.Lys123Leu,1.01895292428599,0.0532105213080971,48,-0.336564088349345,-0.388,-0.255,benign.support,123
urn:mavedb:00001217-a-3#1806,NA,NA,p.Lys123Met,0.929560139118227,0.0165640531067774,16,-0.268088376550027,-0.294,-0.24,undetermined,123
urn:mavedb:00001217-a-3#1807,NA,NA,p.Lys123Phe,0.99310090692565,0.0377816615079226,16,-0.317673229724329,-0.366,-0.259,undetermined,123
urn:mavedb:00001217-a-3#1808,NA,NA,p.Lys123Pro,-0.293281147440516,0.250590065456084,24,0.634601646951058,0.0,0.845,patho.support,123
urn:mavedb:00001217-a-3#1809,NA,NA,p.Lys123Ser,0.949857654331859,0.0724003238608161,48,-0.284201698481808,-0.375,-0.153,undetermined,123
urn:mavedb:00001217-a-3#1810,NA,NA,p.Lys123Ter,0.365778371930725,0.29996888423659,32,NA,NA,NA,NA,123
urn:mavedb:00001217-a-3#1811,NA,NA,p.Lys123Thr,0.858101131879507,0.0440325610557164,48,-0.205521740478169,-0.282,-0.112,undetermined,123
urn:mavedb:00001217-a-3#1812,NA,NA,p.Lys123Trp,0.715373445246386,0.0291385763859108,16,-0.0435583226289485,-0.116,0.043,undetermined,123
urn:mavedb:00001217-a-3#1813,NA,NA,p.Lys123Tyr,0.950862233522085,0.0210427391596229,16,-0.2850035326902,-0.316,-0.251,undetermined,123
urn:mavedb:00001217-a-3#1814,NA,NA,p.Lys123Val,0.863825467222211,0.0930438097582959,32,-0.2107737008906,-0.355,0.001,undetermined,123
urn:mavedb:00001217-a-3#1815,NA,NA,p.Lys129=,1.01533024530821,0.0133935169945119,16,NA,NA,NA,NA,129
urn:mavedb:00001217-a-3#1816,NA,NA,p.Lys129Ala,0.830265045111241,0.167057583477583,32,-0.176687784409747,-0.407,0.38,undetermined,129
urn:mavedb:00001217-a-3#1817,NA,NA,p.Lys129Arg,0.944718786903591,0.102869185441207,56,-0.280141384792497,-0.399,-0.076,undetermined,129
urn:mavedb:00001217-a-3#1818,NA,NA,p.Lys129Asn,0.911553952314462,0.0165501393875043,16,-0.252859225066536,-0.28,-0.225,undetermined,129
urn:mavedb:00001217-a-3#1819,NA,NA,p.Lys129Asp,1.09937639143191,0.0133017111362083,16,-0.378404570740279,-0.39,-0.368,benign.support,129
urn:mavedb:00001217-a-3#1820,NA,NA,p.Lys129Cys,0.975706063482383,0.0146309804605264,16,-0.304632082713865,-0.326,-0.282,undetermined,129
urn:mavedb:00001217-a-3#1821,NA,NA,p.Lys129Gln,1.07933232132187,0.0122900042549317,16,-0.370115464251296,-0.38,-0.361,benign.support,129
urn:mavedb:00001217-a-3#1822,NA,NA,p.Lys129Glu,0.705979266824077,0.043818812752157,24,-0.031015201353558,-0.136,0.111,undetermined,129
urn:mavedb:00001217-a-3#1823,NA,NA,p.Lys129Gly,0.932134624468156,0.11753249104088,32,-0.270150810957126,-0.409,-0.03,undetermined,129
urn:mavedb:00001217-a-3#1824,NA,NA,p.Lys129His,0.900826193503046,0.159477618780793,16,-0.243289508033945,-0.444,0.18,undetermined,129
urn:mavedb:00001217-a-3#1825,NA,NA,p.Lys129Ile,0.987450657715177,0.0473637959071288,32,-0.313411347066321,-0.371,-0.239,undetermined,129
urn:mavedb:00001217-a-3#1826,NA,NA,p.Lys129Leu,0.979632381630841,0.0581845172362097,48,-0.307668320604951,-0.377,-0.213,undetermined,129
urn:mavedb:00001217-a-3#1827,NA,NA,p.Lys129Met,0.878169821617286,0.0380680761449421,16,-0.223667664737216,-0.286,-0.148,undetermined,129
urn:mavedb:00001217-a-3#1828,NA,NA,p.Lys129Phe,0.880329940152715,0.0411775860157109,16,-0.22559309928602,-0.293,-0.144,undetermined,129
urn:mavedb:00001217-a-3#1829,NA,NA,p.Lys129Pro,0.480295073878307,0.239036209915438,32,0.448109332921059,-0.273,0.934,patho.support,129
urn:mavedb:00001217-a-3#1830,NA,NA,p.Lys129Ser,0.90855890806097,0.0846707255224041,48,-0.250161565853787,-0.368,-0.073,undetermined,129
urn:mavedb:00001217-a-3#1831,NA,NA,p.Lys129Ter,0.555612414523172,0.0670655041264497,16,NA,NA,NA,NA,129
urn:mavedb:00001217-a-3#1832,NA,NA,p.Lys129Thr,1.00205677525071,0.136652442849835,24,-0.324488246639261,-0.508,-0.058,benign.support,129
urn:mavedb:00001217-a-3#1833,NA,NA,p.Lys129Trp,1.07036555771087,0.0195955896947442,16,-0.366701734911356,-0.383,-0.347,benign.support,129
urn:mavedb:00001217-a-3#1834,NA,NA,p.Lys129Tyr,0.727851606848779,0.0253628139017751,16,-0.0601528279914794,-0.12,0.008,undetermined,129
urn:mavedb:00001217-a-3#1835,NA,NA,p.Lys129Val,0.884217948436193,0.0854645688089404,32,-0.22891421638109,-0.358,-0.048,undetermined,129
urn:mavedb:00001217-a-3#1836,NA,NA,p.Lys137=,-0.188550008957847,0.46931432404905,8,NA,NA,NA,NA,137
urn:mavedb:00001217-a-3#1837,NA,NA,p.Lys137Ala,0.778429583399479,0.0366568175901141,8,-0.121030720004535,-0.198,-0.031,undetermined,137
urn:mavedb:00001217-a-3#1838,NA,NA,p.Lys137Arg,1.09351121290393,0.138359281846001,24,-0.375874908234283,-0.637,-0.164,benign.support,137
urn:mavedb:00001217-a-3#1839,NA,NA,p.Lys137Asn,0.895766160974587,0.0732907740109539,24,-0.238858702341467,-0.353,-0.092,undetermined,137
urn:mavedb:00001217-a-3#1840,NA,NA,p.Lys137Glu,0.662743782314927,0.332842452595055,16,0.0338114414994065,-0.494,0.925,undetermined,137
urn:mavedb:00001217-a-3#1841,NA,NA,p.Lys137Leu,1.05864606933107,0.0549776655818595,16,-0.362317761214137,-0.408,-0.285,benign.support,137
urn:mavedb:00001217-a-3#1842,NA,NA,p.Lys137Met,0.99670162991197,0.0582009381848512,16,-0.320444751541521,-0.384,-0.226,benign.support,137
urn:mavedb:00001217-a-3#1843,NA,NA,p.Lys137Pro,0.998241671952556,0.0633676914437865,16,-0.321643975876303,-0.388,-0.219,benign.support,137
urn:mavedb:00001217-a-3#1844,NA,NA,p.Lys137Ser,1.12324807208771,0.0384896503271143,16,-0.389213567410801,-0.431,-0.356,benign.support,137
urn:mavedb:00001217-a-3#1845,NA,NA,p.Lys137Thr,0.9662272963973,0.0362041302949237,16,-0.297007754414985,-0.35,-0.239,undetermined,137
urn:mavedb:00001217-a-3#1846,NA,NA,p.Lys137Trp,0.623279140040459,0.19524396883891,16,0.102241474221811,-0.327,0.914,undetermined,137
urn:mavedb:00001217-a-3#1847,NA,NA,p.Lys137Val,0.541702730747194,0.0645756748810608,8,0.286552691528546,0.024,0.599,undetermined,137
urn:mavedb:00001217-a-3#1848,NA,NA,p.Lys24Ala,0.959070532476979,0.0502591645914077,24,-0.291430570141032,-0.362,-0.207,undetermined,24
urn:mavedb:00001217-a-3#1849,NA,NA,p.Lys24Arg,0.991050806476291,0.248771618687012,48,-0.316114865234817,-0.645,0.422,undetermined,24
urn:mavedb:00001217-a-3#1850,NA,NA,p.Lys24Asn,1.06762047687692,0.0465481626086958,24,-0.365688199510709,-0.405,-0.305,benign.support,24
urn:mavedb:00001217-a-3#1851,NA,NA,p.Lys24Asp,0.850338468560345,0.207007632184028,16,-0.197925910135938,-0.478,0.531,undetermined,24
urn:mavedb:00001217-a-3#1852,NA,NA,p.Lys24Gln,0.909545629755009,0.0219175879838798,16,-0.251047984151342,-0.287,-0.214,undetermined,24
urn:mavedb:00001217-a-3#1853,NA,NA,p.Lys24Glu,0.961750038232621,0.0142026811273383,16,-0.293501720129465,-0.315,-0.271,undetermined,24
urn:mavedb:00001217-a-3#1854,NA,NA,p.Lys24Gly,0.928649763910669,0.0610318570970204,32,-0.267328909000032,-0.355,-0.156,undetermined,24
urn:mavedb:00001217-a-3#1855,NA,NA,p.Lys24His,1.03025206530858,0.0330383918062337,16,-0.345070143499525,-0.377,-0.297,benign.support,24
urn:mavedb:00001217-a-3#1856,NA,NA,p.Lys24Leu,1.06718264888387,0.0997879819139735,48,-0.365527840858404,-0.51,-0.22,benign.support,24
urn:mavedb:00001217-a-3#1857,NA,NA,p.Lys24Met,0.925728332967021,0.0311344556374152,16,-0.26486799265845,-0.313,-0.212,undetermined,24
urn:mavedb:00001217-a-3#1858,NA,NA,p.Lys24Phe,-0.063702820074859,0.228662597344179,16,0.6501684368532,0.363,0.925,patho.moderate,24
urn:mavedb:00001217-a-3#1859,NA,NA,p.Lys24Pro,0.760132311315315,0.0245170988041062,16,-0.100121958914407,-0.154,-0.038,undetermined,24
urn:mavedb:00001217-a-3#1860,NA,NA,p.Lys24Ser,0.863388202376945,0.0871398285547138,40,-0.210372929933689,-0.348,-0.016,undetermined,24
urn:mavedb:00001217-a-3#1861,NA,NA,p.Lys24Ter,0.682123635405099,0.0941302669830445,16,NA,NA,NA,NA,24
urn:mavedb:00001217-a-3#1862,NA,NA,p.Lys24Thr,0.898548956073441,0.176451911441097,24,-0.241289374318432,-0.476,0.273,undetermined,24
urn:mavedb:00001217-a-3#1863,NA,NA,p.Lys24Trp,0.648948073827064,0.191327331782347,16,0.0568815032357759,-0.343,0.89,undetermined,24
urn:mavedb:00001217-a-3#1864,NA,NA,p.Lys24Tyr,0.935970653580247,0.04072598212946,8,-0.273252717081129,-0.333,-0.203,undetermined,24
urn:mavedb:00001217-a-3#1865,NA,NA,p.Lys24Val,0.770960289026312,0.225265698576693,32,-0.112654662516823,-0.443,0.811,undetermined,24
urn:mavedb:00001217-a-3#1866,NA,NA,p.Lys31=,0.46922777990007,0.156302226787066,16,NA,NA,NA,NA,31
urn:mavedb:00001217-a-3#1867,NA,NA,p.Lys31Ala,0.769853938723841,0.0472635737812148,16,-0.111418738773905,-0.21,0.013,undetermined,31
urn:mavedb:00001217-a-3#1868,NA,NA,p.Lys31Arg,1.1057071560792,0.0268376358442286,24,-0.381243853614996,-0.404,-0.36,benign.support,31
urn:mavedb:00001217-a-3#1869,NA,NA,p.Lys31Asn,1.01007002121447,0.0543584465657844,32,-0.330174134450989,-0.386,-0.245,benign.support,31
urn:mavedb:00001217-a-3#1870,NA,NA,p.Lys31Cys,0.120361840169268,0.260287513464562,16,0.765307158631556,0.062,0.935,patho.moderate,31
urn:mavedb:00001217-a-3#1871,NA,NA,p.Lys31Gln,0.393790233786178,0.374505103859828,8,0.660803142944279,-0.385,0.933,patho.moderate,31
urn:mavedb:00001217-a-3#1872,NA,NA,p.Lys31Glu,-0.259529365870443,0.201982564726521,8,0.636770811774385,0.023,0.78,patho.moderate,31
urn:mavedb:00001217-a-3#1873,NA,NA,p.Lys31Gly,0.112108573952468,0.175871439966536,16,0.755895614279082,0.497,0.935,patho.moderate,31
urn:mavedb:00001217-a-3#1874,NA,NA,p.Lys31Ile,0.974748211246866,0.0381927692929092,16,-0.303848438483228,-0.358,-0.243,undetermined,31
urn:mavedb:00001217-a-3#1875,NA,NA,p.Lys31Leu,1.05719397698037,0.132127268304748,48,-0.361713576562101,-0.593,-0.137,benign.support,31
urn:mavedb:00001217-a-3#1876,NA,NA,p.Lys31Met,0.074820289956146,0.299833873064493,16,0.721740421055823,0.0,0.933,patho.moderate,31
urn:mavedb:00001217-a-3#1877,NA,NA,p.Lys31Phe,0.686923093288681,0.104169429263147,16,-0.0039791344215826,-0.236,0.442,undetermined,31
urn:mavedb:00001217-a-3#1878,NA,NA,p.Lys31Pro,-0.207208229437232,0.225267130804684,24,0.646572180254632,0.006,0.875,patho.moderate,31
urn:mavedb:00001217-a-3#1879,NA,NA,p.Lys31Ser,0.995122029653447,0.0478259175653792,40,-0.319223409537043,-0.374,-0.243,benign.support,31
urn:mavedb:00001217-a-3#1880,NA,NA,p.Lys31Ter,0.571273144482022,0.266588726306523,16,NA,NA,NA,NA,31
urn:mavedb:00001217-a-3#1881,NA,NA,p.Lys31Thr,0.949965580910993,0.0710604893309091,32,-0.284287713070797,-0.375,-0.155,undetermined,31
urn:mavedb:00001217-a-3#1882,NA,NA,p.Lys31Trp,1.02958224486314,0.0339143715024708,16,-0.34459052346008,-0.376,-0.294,benign.support,31
urn:mavedb:00001217-a-3#1883,NA,NA,p.Lys31Val,0.896172103163442,0.0649209600591509,16,-0.239212380184252,-0.34,-0.109,undetermined,31
urn:mavedb:00001217-a-3#1884,NA,NA,p.Lys37=,0.952759930646824,0.0163174301882859,16,NA,NA,NA,NA,37
urn:mavedb:00001217-a-3#1885,NA,NA,p.Lys37Ala,0.891969517998892,0.075449502535388,32,-0.235565100765477,-0.351,-0.079,undetermined,37
urn:mavedb:00001217-a-3#1886,NA,NA,p.Lys37Arg,0.956840297354001,0.176756330172334,48,-0.289721511505545,-0.55,0.137,undetermined,37
urn:mavedb:00001217-a-3#1887,NA,NA,p.Lys37Asn,0.96285126846994,0.0470197348536641,32,-0.294358721061616,-0.361,-0.216,undetermined,37
urn:mavedb:00001217-a-3#1888,NA,NA,p.Lys37Asp,1.00288485783739,0.0119133480872726,16,-0.325099380685473,-0.342,-0.307,benign.support,37
urn:mavedb:00001217-a-3#1889,NA,NA,p.Lys37Cys,0.923870043802326,0.0398060450172413,16,-0.263313282789122,-0.323,-0.194,undetermined,37
urn:mavedb:00001217-a-3#1890,NA,NA,p.Lys37Gln,0.466658823606115,0.273585386985227,32,0.480193350136258,-0.318,0.935,patho.support,37
urn:mavedb:00001217-a-3#1891,NA,NA,p.Lys37Glu,1.09798949007405,0.0123250333448274,16,-0.377797950465761,-0.389,-0.368,benign.support,37
urn:mavedb:00001217-a-3#1892,NA,NA,p.Lys37Gly,1.0043050272403,0.0920615071146351,32,-0.326152915240302,-0.42,-0.166,benign.support,37
urn:mavedb:00001217-a-3#1893,NA,NA,p.Lys37His,1.12813743113496,0.033116899807085,16,-0.391379335727372,-0.426,-0.364,benign.support,37
urn:mavedb:00001217-a-3#1894,NA,NA,p.Lys37Ile,1.04807981179124,0.0404261044366758,16,-0.357080591444236,-0.392,-0.301,benign.support,37
urn:mavedb:00001217-a-3#1895,NA,NA,p.Lys37Leu,0.824077179770937,0.0541589605158562,48,-0.170149170400519,-0.268,-0.046,undetermined,37
urn:mavedb:00001217-a-3#1896,NA,NA,p.Lys37Met,1.14118588931951,0.0166309055321063,16,-0.396683005365792,-0.412,-0.382,benign.support,37
urn:mavedb:00001217-a-3#1897,NA,NA,p.Lys37Phe,1.00962208314065,0.0252682376567127,16,-0.329859035867938,-0.362,-0.292,benign.support,37
urn:mavedb:00001217-a-3#1898,NA,NA,p.Lys37Pro,0.100736578169187,0.274373567397628,32,0.74452006611807,0.048,0.934,patho.moderate,37
urn:mavedb:00001217-a-3#1899,NA,NA,p.Lys37Ser,1.10051237773015,0.0699377375870179,48,-0.378905465918585,-0.473,-0.296,benign.support,37
urn:mavedb:00001217-a-3#1900,NA,NA,p.Lys37Ter,0.173400983870625,0.166230026138976,16,NA,NA,NA,NA,37
urn:mavedb:00001217-a-3#1901,NA,NA,p.Lys37Thr,1.06519613960714,0.143379268736194,32,-0.364804640394722,-0.621,-0.123,benign.support,37
urn:mavedb:00001217-a-3#1902,NA,NA,p.Lys37Trp,1.0235666662001,0.035448898711638,16,-0.339995763888614,-0.376,-0.288,benign.support,37
urn:mavedb:00001217-a-3#1903,NA,NA,p.Lys37Tyr,0.734240141916448,0.0216540556060634,16,-0.0684179239788204,-0.118,-0.01,undetermined,37
urn:mavedb:00001217-a-3#1904,NA,NA,p.Lys37Val,0.899095000609883,0.0817835920543811,32,-0.241768048514538,-0.362,-0.072,undetermined,37
urn:mavedb:00001217-a-3#1905,NA,NA,p.Lys4Ala,1.03380008170184,0.090212297619599,32,-0.347639327537544,-0.443,-0.209,benign.support,4
urn:mavedb:00001217-a-3#1906,NA,NA,p.Lys4Arg,0.867447612869338,0.12736758112485,48,-0.214102410324189,-0.387,0.106,undetermined,4
urn:mavedb:00001217-a-3#1907,NA,NA,p.Lys4Asn,1.13966115665249,0.0554239584992993,16,-0.396063619008894,-0.484,-0.346,benign.support,4
urn:mavedb:00001217-a-3#1908,NA,NA,p.Lys4Asp,0.722372535517424,0.030256637235057,16,-0.0529413109129308,-0.125,0.032,undetermined,4
urn:mavedb:00001217-a-3#1909,NA,NA,p.Lys4Cys,0.947761294344766,0.0074618348297856,16,-0.282537080531595,-0.294,-0.271,undetermined,4
urn:mavedb:00001217-a-3#1910,NA,NA,p.Lys4Gln,0.836955223558192,0.0647986655570383,8,-0.183786815695375,-0.296,-0.036,undetermined,4
urn:mavedb:00001217-a-3#1911,NA,NA,p.Lys4Glu,0.904872024892782,0.0729936216253419,16,-0.24686897447306,-0.357,-0.101,undetermined,4
urn:mavedb:00001217-a-3#1912,NA,NA,p.Lys4Gly,0.405010633170151,0.141166142550753,32,0.626651249029611,0.007,0.937,patho.support,4
urn:mavedb:00001217-a-3#1913,NA,NA,p.Lys4His,0.780700908428754,0.0712167953171679,16,-0.123579214673094,-0.258,0.073,undetermined,4
urn:mavedb:00001217-a-3#1914,NA,NA,p.Lys4Ile,1.06240485307725,0.0483972321997542,16,-0.36380030492859,-0.404,-0.298,benign.support,4
urn:mavedb:00001217-a-3#1915,NA,NA,p.Lys4Leu,0.952646618277103,0.0719225458549921,48,-0.286434570405556,-0.377,-0.156,undetermined,4
urn:mavedb:00001217-a-3#1916,NA,NA,p.Lys4Phe,0.956091068648725,0.0061999356981404,16,-0.289150311144059,-0.299,-0.28,undetermined,4
urn:mavedb:00001217-a-3#1917,NA,NA,p.Lys4Pro,-0.437011910423843,0.250098805721792,24,0.537358563217026,0.0,0.709,patho.support,4
urn:mavedb:00001217-a-3#1918,NA,NA,p.Lys4Ser,1.0289731617202,0.083734151508823,48,-0.344123446100255,-0.426,-0.211,benign.support,4
urn:mavedb:00001217-a-3#1919,NA,NA,p.Lys4Ter,-0.066600112279316,0.301545448181962,16,NA,NA,NA,NA,4
urn:mavedb:00001217-a-3#1920,NA,NA,p.Lys4Thr,0.889286522638528,0.104713706949248,32,-0.233252398080126,-0.376,-0.005,undetermined,4
urn:mavedb:00001217-a-3#1921,NA,NA,p.Lys4Trp,1.04749818771146,0.0134525251197266,16,-0.356738395995398,-0.368,-0.338,benign.support,4
urn:mavedb:00001217-a-3#1922,NA,NA,p.Lys4Tyr,0.909639147017616,0.0353578521027318,16,-0.251132112572086,-0.307,-0.186,undetermined,4
urn:mavedb:00001217-a-3#1923,NA,NA,p.Lys4Val,0.955839208252738,0.107547920813573,32,-0.288958624155601,-0.41,-0.082,undetermined,4
urn:mavedb:00001217-a-3#1924,NA,NA,p.Lys71=,1.10979711324293,0.0178713058951589,16,NA,NA,NA,NA,71
urn:mavedb:00001217-a-3#1925,NA,NA,p.Lys71Arg,0.963517253485088,0.0569877626049103,40,-0.294878676434579,-0.369,-0.197,undetermined,71
urn:mavedb:00001217-a-3#1926,NA,NA,p.Lys71Asn,1.15237097344765,0.0911764601602616,24,-0.401468000118363,-0.623,-0.302,benign.support,71
urn:mavedb:00001217-a-3#1927,NA,NA,p.Lys71Asp,0.486509957762004,0.226138984629846,16,0.431838312685933,-0.26,0.934,patho.support,71
urn:mavedb:00001217-a-3#1928,NA,NA,p.Lys71Cys,0.455131817719729,0.215810665964672,16,0.504967405953202,-0.228,0.934,patho.support,71
urn:mavedb:00001217-a-3#1929,NA,NA,p.Lys71Gln,0.843850481543127,0.165024170920907,24,-0.191148753287365,-0.406,0.331,undetermined,71
urn:mavedb:00001217-a-3#1930,NA,NA,p.Lys71Glu,0.874756635753487,0.076878441782877,24,-0.220638953653468,-0.338,-0.052,undetermined,71
urn:mavedb:00001217-a-3#1931,NA,NA,p.Lys71Gly,0.880881482435003,0.164133417223782,32,-0.22607881569657,-0.431,0.243,undetermined,71
urn:mavedb:00001217-a-3#1932,NA,NA,p.Lys71His,0.416916989157057,0.230843883814212,16,0.595674707953643,-0.216,0.935,patho.support,71
urn:mavedb:00001217-a-3#1933,NA,NA,p.Lys71Ile,0.813787426396064,0.0198180754714335,16,-0.159307009515934,-0.2,-0.117,undetermined,71
urn:mavedb:00001217-a-3#1934,NA,NA,p.Lys71Leu,1.05071267106548,0.200558091383722,40,-0.358643098746364,-0.663,0.043,benign.support,71
urn:mavedb:00001217-a-3#1935,NA,NA,p.Lys71Met,0.824105551721812,0.0391733644147993,16,-0.170179106193529,-0.244,-0.085,undetermined,71
urn:mavedb:00001217-a-3#1936,NA,NA,p.Lys71Phe,0.733592837983621,0.0462065033304802,16,-0.0675870077054435,-0.168,0.069,undetermined,71
urn:mavedb:00001217-a-3#1937,NA,NA,p.Lys71Ser,0.922919615342359,0.0634175531658663,48,-0.26252122749197,-0.355,-0.144,undetermined,71
urn:mavedb:00001217-a-3#1938,NA,NA,p.Lys71Ter,0.529173279026693,0.265588027949069,24,NA,NA,NA,NA,71
urn:mavedb:00001217-a-3#1939,NA,NA,p.Lys71Thr,0.637996151327134,0.174454054375587,48,0.0759315912323959,-0.31,0.885,undetermined,71
urn:mavedb:00001217-a-3#1940,NA,NA,p.Lys71Trp,1.02952993362103,0.033446791029085,16,-0.344553137384771,-0.377,-0.295,benign.support,71
urn:mavedb:00001217-a-3#1941,NA,NA,p.Lys71Tyr,0.545695056502918,0.0653161419546154,16,0.276212984408537,0.016,0.586,undetermined,71
urn:mavedb:00001217-a-3#1942,NA,NA,p.Lys71Val,0.625353833263887,0.283427736331714,24,0.0985724950107899,-0.408,0.927,undetermined,71
urn:mavedb:00001217-a-3#1943,NA,NA,p.Lys76=,1.04489456729655,0.0829868118585638,16,NA,NA,NA,NA,76
urn:mavedb:00001217-a-3#1944,NA,NA,p.Lys76Ala,0.938714022329183,0.0282138299950141,32,-0.275479740781767,-0.318,-0.229,undetermined,76
urn:mavedb:00001217-a-3#1945,NA,NA,p.Lys76Arg,1.02485877078468,0.0280104580509724,48,-0.340971540114854,-0.371,-0.3,benign.support,76
urn:mavedb:00001217-a-3#1946,NA,NA,p.Lys76Asn,1.03486567872355,0.0152733336640276,16,-0.348420575393755,-0.365,-0.327,benign.support,76
urn:mavedb:00001217-a-3#1947,NA,NA,p.Lys76Asp,1.01701872049807,0.0121120604661908,16,-0.335149054688579,-0.353,-0.318,benign.support,76
urn:mavedb:00001217-a-3#1948,NA,NA,p.Lys76Cys,0.972490259587315,0.0065928711864543,16,-0.302013207926946,-0.312,-0.292,undetermined,76
urn:mavedb:00001217-a-3#1949,NA,NA,p.Lys76Gln,1.02970146165809,0.022180769079591,16,-0.344675764297576,-0.367,-0.312,benign.support,76
urn:mavedb:00001217-a-3#1950,NA,NA,p.Lys76Glu,0.997789337479988,0.0073478387818131,16,-0.321290867613497,-0.332,-0.31,benign.support,76
urn:mavedb:00001217-a-3#1951,NA,NA,p.Lys76Gly,1.03417127155669,0.0189377894872478,32,-0.347910953841262,-0.367,-0.32,benign.support,76
urn:mavedb:00001217-a-3#1952,NA,NA,p.Lys76His,1.02382384548662,0.0066247359573143,16,-0.34018945740471,-0.35,-0.331,benign.support,76
urn:mavedb:00001217-a-3#1953,NA,NA,p.Lys76Ile,1.0438183978872,0.0094020045091791,16,-0.354517354834637,-0.364,-0.342,benign.support,76
urn:mavedb:00001217-a-3#1954,NA,NA,p.Lys76Leu,1.00180401512771,0.0250909204262185,48,-0.324302166849378,-0.359,-0.286,benign.support,76
urn:mavedb:00001217-a-3#1955,NA,NA,p.Lys76Met,0.993440546350536,0.0147764846196719,16,-0.317932758873735,-0.34,-0.296,undetermined,76
urn:mavedb:00001217-a-3#1956,NA,NA,p.Lys76Phe,1.03701263766097,0.0083929194610638,16,-0.350008537506517,-0.36,-0.338,benign.support,76
urn:mavedb:00001217-a-3#1957,NA,NA,p.Lys76Pro,0.970392957778426,0.0186653221494966,32,-0.300323368463446,-0.329,-0.271,undetermined,76
urn:mavedb:00001217-a-3#1958,NA,NA,p.Lys76Ser,0.993373940443273,0.057132697709893,48,-0.317881832531777,-0.381,-0.229,undetermined,76
urn:mavedb:00001217-a-3#1959,NA,NA,p.Lys76Ter,0.371133037022031,0.0290589106507709,16,NA,NA,NA,NA,76
urn:mavedb:00001217-a-3#1960,NA,NA,p.Lys76Thr,0.999514403678433,0.0390643891574524,32,-0.322626234354889,-0.368,-0.261,benign.support,76
urn:mavedb:00001217-a-3#1961,NA,NA,p.Lys76Trp,1.03455297707328,0.013103635914593,16,-0.348190846871816,-0.363,-0.329,benign.support,76
urn:mavedb:00001217-a-3#1962,NA,NA,p.Lys76Tyr,1.00338828626125,0.0081059407905091,16,-0.325472052692435,-0.337,-0.313,benign.support,76
urn:mavedb:00001217-a-3#1963,NA,NA,p.Lys76Val,0.991570970327087,0.0530270211630112,32,-0.316508944611565,-0.376,-0.23,undetermined,76
urn:mavedb:00001217-a-3#1964,NA,NA,p.Lys92=,0.840708050688223,0.0261744994664442,16,NA,NA,NA,NA,92
urn:mavedb:00001217-a-3#1965,NA,NA,p.Lys92Ala,0.865230857027314,0.134464681200293,32,-0.212063324946136,-0.391,0.142,undetermined,92
urn:mavedb:00001217-a-3#1966,NA,NA,p.Lys92Arg,0.804848742550841,0.0611500761430859,56,-0.14988922788503,-0.267,-0.003,undetermined,92
urn:mavedb:00001217-a-3#1967,NA,NA,p.Lys92Asn,0.96289632797974,0.0449768281889991,16,-0.294393860487451,-0.36,-0.221,undetermined,92
urn:mavedb:00001217-a-3#1968,NA,NA,p.Lys92Asp,0.951464253451018,0.026281381346141,16,-0.285485362623407,-0.325,-0.243,undetermined,92
urn:mavedb:00001217-a-3#1969,NA,NA,p.Lys92Cys,0.888558264845655,0.0174140336633471,16,-0.232626662784744,-0.262,-0.202,undetermined,92
urn:mavedb:00001217-a-3#1970,NA,NA,p.Lys92Glu,0.809815822626563,0.0887357834782124,32,-0.155124415400293,-0.312,0.081,undetermined,92
urn:mavedb:00001217-a-3#1971,NA,NA,p.Lys92Gly,0.973610939558387,0.0609958714132439,24,-0.302921983321136,-0.376,-0.201,undetermined,92
urn:mavedb:00001217-a-3#1972,NA,NA,p.Lys92His,0.670318410774603,0.122369084636834,16,0.0216370808498331,-0.249,0.558,undetermined,92
urn:mavedb:00001217-a-3#1973,NA,NA,p.Lys92Ile,0.87859446987984,0.035473678119311,16,-0.224045632075733,-0.283,-0.157,undetermined,92
urn:mavedb:00001217-a-3#1974,NA,NA,p.Lys92Leu,0.933470755283505,0.0925670573349901,48,-0.271227242766378,-0.384,-0.089,undetermined,92
urn:mavedb:00001217-a-3#1975,NA,NA,p.Lys92Met,0.920838001904001,0.0239155311902502,16,-0.260793637172532,-0.298,-0.22,undetermined,92
urn:mavedb:00001217-a-3#1976,NA,NA,p.Lys92Phe,0.666178040300452,0.0630812927575237,16,0.0281588267594925,-0.131,0.289,undetermined,92
urn:mavedb:00001217-a-3#1977,NA,NA,p.Lys92Pro,0.991116336002396,0.0532236949669592,32,-0.31616446188662,-0.377,-0.23,undetermined,92
urn:mavedb:00001217-a-3#1978,NA,NA,p.Lys92Ser,0.867218469985001,0.126166197310074,48,-0.213891344121994,-0.383,0.1,undetermined,92
urn:mavedb:00001217-a-3#1979,NA,NA,p.Lys92Ter,0.132611562312127,0.161002229483639,16,NA,NA,NA,NA,92
urn:mavedb:00001217-a-3#1980,NA,NA,p.Lys92Thr,0.893468029867343,0.117280459221964,32,-0.23686204863159,-0.39,0.027,undetermined,92
urn:mavedb:00001217-a-3#1981,NA,NA,p.Lys92Trp,0.732361880074365,0.030339784858733,16,-0.0660029430915014,-0.137,0.019,undetermined,92
urn:mavedb:00001217-a-3#1982,NA,NA,p.Lys92Tyr,0.848169432428535,0.0304579150906883,16,-0.195710681772714,-0.25,-0.132,undetermined,92
urn:mavedb:00001217-a-3#1983,NA,NA,p.Lys92Val,0.926294720545655,0.0868706743988854,16,-0.265343479032457,-0.379,-0.1,undetermined,92
urn:mavedb:00001217-a-3#1984,NA,NA,p.Phe21=,1.06980393503873,0.0838153229983601,16,NA,NA,NA,NA,21
urn:mavedb:00001217-a-3#1985,NA,NA,p.Phe21Ala,0.07668424604322,0.216243226321713,16,0.723160424277814,0.372,0.935,patho.moderate,21
urn:mavedb:00001217-a-3#1986,NA,NA,p.Phe21Arg,-0.221133741570551,0.22251949685925,24,0.642974508543572,0.0,0.861,patho.moderate,21
urn:mavedb:00001217-a-3#1987,NA,NA,p.Phe21Asn,0.340920144265504,0.212472766890005,16,0.810514839193485,-0.1,0.937,patho.moderate,21
urn:mavedb:00001217-a-3#1988,NA,NA,p.Phe21Gln,-0.369269943696034,0.217802486824835,16,0.614079303044727,0.0,0.705,patho.support,21
urn:mavedb:00001217-a-3#1989,NA,NA,p.Phe21Glu,0.603986103648761,0.103336243635821,16,0.138761977133851,-0.151,0.643,undetermined,21
urn:mavedb:00001217-a-3#1990,NA,NA,p.Phe21Gly,0.472829542628507,0.279039253419483,8,0.466137349121654,-0.342,0.934,patho.support,21
urn:mavedb:00001217-a-3#1991,NA,NA,p.Phe21Leu,0.84082948675955,0.227261313934989,48,-0.187916754183303,-0.512,0.673,undetermined,21
urn:mavedb:00001217-a-3#1992,NA,NA,p.Phe21Lys,0.54679685718576,0.0696433979798933,16,0.27332408661237,0.004,0.603,undetermined,21
urn:mavedb:00001217-a-3#1993,NA,NA,p.Phe21Ser,0.780290457792295,0.328881010198961,40,-0.123131845388729,-0.591,0.913,undetermined,21
urn:mavedb:00001217-a-3#1994,NA,NA,p.Phe21Ter,0.0692933829544141,0.229004825217629,16,NA,NA,NA,NA,21
urn:mavedb:00001217-a-3#1995,NA,NA,p.Phe21Trp,-0.288600914457455,0.220994474704479,16,0.634602739345683,0.0,0.787,patho.support,21
urn:mavedb:00001217-a-3#1996,NA,NA,p.Phe21Val,-0.297995434599232,0.220742482233723,24,0.634610364735178,0.0,0.773,patho.support,21
urn:mavedb:00001217-a-3#1997,NA,NA,p.Phe46=,0.944687384861534,0.0054819460429963,16,NA,NA,NA,NA,46
urn:mavedb:00001217-a-3#1998,NA,NA,p.Phe46Ala,0.107193222176546,0.239744805529033,32,0.750711207568616,0.174,0.935,patho.moderate,46
urn:mavedb:00001217-a-3#1999,NA,NA,p.Phe46Arg,-0.228078219421284,0.284224426562154,32,0.641153046624709,0.0,0.902,patho.moderate,46
urn:mavedb:00001217-a-3#2000,NA,NA,p.Phe46Asn,-0.518382931847744,0.224896555249281,16,0.409321106031113,0.0,0.653,patho.support,46
urn:mavedb:00001217-a-3#2001,NA,NA,p.Phe46Asp,0.023533360995432,0.186874156952438,16,0.687362343628575,0.566,0.931,patho.moderate,46
urn:mavedb:00001217-a-3#2002,NA,NA,p.Phe46Cys,0.74099893410612,0.0634956220989413,32,-0.0770136149719527,-0.212,0.115,undetermined,46
urn:mavedb:00001217-a-3#2003,NA,NA,p.Phe46Glu,-0.120388524678632,0.229289371479779,16,0.653250809705648,0.275,0.913,patho.moderate,46
urn:mavedb:00001217-a-3#2004,NA,NA,p.Phe46Gly,0.189853425946278,0.185371434069904,48,0.86168500758955,0.257,0.938,patho.moderate,46
urn:mavedb:00001217-a-3#2005,NA,NA,p.Phe46His,-0.188317250031852,0.218644570345708,16,0.652439295146557,0.161,0.881,patho.moderate,46
urn:mavedb:00001217-a-3#2006,NA,NA,p.Phe46Ile,0.888749219625263,0.123887455568014,24,-0.232790654162615,-0.394,0.061,undetermined,46
urn:mavedb:00001217-a-3#2007,NA,NA,p.Phe46Leu,0.93584350263944,0.103250621324068,48,-0.273149328774508,-0.397,-0.067,undetermined,46
urn:mavedb:00001217-a-3#2008,NA,NA,p.Phe46Lys,-0.0050923351578784,0.176817173221373,16,0.673082312001178,0.608,0.927,patho.moderate,46
urn:mavedb:00001217-a-3#2009,NA,NA,p.Phe46Met,1.12337216382606,0.0109426363249861,16,-0.389267576977259,-0.398,-0.38,benign.support,46
urn:mavedb:00001217-a-3#2010,NA,NA,p.Phe46Pro,-0.319095701527379,0.224719151871369,16,0.634775889823617,0.0,0.758,patho.support,46
urn:mavedb:00001217-a-3#2011,NA,NA,p.Phe46Ser,-0.249244591218628,0.335306510963474,56,0.638187127832181,0.0,0.905,patho.moderate,46
urn:mavedb:00001217-a-3#2012,NA,NA,p.Phe46Ter,-0.207623144205259,0.21547904474504,16,NA,NA,NA,NA,46
urn:mavedb:00001217-a-3#2013,NA,NA,p.Phe46Thr,-0.0969466688589027,0.28353471907145,32,0.650078025786602,0.0,0.924,patho.moderate,46
urn:mavedb:00001217-a-3#2014,NA,NA,p.Phe46Trp,0.770312156297625,0.0269313957212458,16,-0.111930841585528,-0.17,-0.046,undetermined,46
urn:mavedb:00001217-a-3#2015,NA,NA,p.Phe46Tyr,-0.291853792688732,0.486586221893928,24,0.634600959227944,0.0,0.913,patho.support,46
urn:mavedb:00001217-a-3#2016,NA,NA,p.Phe46Val,0.984097514538536,0.0784546837303719,48,-0.310929798705454,-0.395,-0.179,undetermined,46
urn:mavedb:00001217-a-3#2017,NA,NA,p.Phe51=,0.987601746629881,0.0273040668648465,16,NA,NA,NA,NA,51
urn:mavedb:00001217-a-3#2018,NA,NA,p.Phe51Ala,0.809157417724024,0.142752104520711,24,-0.154430834680182,-0.375,0.313,undetermined,51
urn:mavedb:00001217-a-3#2019,NA,NA,p.Phe51Asn,0.584270218460889,0.199267750520824,16,0.181326302487635,-0.299,0.924,undetermined,51
urn:mavedb:00001217-a-3#2020,NA,NA,p.Phe51Cys,1.07343619628377,0.055030403778295,8,-0.36785253812815,-0.417,-0.296,benign.support,51
urn:mavedb:00001217-a-3#2021,NA,NA,p.Phe51Gly,1.11357178981257,0.0975806315510078,32,-0.384943633623976,-0.589,-0.261,benign.support,51
urn:mavedb:00001217-a-3#2022,NA,NA,p.Phe51Ile,0.539988827282859,0.202640834778675,16,0.290853973438814,-0.269,0.932,undetermined,51
urn:mavedb:00001217-a-3#2023,NA,NA,p.Phe51Leu,0.913247388827132,0.0797998986848348,40,-0.254323809605713,-0.366,-0.093,undetermined,51
urn:mavedb:00001217-a-3#2024,NA,NA,p.Phe51Lys,1.11066281583465,0.0164273929251896,8,-0.383551687754863,-0.397,-0.37,benign.support,51
urn:mavedb:00001217-a-3#2025,NA,NA,p.Phe51Ser,1.10236444952015,0.225358344521436,32,-0.379730033218374,-0.683,0.033,benign.support,51
urn:mavedb:00001217-a-3#2026,NA,NA,p.Phe51Thr,0.533493753588386,0.205409166275232,16,0.307366346098878,-0.277,0.931,undetermined,51
urn:mavedb:00001217-a-3#2027,NA,NA,p.Phe51Trp,-0.0340534401411785,0.235378576423729,16,0.654509290690465,0.34,0.927,patho.moderate,51
urn:mavedb:00001217-a-3#2028,NA,NA,p.Phe51Val,0.868598664186428,0.0914063769900171,32,-0.215163696929983,-0.356,-0.011,undetermined,51
urn:mavedb:00001217-a-3#2029,NA,NA,p.Phe65Ala,0.885581056302853,0.0374354468384594,32,-0.230077113490667,-0.292,-0.157,undetermined,65
urn:mavedb:00001217-a-3#2030,NA,NA,p.Phe65Arg,0.688288920137282,0.110978650697625,48,-0.0060184140659574,-0.247,0.479,undetermined,65
urn:mavedb:00001217-a-3#2031,NA,NA,p.Phe65Asn,0.575427452843712,0.029838924304203,16,0.202390820442823,0.083,0.348,undetermined,65
urn:mavedb:00001217-a-3#2032,NA,NA,p.Phe65Asp,0.950390239881956,0.031790913811319,16,-0.284626458401373,-0.332,-0.232,undetermined,65
urn:mavedb:00001217-a-3#2033,NA,NA,p.Phe65Cys,0.935493588194722,0.020231378963245,16,-0.272865013711454,-0.304,-0.239,undetermined,65
urn:mavedb:00001217-a-3#2034,NA,NA,p.Phe65Gln,0.754444371566199,0.0371810198208727,16,-0.0934066677256825,-0.175,0.004,undetermined,65
urn:mavedb:00001217-a-3#2035,NA,NA,p.Phe65Glu,0.762466625934575,0.0243255191756038,16,-0.102859710404356,-0.155,-0.043,undetermined,65
urn:mavedb:00001217-a-3#2036,NA,NA,p.Phe65Gly,0.81622926438665,0.0254487109708345,32,-0.161878326816182,-0.212,-0.109,undetermined,65
urn:mavedb:00001217-a-3#2037,NA,NA,p.Phe65His,0.712192128310773,0.0637383104084217,16,-0.0393116379404653,-0.185,0.169,undetermined,65
urn:mavedb:00001217-a-3#2038,NA,NA,p.Phe65Ile,0.706195442796703,0.0296572874552003,16,-0.0313050761459335,-0.103,0.061,undetermined,65
urn:mavedb:00001217-a-3#2039,NA,NA,p.Phe65Leu,0.957689725993751,0.0301951996005569,48,-0.290370881793602,-0.335,-0.241,undetermined,65
urn:mavedb:00001217-a-3#2040,NA,NA,p.Phe65Lys,0.684785586095169,0.0177868156847624,16,-0.0007611190680392,-0.049,0.055,undetermined,65
urn:mavedb:00001217-a-3#2041,NA,NA,p.Phe65Met,0.840581047378068,0.0233081611199336,16,-0.187651437264588,-0.231,-0.139,undetermined,65
urn:mavedb:00001217-a-3#2042,NA,NA,p.Phe65Pro,0.522368507331887,0.0743476616113143,32,0.334108030897398,0.031,0.704,patho.support,65
urn:mavedb:00001217-a-3#2043,NA,NA,p.Phe65Ser,0.668233867775366,0.072682894707649,48,0.024901776842794,-0.155,0.325,undetermined,65
urn:mavedb:00001217-a-3#2044,NA,NA,p.Phe65Ter,-0.0698017237602616,0.173525966429757,16,NA,NA,NA,NA,65
urn:mavedb:00001217-a-3#2045,NA,NA,p.Phe65Thr,0.833682741389318,0.140669176179986,24,-0.180309742841671,-0.382,0.242,undetermined,65
urn:mavedb:00001217-a-3#2046,NA,NA,p.Phe65Trp,1.00364746907916,0.0422372411375881,16,-0.325664254825397,-0.373,-0.261,benign.support,65
urn:mavedb:00001217-a-3#2047,NA,NA,p.Phe65Tyr,1.00112809956687,0.0224918137124779,16,-0.323805612587764,-0.356,-0.29,benign.support,65
urn:mavedb:00001217-a-3#2048,NA,NA,p.Phe65Val,0.74163647082533,0.0707877795392347,32,-0.0778172833868721,-0.228,0.139,undetermined,65
urn:mavedb:00001217-a-3#2049,NA,NA,p.Pro14=,0.988906646493057,0.0154524464018393,48,NA,NA,NA,NA,14
urn:mavedb:00001217-a-3#2050,NA,NA,p.Pro14Ala,1.03200840740445,0.0212659174969518,16,-0.346335855131824,-0.368,-0.317,benign.support,14
urn:mavedb:00001217-a-3#2051,NA,NA,p.Pro14Arg,0.96364811148189,0.0387486303553974,32,-0.29498099075795,-0.351,-0.232,undetermined,14
urn:mavedb:00001217-a-3#2052,NA,NA,p.Pro14Gln,1.00142944816623,0.0186434413473307,16,-0.324026807070615,-0.351,-0.296,benign.support,14
urn:mavedb:00001217-a-3#2053,NA,NA,p.Pro14Glu,0.995163824469593,0.0463204684803548,16,-0.319255613367192,-0.373,-0.246,benign.support,14
urn:mavedb:00001217-a-3#2054,NA,NA,p.Pro14Gly,1.10517678623029,0.0312314240154089,16,-0.381001416876822,-0.407,-0.355,benign.support,14
urn:mavedb:00001217-a-3#2055,NA,NA,p.Pro14Ile,0.97132694384069,0.0774463610686762,8,-0.301074164571751,-0.39,-0.165,undetermined,14
urn:mavedb:00001217-a-3#2056,NA,NA,p.Pro14Leu,0.905812170973354,0.086243685749001,32,-0.247705715356366,-0.369,-0.073,undetermined,14
urn:mavedb:00001217-a-3#2057,NA,NA,p.Pro14Lys,0.941357670602012,0.0380353841479355,16,-0.277521521295003,-0.334,-0.214,undetermined,14
urn:mavedb:00001217-a-3#2058,NA,NA,p.Pro14Ter,0.792624446609729,0.0689181681664482,32,NA,NA,NA,NA,14
urn:mavedb:00001217-a-3#2059,NA,NA,p.Pro14Thr,1.10481277597728,0.0248932630984682,16,-0.380835520511086,-0.402,-0.361,benign.support,14
urn:mavedb:00001217-a-3#2060,NA,NA,p.Pro14Val,1.05584573286348,0.0418658698875074,16,-0.361156465472419,-0.394,-0.303,benign.support,14
urn:mavedb:00001217-a-3#2061,NA,NA,p.Pro29=,0.965892357754308,0.119085440158938,32,NA,NA,NA,NA,29
urn:mavedb:00001217-a-3#2062,NA,NA,p.Pro29Arg,0.755539392844863,0.151430035830038,48,-0.0947046770756653,-0.365,0.5,undetermined,29
urn:mavedb:00001217-a-3#2063,NA,NA,p.Pro29Gln,1.06620834019764,0.025478997563099,16,-0.365172247158004,-0.387,-0.334,benign.support,29
urn:mavedb:00001217-a-3#2064,NA,NA,p.Pro29Glu,-0.116729138151434,0.319193669356647,8,0.652984858922744,0.0,0.924,patho.moderate,29
urn:mavedb:00001217-a-3#2065,NA,NA,p.Pro29Gly,0.727197982780825,0.0539944962589229,16,-0.0592987738006886,-0.179,0.107,undetermined,29
urn:mavedb:00001217-a-3#2066,NA,NA,p.Pro29Leu,0.561261448626513,0.134156269863275,32,0.236630510091127,-0.17,0.89,undetermined,29
urn:mavedb:00001217-a-3#2067,NA,NA,p.Pro29Ser,1.06744308065342,0.0317409918700099,16,-0.365623184056213,-0.392,-0.326,benign.support,29
urn:mavedb:00001217-a-3#2068,NA,NA,p.Pro29Ter,0.190895293509201,0.230755724440486,16,NA,NA,NA,NA,29
urn:mavedb:00001217-a-3#2069,NA,NA,p.Pro29Thr,1.13898341521522,0.277339163106178,32,-0.395790667501294,-0.688,0.168,benign.support,29
urn:mavedb:00001217-a-3#2070,NA,NA,p.Pro29Tyr,0.0700221962229797,0.331131266964151,8,0.718059134008571,-0.049,0.933,patho.moderate,29
urn:mavedb:00001217-a-3#2071,NA,NA,p.Pro63=,1.08476031085244,0.122480542160214,32,NA,NA,NA,NA,63
urn:mavedb:00001217-a-3#2072,NA,NA,p.Pro63Ala,1.1688838517384,0.177717273645159,24,-0.409418114253195,-0.694,0.0,benign.support,63
urn:mavedb:00001217-a-3#2073,NA,NA,p.Pro63Arg,0.780956671791939,0.0728947862660022,40,-0.12385788356849,-0.262,0.074,undetermined,63
urn:mavedb:00001217-a-3#2074,NA,NA,p.Pro63Asp,0.877529908025616,0.0308676539297976,16,-0.223098588856251,-0.275,-0.163,undetermined,63
urn:mavedb:00001217-a-3#2075,NA,NA,p.Pro63Gln,0.667950732122796,0.21543419025382,16,0.0253481196297805,-0.372,0.907,undetermined,63
urn:mavedb:00001217-a-3#2076,NA,NA,p.Pro63Gly,0.989161026181551,0.0855719841217855,24,-0.31469057197799,-0.405,-0.166,undetermined,63
urn:mavedb:00001217-a-3#2077,NA,NA,p.Pro63His,1.07330078654926,0.0277070022640726,16,-0.367801400369189,-0.391,-0.337,benign.support,63
urn:mavedb:00001217-a-3#2078,NA,NA,p.Pro63Ile,-0.0057165429059222,0.333694753720772,8,0.672576771532032,0.0,0.93,patho.moderate,63
urn:mavedb:00001217-a-3#2079,NA,NA,p.Pro63Leu,0.934915014882226,0.0708205218799633,32,-0.272395565006084,-0.369,-0.142,undetermined,63
urn:mavedb:00001217-a-3#2080,NA,NA,p.Pro63Ser,1.08912110214943,0.267856949294077,48,-0.374040288439779,-0.686,0.211,benign.support,63
urn:mavedb:00001217-a-3#2081,NA,NA,p.Pro63Ter,-0.304069843778369,0.221024511034624,16,NA,NA,NA,NA,63
urn:mavedb:00001217-a-3#2082,NA,NA,p.Pro63Thr,1.00116759390704,0.0501369553584711,24,-0.323834584851216,-0.379,-0.244,benign.support,63
urn:mavedb:00001217-a-3#2083,NA,NA,p.Pro63Val,0.977937311328553,0.134976880758157,24,-0.30635545547907,-0.479,-0.041,undetermined,63
urn:mavedb:00001217-a-3#2084,NA,NA,p.Pro67=,1.04473529591659,0.0546156149726038,24,NA,NA,NA,NA,67
urn:mavedb:00001217-a-3#2085,NA,NA,p.Pro67Ala,0.621891348299787,0.310420283782586,24,0.104727215136151,-0.444,0.929,undetermined,67
urn:mavedb:00001217-a-3#2086,NA,NA,p.Pro67Arg,0.980499059609609,0.0612605279231816,24,-0.30830407692336,-0.377,-0.206,undetermined,67
urn:mavedb:00001217-a-3#2087,NA,NA,p.Pro67Asp,1.04907037015303,0.0570813919135235,16,-0.357665843885036,-0.405,-0.277,benign.support,67
urn:mavedb:00001217-a-3#2088,NA,NA,p.Pro67Gly,0.84822697370881,0.0312059094255437,16,-0.195770120741543,-0.251,-0.129,undetermined,67
urn:mavedb:00001217-a-3#2089,NA,NA,p.Pro67Leu,-0.355280193038032,0.263850842665152,16,0.627856561091145,0.0,0.807,patho.support,67
urn:mavedb:00001217-a-3#2090,NA,NA,p.Pro67Phe,-0.611815111673662,0.288951807794597,8,0.15763905352228,0.0,0.653,undetermined,67
urn:mavedb:00001217-a-3#2091,NA,NA,p.Pro67Ser,0.370311997997681,0.19397046208308,32,0.730546618453038,-0.096,0.937,patho.moderate,67
urn:mavedb:00001217-a-3#2092,NA,NA,p.Pro67Thr,0.712526170485245,0.334238052266633,24,-0.0397597783814839,-0.546,0.919,undetermined,67
urn:mavedb:00001217-a-3#2093,NA,NA,p.Pro75=,1.06370264538084,0.0382622609275053,32,NA,NA,NA,NA,75
urn:mavedb:00001217-a-3#2094,NA,NA,p.Pro75Ala,0.877694696281361,0.0560536742316753,40,-0.223245078987732,-0.315,-0.111,undetermined,75
urn:mavedb:00001217-a-3#2095,NA,NA,p.Pro75Arg,0.961121022646048,0.0674793011089035,64,-0.293013735662591,-0.376,-0.177,undetermined,75
urn:mavedb:00001217-a-3#2096,NA,NA,p.Pro75Asp,0.732985649235942,0.0339913244672091,16,-0.0668062941362319,-0.146,0.029,undetermined,75
urn:mavedb:00001217-a-3#2097,NA,NA,p.Pro75Gln,1.09653264622059,0.0232624935409851,24,-0.377166449409412,-0.397,-0.359,benign.support,75
urn:mavedb:00001217-a-3#2098,NA,NA,p.Pro75Glu,0.705190679733958,0.0167805679378967,16,-0.0299557016233322,-0.073,0.019,undetermined,75
urn:mavedb:00001217-a-3#2099,NA,NA,p.Pro75Gly,0.768528725515371,0.148819963152041,32,-0.109926577527548,-0.36,0.455,undetermined,75
urn:mavedb:00001217-a-3#2100,NA,NA,p.Pro75His,1.00559039947718,0.0100093540593695,16,-0.327052053481082,-0.341,-0.312,benign.support,75
urn:mavedb:00001217-a-3#2101,NA,NA,p.Pro75Leu,1.04347002536999,0.0873369929970878,64,-0.354294422313553,-0.449,-0.218,benign.support,75
urn:mavedb:00001217-a-3#2102,NA,NA,p.Pro75Lys,-0.211180329057292,0.328709456272858,8,0.645552304970203,0.0,0.909,patho.moderate,75
urn:mavedb:00001217-a-3#2103,NA,NA,p.Pro75Met,0.842279345356683,0.0674973457135509,16,-0.189466519755617,-0.303,-0.037,undetermined,75
urn:mavedb:00001217-a-3#2104,NA,NA,p.Pro75Phe,0.953699832912803,0.0739341848753358,16,-0.287283370693394,-0.379,-0.155,undetermined,75
urn:mavedb:00001217-a-3#2105,NA,NA,p.Pro75Ser,0.967628505563694,0.0763516675149947,64,-0.298117113257428,-0.387,-0.164,undetermined,75
urn:mavedb:00001217-a-3#2106,NA,NA,p.Pro75Ter,-0.0943974139206092,0.226556541437084,16,NA,NA,NA,NA,75
urn:mavedb:00001217-a-3#2107,NA,NA,p.Pro75Thr,0.826388445048432,0.16674385213181,48,-0.172589027908643,-0.4,0.395,undetermined,75
urn:mavedb:00001217-a-3#2108,NA,NA,p.Pro75Trp,1.05123320666043,0.0158525095873556,16,-0.358954674370693,-0.371,-0.338,benign.support,75
urn:mavedb:00001217-a-3#2109,NA,NA,p.Pro75Tyr,0.944012726552764,0.0524521614294161,16,-0.279588753504318,-0.356,-0.19,undetermined,75
urn:mavedb:00001217-a-3#2110,NA,NA,p.Pro75Val,1.08683435106608,0.0598542444379791,24,-0.373103517023111,-0.434,-0.303,benign.support,75
urn:mavedb:00001217-a-3#2111,NA,NA,p.Ser103=,1.04991264521526,0.0719837850328103,40,NA,NA,NA,NA,103
urn:mavedb:00001217-a-3#2112,NA,NA,p.Ser103Ala,0.959278205304074,0.10766083813061,32,-0.291590390117294,-0.41,-0.085,undetermined,103
urn:mavedb:00001217-a-3#2113,NA,NA,p.Ser103Arg,0.975950639340077,0.0354782852151219,32,-0.304828098724919,-0.355,-0.249,undetermined,103
urn:mavedb:00001217-a-3#2114,NA,NA,p.Ser103Asn,0.881312884080267,0.0335944013123349,16,-0.226444579559663,-0.283,-0.161,undetermined,103
urn:mavedb:00001217-a-3#2115,NA,NA,p.Ser103Asp,0.883226550759012,0.0125083726600702,16,-0.228070102917494,-0.249,-0.206,undetermined,103
urn:mavedb:00001217-a-3#2116,NA,NA,p.Ser103Cys,1.06462388575705,0.0170073667210202,16,-0.364597621573929,-0.378,-0.346,benign.support,103
urn:mavedb:00001217-a-3#2117,NA,NA,p.Ser103Glu,0.878795743948867,0.0643571806504688,16,-0.224224872504039,-0.327,-0.09,undetermined,103
urn:mavedb:00001217-a-3#2118,NA,NA,p.Ser103Gly,0.9990695873086,0.0645588768801514,32,-0.32229218522083,-0.392,-0.22,benign.support,103
urn:mavedb:00001217-a-3#2119,NA,NA,p.Ser103Ile,0.45159785245802,0.130523633496057,16,0.51283737539701,-0.035,0.936,patho.support,103
urn:mavedb:00001217-a-3#2120,NA,NA,p.Ser103Leu,0.698508049628235,0.168917642852236,48,-0.0208412436113423,-0.34,0.728,undetermined,103
urn:mavedb:00001217-a-3#2121,NA,NA,p.Ser103Lys,0.957118159519839,0.0143390702040999,16,-0.289933722209428,-0.312,-0.268,undetermined,103
urn:mavedb:00001217-a-3#2122,NA,NA,p.Ser103Met,1.00306882021178,0.0354297892957398,16,-0.325235462105853,-0.367,-0.271,benign.support,103
urn:mavedb:00001217-a-3#2123,NA,NA,p.Ser103Phe,0.882578504567378,0.0221665435345213,16,-0.227519074087967,-0.265,-0.186,undetermined,103
urn:mavedb:00001217-a-3#2124,NA,NA,p.Ser103Pro,1.13347462435363,0.0428399911981569,24,-0.393624031490107,-0.448,-0.358,benign.support,103
urn:mavedb:00001217-a-3#2125,NA,NA,p.Ser103Ter,0.067854703542777,0.220352401280869,16,NA,NA,NA,NA,103
urn:mavedb:00001217-a-3#2126,NA,NA,p.Ser103Thr,0.98279628513594,0.0129677921651266,16,-0.309975942189371,-0.329,-0.29,undetermined,103
urn:mavedb:00001217-a-3#2127,NA,NA,p.Ser103Trp,0.469422867003403,0.175800344102438,16,0.473962514237031,-0.155,0.935,patho.support,103
urn:mavedb:00001217-a-3#2128,NA,NA,p.Ser103Tyr,0.890205874431004,0.0254973187177163,16,-0.234043537209192,-0.277,-0.188,undetermined,103
urn:mavedb:00001217-a-3#2129,NA,NA,p.Ser103Val,0.588283582274013,0.15183740396126,32,0.172117074280255,-0.226,0.89,undetermined,103
urn:mavedb:00001217-a-3#2130,NA,NA,p.Ser106=,1.00807073720757,0.0687340541912535,56,NA,NA,NA,NA,106
urn:mavedb:00001217-a-3#2131,NA,NA,p.Ser106Ala,0.904720294320938,0.121220658842153,48,-0.246734112063697,-0.398,0.028,undetermined,106
urn:mavedb:00001217-a-3#2132,NA,NA,p.Ser106Arg,0.877512074766968,0.130353664443918,48,-0.223082738133877,-0.391,0.098,undetermined,106
urn:mavedb:00001217-a-3#2133,NA,NA,p.Ser106Asn,0.601096533672853,0.0908529687205157,16,0.144629574895872,-0.122,0.586,undetermined,106
urn:mavedb:00001217-a-3#2134,NA,NA,p.Ser106Asp,0.686565374405064,0.0331785796373352,16,-0.0034428685451883,-0.091,0.107,undetermined,106
urn:mavedb:00001217-a-3#2135,NA,NA,p.Ser106Cys,0.830429340279349,0.0433122458178093,16,-0.176861703504906,-0.256,-0.084,undetermined,106
urn:mavedb:00001217-a-3#2136,NA,NA,p.Ser106Gln,0.826143630712891,0.0929402898287279,16,-0.172330470845265,-0.33,0.067,undetermined,106
urn:mavedb:00001217-a-3#2137,NA,NA,p.Ser106Glu,0.33292343553321,0.068772003969598,16,0.834222823796346,0.479,0.94,patho.moderate,106
urn:mavedb:00001217-a-3#2138,NA,NA,p.Ser106Gly,0.902406281368544,0.0643879480431132,32,-0.244683413823108,-0.343,-0.12,undetermined,106
urn:mavedb:00001217-a-3#2139,NA,NA,p.Ser106His,0.352518027476379,0.237898433895605,16,0.779352593791833,-0.157,0.937,patho.moderate,106
urn:mavedb:00001217-a-3#2140,NA,NA,p.Ser106Leu,0.507511388311032,0.322440323609328,32,0.373777289566928,-0.391,0.931,patho.support,106
urn:mavedb:00001217-a-3#2141,NA,NA,p.Ser106Lys,0.890297376068729,0.0253433158846513,16,-0.234122352947429,-0.277,-0.188,undetermined,106
urn:mavedb:00001217-a-3#2142,NA,NA,p.Ser106Met,-0.405250545949459,0.221845333831146,16,0.574291459115963,0.0,0.692,patho.support,106
urn:mavedb:00001217-a-3#2143,NA,NA,p.Ser106Phe,0.101635998926786,0.230937460114843,16,0.745352508695699,0.271,0.935,patho.moderate,106
urn:mavedb:00001217-a-3#2144,NA,NA,p.Ser106Pro,0.376759604212904,0.49207952664074,48,0.711025248913773,-0.456,0.929,patho.moderate,106
urn:mavedb:00001217-a-3#2145,NA,NA,p.Ser106Ter,0.78233063034377,0.381816504013308,40,NA,NA,NA,NA,106
urn:mavedb:00001217-a-3#2146,NA,NA,p.Ser106Thr,0.828299796786618,0.105327098290949,40,-0.174608788978335,-0.345,0.105,undetermined,106
urn:mavedb:00001217-a-3#2147,NA,NA,p.Ser106Trp,0.393758973884929,0.154677413222978,16,0.660905427942834,-0.018,0.937,patho.moderate,106
urn:mavedb:00001217-a-3#2148,NA,NA,p.Ser106Tyr,-0.201304665060752,0.233568829879624,16,0.648080567098342,0.0,0.885,patho.moderate,106
urn:mavedb:00001217-a-3#2149,NA,NA,p.Ser106Val,0.06916993840247,0.239407651628747,32,0.71740109996128,0.265,0.933,patho.moderate,106
urn:mavedb:00001217-a-3#2150,NA,NA,p.Ser108=,0.894835351989535,0.0967764726444987,48,NA,NA,NA,NA,108
urn:mavedb:00001217-a-3#2151,NA,NA,p.Ser108Ala,0.791603948159182,0.104098078510043,48,-0.135662642812393,-0.316,0.18,undetermined,108
urn:mavedb:00001217-a-3#2152,NA,NA,p.Ser108Arg,0.992315592478451,0.189217121465576,48,-0.317074629728672,-0.611,0.12,undetermined,108
urn:mavedb:00001217-a-3#2153,NA,NA,p.Ser108Asn,0.814541543425764,0.0208396102544431,16,-0.16010109151837,-0.203,-0.115,undetermined,108
urn:mavedb:00001217-a-3#2154,NA,NA,p.Ser108Asp,0.98643386744516,0.0289451933681181,16,-0.312655212423557,-0.354,-0.268,undetermined,108
urn:mavedb:00001217-a-3#2155,NA,NA,p.Ser108Cys,0.950701083238507,0.0351824081686306,16,-0.284874722437163,-0.337,-0.228,undetermined,108
urn:mavedb:00001217-a-3#2156,NA,NA,p.Ser108Gln,0.64560785654452,0.0316520466120878,16,0.0627142670903277,-0.034,0.185,undetermined,108
urn:mavedb:00001217-a-3#2157,NA,NA,p.Ser108Glu,0.975059323448453,0.0250402373428474,16,-0.304102629617446,-0.34,-0.266,undetermined,108
urn:mavedb:00001217-a-3#2158,NA,NA,p.Ser108Gly,1.02177104132505,0.12297020423909,40,-0.338650558676043,-0.502,-0.126,benign.support,108
urn:mavedb:00001217-a-3#2159,NA,NA,p.Ser108His,0.991213439851386,0.0492653961510799,16,-0.316237981762854,-0.373,-0.237,undetermined,108
urn:mavedb:00001217-a-3#2160,NA,NA,p.Ser108Ile,1.03038955921498,0.100606141010205,16,-0.345168804429667,-0.46,-0.183,benign.support,108
urn:mavedb:00001217-a-3#2161,NA,NA,p.Ser108Leu,0.940223423025376,0.0541750062223562,56,-0.276643515620019,-0.354,-0.182,undetermined,108
urn:mavedb:00001217-a-3#2162,NA,NA,p.Ser108Lys,0.952029987822715,0.048144620129973,16,-0.285939055296222,-0.355,-0.204,undetermined,108
urn:mavedb:00001217-a-3#2163,NA,NA,p.Ser108Met,0.70197482881768,0.144833867814852,16,-0.0256006615721934,-0.315,0.578,undetermined,108
urn:mavedb:00001217-a-3#2164,NA,NA,p.Ser108Phe,1.135608069267,0.0213215161057921,16,-0.394452368088377,-0.414,-0.376,benign.support,108
urn:mavedb:00001217-a-3#2165,NA,NA,p.Ser108Pro,-0.269427296951038,0.278545521823735,32,0.63539563108754,0.0,0.885,patho.support,108
urn:mavedb:00001217-a-3#2166,NA,NA,p.Ser108Ter,0.993405935902335,0.206108691247564,48,NA,NA,NA,NA,108
urn:mavedb:00001217-a-3#2167,NA,NA,p.Ser108Thr,0.980449432216554,0.0809037967557078,32,-0.308268127042538,-0.396,-0.169,undetermined,108
urn:mavedb:00001217-a-3#2168,NA,NA,p.Ser108Trp,0.973501309684099,0.0259202746761678,16,-0.302832901517146,-0.34,-0.262,undetermined,108
urn:mavedb:00001217-a-3#2169,NA,NA,p.Ser108Tyr,1.01798567524238,0.0132742239973696,16,-0.335854761352433,-0.354,-0.317,benign.support,108
urn:mavedb:00001217-a-3#2170,NA,NA,p.Ser108Val,0.93576090313016,0.0384263168962173,32,-0.273082187254802,-0.332,-0.206,undetermined,108
urn:mavedb:00001217-a-3#2171,NA,NA,p.Ser135=,0.624636904313416,0.345424255917375,32,NA,NA,NA,NA,135
urn:mavedb:00001217-a-3#2172,NA,NA,p.Ser135Ala,0.328400769882069,0.209372781062306,16,0.848722684879847,-0.08,0.938,patho.moderate,135
urn:mavedb:00001217-a-3#2173,NA,NA,p.Ser135Arg,0.850622120202237,0.0843182248323913,32,-0.198207100604842,-0.334,0.0,undetermined,135
urn:mavedb:00001217-a-3#2174,NA,NA,p.Ser135Asn,0.845451619416762,0.260468541650008,16,-0.192866311560647,-0.569,0.791,undetermined,135
urn:mavedb:00001217-a-3#2175,NA,NA,p.Ser135Asp,0.697370550884205,0.0740904410350848,16,-0.0192638799112309,-0.189,0.253,undetermined,135
urn:mavedb:00001217-a-3#2176,NA,NA,p.Ser135Cys,0.741916399462219,0.110995844055969,16,-0.0781697898156196,-0.287,0.331,undetermined,135
urn:mavedb:00001217-a-3#2177,NA,NA,p.Ser135Gln,0.892348784532211,0.0518498442811881,16,-0.235892989005658,-0.319,-0.134,undetermined,135
urn:mavedb:00001217-a-3#2178,NA,NA,p.Ser135Gly,0.807148091330403,0.133256424497508,32,-0.152313559751569,-0.365,0.274,undetermined,135
urn:mavedb:00001217-a-3#2179,NA,NA,p.Ser135His,0.371830044414917,0.239016035147878,16,0.725807157199506,-0.189,0.936,patho.moderate,135
urn:mavedb:00001217-a-3#2180,NA,NA,p.Ser135Ile,0.839418567746382,0.0395398802400239,16,-0.186410892351352,-0.259,-0.104,undetermined,135
urn:mavedb:00001217-a-3#2181,NA,NA,p.Ser135Leu,0.165500020959397,0.213064933976871,16,0.82522858186829,0.162,0.936,patho.moderate,135
urn:mavedb:00001217-a-3#2182,NA,NA,p.Ser135Lys,0.553249734623102,0.182319182549384,16,0.256799576191299,-0.247,0.928,undetermined,135
urn:mavedb:00001217-a-3#2183,NA,NA,p.Ser135Met,0.8057246759353,0.215501304076616,16,-0.150812986546027,-0.449,0.691,undetermined,135
urn:mavedb:00001217-a-3#2184,NA,NA,p.Ser135Pro,-0.262455245544238,0.317566767243496,8,0.636365788136279,0.0,0.902,patho.support,135
urn:mavedb:00001217-a-3#2185,NA,NA,p.Ser135Ter,-0.210194671865741,0.218934528025337,16,NA,NA,NA,NA,135
urn:mavedb:00001217-a-3#2186,NA,NA,p.Ser135Thr,0.792686158084516,0.131179057837593,24,-0.136857817097071,-0.357,0.283,undetermined,135
urn:mavedb:00001217-a-3#2187,NA,NA,p.Ser135Trp,0.442893284722093,0.0610191838636628,16,0.533336663376771,0.233,0.862,patho.support,135
urn:mavedb:00001217-a-3#2188,NA,NA,p.Ser135Val,0.466596951388771,0.274030874187969,32,0.480331539738364,-0.32,0.934,patho.support,135
urn:mavedb:00001217-a-3#2189,NA,NA,p.Ser143=,0.968492029592966,0.0401480415668852,40,NA,NA,NA,NA,143
urn:mavedb:00001217-a-3#2190,NA,NA,p.Ser143Ala,0.979541673190245,0.0269549628593312,32,-0.307597835524197,-0.346,-0.264,undetermined,143
urn:mavedb:00001217-a-3#2191,NA,NA,p.Ser143Arg,1.03316159689675,0.0419371768544926,48,-0.347173376991659,-0.386,-0.287,benign.support,143
urn:mavedb:00001217-a-3#2192,NA,NA,p.Ser143Asn,0.959186462092547,0.0182854853548749,16,-0.291519772375802,-0.319,-0.262,undetermined,143
urn:mavedb:00001217-a-3#2193,NA,NA,p.Ser143Asp,0.953485002059312,0.023862459215426,16,-0.287109982644037,-0.323,-0.249,undetermined,143
urn:mavedb:00001217-a-3#2194,NA,NA,p.Ser143Cys,1.00144015033866,0.0282423504279444,16,-0.32403466818543,-0.362,-0.281,benign.support,143
urn:mavedb:00001217-a-3#2195,NA,NA,p.Ser143Gly,0.944395191898056,0.0838619465459625,32,-0.279887954939544,-0.383,-0.126,undetermined,143
urn:mavedb:00001217-a-3#2196,NA,NA,p.Ser143His,1.00194453918899,0.0079632845893937,16,-0.324405592986577,-0.336,-0.313,benign.support,143
urn:mavedb:00001217-a-3#2197,NA,NA,p.Ser143Ile,0.989673810835873,0.0173169315165403,16,-0.315075908161093,-0.34,-0.289,undetermined,143
urn:mavedb:00001217-a-3#2198,NA,NA,p.Ser143Leu,1.10575895131695,0.0169542119768622,16,-0.381267575809241,-0.396,-0.367,benign.support,143
urn:mavedb:00001217-a-3#2199,NA,NA,p.Ser143Lys,0.957208601588597,0.0427668968419024,16,-0.290002838966297,-0.354,-0.219,undetermined,143
urn:mavedb:00001217-a-3#2200,NA,NA,p.Ser143Met,0.841097902579265,0.041320914154085,16,-0.188203483000586,-0.261,-0.099,undetermined,143
urn:mavedb:00001217-a-3#2201,NA,NA,p.Ser143Phe,0.896186344325278,0.0298479454844807,16,-0.239224793307191,-0.288,-0.184,undetermined,143
urn:mavedb:00001217-a-3#2202,NA,NA,p.Ser143Pro,0.999600715194825,0.0271986350582921,16,-0.322689099764206,-0.36,-0.281,benign.support,143
urn:mavedb:00001217-a-3#2203,NA,NA,p.Ser143Thr,1.03780460147757,0.0816797435702583,32,-0.350569292703144,-0.426,-0.224,benign.support,143
urn:mavedb:00001217-a-3#2204,NA,NA,p.Ser143Trp,0.793183001769412,0.0182801005170499,16,-0.137406219993519,-0.176,-0.096,undetermined,143
urn:mavedb:00001217-a-3#2205,NA,NA,p.Ser143Tyr,0.884361865193918,0.0478668089171589,16,-0.22903686830605,-0.307,-0.134,undetermined,143
urn:mavedb:00001217-a-3#2206,NA,NA,p.Ser143Val,0.985686170483389,0.0231919379092407,32,-0.312101225535981,-0.345,-0.276,undetermined,143
urn:mavedb:00001217-a-3#2207,NA,NA,p.Ser26Ala,0.896903520888046,0.105442324138754,8,-0.239850395339296,-0.382,-0.011,undetermined,26
urn:mavedb:00001217-a-3#2208,NA,NA,p.Ser26Arg,1.00266351823617,0.220501848826108,32,-0.324935802684837,-0.651,0.219,benign.support,26
urn:mavedb:00001217-a-3#2209,NA,NA,p.Ser26Asn,0.807307504267555,0.168217100217841,16,-0.15248157509326,-0.393,0.475,undetermined,26
urn:mavedb:00001217-a-3#2210,NA,NA,p.Ser26Asp,0.584535979773337,0.195056406488704,16,0.180725379916425,-0.297,0.925,undetermined,26
urn:mavedb:00001217-a-3#2211,NA,NA,p.Ser26Glu,-0.0690046744822031,0.223215588775524,16,0.650101323086594,0.378,0.923,patho.moderate,26
urn:mavedb:00001217-a-3#2212,NA,NA,p.Ser26Gly,0.998135087313555,0.0350920603766303,24,-0.321560706026149,-0.365,-0.268,benign.support,26
urn:mavedb:00001217-a-3#2213,NA,NA,p.Ser26Ile,1.04804396371925,0.019978203401572,16,-0.357059469618298,-0.373,-0.329,benign.support,26
urn:mavedb:00001217-a-3#2214,NA,NA,p.Ser26Leu,0.802120516990545,0.0170815259185053,8,-0.147010011636185,-0.182,-0.11,undetermined,26
urn:mavedb:00001217-a-3#2215,NA,NA,p.Ser26Met,0.680612808422126,0.094296468984596,16,0.0056184295391649,-0.21,0.392,undetermined,26
urn:mavedb:00001217-a-3#2216,NA,NA,p.Ser26Pro,-0.0746757390681929,0.325476045819563,8,0.650051539617605,0.0,0.925,patho.moderate,26
urn:mavedb:00001217-a-3#2217,NA,NA,p.Ser26Thr,1.00694412765443,0.1419275137848,24,-0.32798880266675,-0.545,-0.06,benign.support,26
urn:mavedb:00001217-a-3#2218,NA,NA,p.Ser26Trp,0.958437646199449,0.0350966839123873,8,-0.290944233397739,-0.342,-0.233,undetermined,26
urn:mavedb:00001217-a-3#2219,NA,NA,p.Ser35=,1.01457298610432,0.0554108077455472,48,NA,NA,NA,NA,35
urn:mavedb:00001217-a-3#2220,NA,NA,p.Ser35Ala,0.883536619136888,0.116217985213991,32,-0.22833395815504,-0.385,0.044,undetermined,35
urn:mavedb:00001217-a-3#2221,NA,NA,p.Ser35Arg,1.06278039831398,0.0867269533946063,80,-0.363934639586755,-0.466,-0.238,benign.support,35
urn:mavedb:00001217-a-3#2222,NA,NA,p.Ser35Asn,0.983379910846385,0.200441925369456,24,-0.310403143892045,-0.616,0.165,undetermined,35
urn:mavedb:00001217-a-3#2223,NA,NA,p.Ser35Asp,0.896494912119072,0.124367266406977,16,-0.239493844147218,-0.399,0.047,undetermined,35
urn:mavedb:00001217-a-3#2224,NA,NA,p.Ser35Cys,0.913430341086913,0.0374633358306145,16,-0.254481098756168,-0.312,-0.187,undetermined,35
urn:mavedb:00001217-a-3#2225,NA,NA,p.Ser35Gln,1.09554681010891,0.0097988831716019,16,-0.37674237969631,-0.385,-0.369,benign.support,35
urn:mavedb:00001217-a-3#2226,NA,NA,p.Ser35Glu,0.986195219240907,0.0248724721691477,16,-0.312478205625124,-0.348,-0.274,undetermined,35
urn:mavedb:00001217-a-3#2227,NA,NA,p.Ser35Gly,0.757972619637138,0.11486913988606,40,-0.0975799003864226,-0.311,0.305,undetermined,35
urn:mavedb:00001217-a-3#2228,NA,NA,p.Ser35His,0.948244154464787,0.0407950613462546,16,-0.282919472165982,-0.345,-0.214,undetermined,35
urn:mavedb:00001217-a-3#2229,NA,NA,p.Ser35Ile,1.0895388343269,0.0219738954135286,32,-0.374212783717226,-0.393,-0.356,benign.support,35
urn:mavedb:00001217-a-3#2230,NA,NA,p.Ser35Leu,1.01884846367421,0.116147015284782,48,-0.336487317358464,-0.484,-0.138,benign.support,35
urn:mavedb:00001217-a-3#2231,NA,NA,p.Ser35Lys,0.999728050980452,0.0296187763658293,16,-0.322781889666824,-0.361,-0.278,benign.support,35
urn:mavedb:00001217-a-3#2232,NA,NA,p.Ser35Met,0.59161257648488,0.0186150192496926,16,0.164751781088077,0.093,0.252,undetermined,35
urn:mavedb:00001217-a-3#2233,NA,NA,p.Ser35Phe,1.09771819127144,0.044396619424076,16,-0.377679909940475,-0.417,-0.332,benign.support,35
urn:mavedb:00001217-a-3#2234,NA,NA,p.Ser35Pro,0.152337192016167,0.241891219252751,32,0.807404939605467,0.109,0.936,patho.moderate,35
urn:mavedb:00001217-a-3#2235,NA,NA,p.Ser35Ter,-0.395180463532597,0.221529841086549,16,NA,NA,NA,NA,35
urn:mavedb:00001217-a-3#2236,NA,NA,p.Ser35Thr,1.0884538135955,0.0468401367030622,40,-0.373765627890753,-0.416,-0.321,benign.support,35
urn:mavedb:00001217-a-3#2237,NA,NA,p.Ser35Trp,0.939045766963607,0.0085819714577892,16,-0.275735073539167,-0.289,-0.262,undetermined,35
urn:mavedb:00001217-a-3#2238,NA,NA,p.Ser35Tyr,0.44300873633465,0.214649397451535,16,0.533058657865313,-0.21,0.936,patho.support,35
urn:mavedb:00001217-a-3#2239,NA,NA,p.Ser35Val,1.03656496707529,0.0847395820237051,32,-0.349675873092952,-0.433,-0.215,benign.support,35
urn:mavedb:00001217-a-3#2240,NA,NA,p.Ser60=,1.10294311463517,0.109956026745458,32,NA,NA,NA,NA,60
urn:mavedb:00001217-a-3#2241,NA,NA,p.Ser60Ala,1.02433880078181,0.139550803389092,32,-0.340578075005157,-0.556,-0.092,benign.support,60
urn:mavedb:00001217-a-3#2242,NA,NA,p.Ser60Arg,0.926234378596995,0.038542297574317,48,-0.265292784923093,-0.325,-0.198,undetermined,60
urn:mavedb:00001217-a-3#2243,NA,NA,p.Ser60Asn,0.890805765204004,0.0663462788301403,16,-0.234560508026589,-0.338,-0.1,undetermined,60
urn:mavedb:00001217-a-3#2244,NA,NA,p.Ser60Asp,1.02405381819196,0.0287085493609031,16,-0.34036288022302,-0.371,-0.298,benign.support,60
urn:mavedb:00001217-a-3#2245,NA,NA,p.Ser60Cys,0.867979884814466,0.0109347338179455,16,-0.214592955992516,-0.234,-0.194,undetermined,60
urn:mavedb:00001217-a-3#2246,NA,NA,p.Ser60Gln,0.902102757801979,0.015588222555982,16,-0.24441525892253,-0.271,-0.218,undetermined,60
urn:mavedb:00001217-a-3#2247,NA,NA,p.Ser60Glu,0.716368240580143,0.0491690654343598,16,-0.0448924000605481,-0.158,0.113,undetermined,60
urn:mavedb:00001217-a-3#2248,NA,NA,p.Ser60Gly,1.0033843257471,0.0439622930754685,32,-0.325469117477638,-0.374,-0.258,benign.support,60
urn:mavedb:00001217-a-3#2249,NA,NA,p.Ser60His,0.861644174199457,0.0447462840674786,8,-0.208776620255827,-0.284,-0.116,undetermined,60
urn:mavedb:00001217-a-3#2250,NA,NA,p.Ser60Ile,0.97824569764749,0.0058344439142408,16,-0.306593635839029,-0.315,-0.297,undetermined,60
urn:mavedb:00001217-a-3#2251,NA,NA,p.Ser60Leu,0.967261591339843,0.0537679460301012,48,-0.297826049900714,-0.367,-0.21,undetermined,60
urn:mavedb:00001217-a-3#2252,NA,NA,p.Ser60Lys,0.987899529552874,0.027997423210755,16,-0.313746175581519,-0.354,-0.272,undetermined,60
urn:mavedb:00001217-a-3#2253,NA,NA,p.Ser60Met,0.848279087003103,0.0099277569301582,16,-0.195823956214724,-0.214,-0.176,undetermined,60
urn:mavedb:00001217-a-3#2254,NA,NA,p.Ser60Phe,0.760253275077665,0.145469472428813,16,-0.10026407443365,-0.352,0.443,undetermined,60
urn:mavedb:00001217-a-3#2255,NA,NA,p.Ser60Pro,0.979782544547233,0.0739644635707355,32,-0.307785062378061,-0.39,-0.181,undetermined,60
urn:mavedb:00001217-a-3#2256,NA,NA,p.Ser60Ter,-0.413194553393419,0.230413343853896,16,NA,NA,NA,NA,60
urn:mavedb:00001217-a-3#2257,NA,NA,p.Ser60Thr,1.04550009403073,0.0720174701162742,32,-0.355570855347619,-0.421,-0.243,benign.support,60
urn:mavedb:00001217-a-3#2258,NA,NA,p.Ser60Trp,1.15874368289667,0.0271451988783058,16,-0.404470181677244,-0.442,-0.381,benign.support,60
urn:mavedb:00001217-a-3#2259,NA,NA,p.Ser60Tyr,0.967463926320719,0.0432891771307709,16,-0.297986506446091,-0.358,-0.228,undetermined,60
urn:mavedb:00001217-a-3#2260,NA,NA,p.Ser60Val,1.0436684177708,0.0531733830729627,32,-0.354421327269786,-0.4,-0.275,benign.support,60
urn:mavedb:00001217-a-3#2261,NA,NA,p.Ser69=,0.834843431665219,0.113349892538951,40,NA,NA,NA,NA,69
urn:mavedb:00001217-a-3#2262,NA,NA,p.Ser69Ala,0.505042121106286,0.139891774383236,24,0.380395357109673,-0.121,0.929,patho.support,69
urn:mavedb:00001217-a-3#2263,NA,NA,p.Ser69Cys,0.892654631934025,0.0259627610247506,8,-0.236157582394426,-0.279,-0.189,undetermined,69
urn:mavedb:00001217-a-3#2264,NA,NA,p.Ser69Gln,1.16550980610262,0.0624194835632774,8,-0.407655651716019,-0.554,-0.352,benign.support,69
urn:mavedb:00001217-a-3#2265,NA,NA,p.Ser69Glu,1.18333109785013,0.0530614301165973,8,-0.417951122704959,-0.55,-0.369,benign.support,69
urn:mavedb:00001217-a-3#2266,NA,NA,p.Ser69Gly,1.11737065673117,0.0148294741246468,8,-0.386709726107874,-0.399,-0.374,benign.support,69
urn:mavedb:00001217-a-3#2267,NA,NA,p.Ser69Leu,0.948241425667649,0.0340819306765643,8,-0.282917309439292,-0.333,-0.226,undetermined,69
urn:mavedb:00001217-a-3#2268,NA,NA,p.Ser69Phe,1.06071025880648,0.120651268000724,32,-0.363184213887422,-0.568,-0.164,benign.support,69
urn:mavedb:00001217-a-3#2269,NA,NA,p.Ser69Pro,0.519726091581106,0.479061854590475,16,0.340986073194893,-0.532,0.93,patho.support,69
urn:mavedb:00001217-a-3#2270,NA,NA,p.Ser69Thr,0.882978179860223,0.0486287971213299,16,-0.227858846334136,-0.307,-0.134,undetermined,69
urn:mavedb:00001217-a-3#2271,NA,NA,p.Ser69Tyr,0.772564502506562,0.150722791767345,32,-0.114443621555184,-0.365,0.45,undetermined,69
urn:mavedb:00001217-a-3#2272,NA,NA,p.Ser99=,1.0017448014338,0.0570162924696239,40,NA,NA,NA,NA,99
urn:mavedb:00001217-a-3#2273,NA,NA,p.Ser99Ala,0.95240730419355,0.0700183377838588,32,-0.286242135986018,-0.375,-0.16,undetermined,99
urn:mavedb:00001217-a-3#2274,NA,NA,p.Ser99Arg,0.90603753269003,0.103340897839857,40,-0.247906576751773,-0.382,-0.032,undetermined,99
urn:mavedb:00001217-a-3#2275,NA,NA,p.Ser99Asn,1.03948549698838,0.0174981375441642,16,-0.351723318540208,-0.368,-0.327,benign.support,99
urn:mavedb:00001217-a-3#2276,NA,NA,p.Ser99Asp,0.951215203146367,0.0132043148275381,16,-0.285285914013627,-0.306,-0.264,undetermined,99
urn:mavedb:00001217-a-3#2277,NA,NA,p.Ser99Cys,0.952128825589561,0.0120707183285205,16,-0.286018409017421,-0.305,-0.267,undetermined,99
urn:mavedb:00001217-a-3#2278,NA,NA,p.Ser99Gln,0.996396350133825,0.0247790708926018,16,-0.32020802990397,-0.355,-0.281,benign.support,99
urn:mavedb:00001217-a-3#2279,NA,NA,p.Ser99Glu,1.09209267687009,0.0137844634376203,16,-0.375276774613879,-0.387,-0.365,benign.support,99
urn:mavedb:00001217-a-3#2280,NA,NA,p.Ser99Gly,1.01269945312097,0.0506438247125469,32,-0.332037217291908,-0.385,-0.255,benign.support,99
urn:mavedb:00001217-a-3#2281,NA,NA,p.Ser99His,0.839069196529634,0.0458903823737412,16,-0.186038344818674,-0.267,-0.087,undetermined,99
urn:mavedb:00001217-a-3#2282,NA,NA,p.Ser99Ile,0.624858133313482,0.0663798324416768,16,0.0994440669886334,-0.091,0.406,undetermined,99
urn:mavedb:00001217-a-3#2283,NA,NA,p.Ser99Leu,0.940220424148612,0.1232399015627,48,-0.276641198218614,-0.414,-0.018,undetermined,99
urn:mavedb:00001217-a-3#2284,NA,NA,p.Ser99Lys,1.03760355502698,0.054159996067888,8,-0.350431963192124,-0.397,-0.268,benign.support,99
urn:mavedb:00001217-a-3#2285,NA,NA,p.Ser99Met,0.957225869447138,0.0267257146861467,16,-0.290016037688239,-0.33,-0.247,undetermined,99
urn:mavedb:00001217-a-3#2286,NA,NA,p.Ser99Phe,0.752150890874812,0.0554416073468557,16,-0.0906794076406073,-0.206,0.07,undetermined,99
urn:mavedb:00001217-a-3#2287,NA,NA,p.Ser99Pro,0.881789317171195,0.140885318690463,32,-0.226848811096036,-0.403,0.134,undetermined,99
urn:mavedb:00001217-a-3#2288,NA,NA,p.Ser99Ter,0.02679200940571,0.172251627492485,16,NA,NA,NA,NA,99
urn:mavedb:00001217-a-3#2289,NA,NA,p.Ser99Thr,0.892012201008183,0.0846340242484094,24,-0.235601989437801,-0.363,-0.055,undetermined,99
urn:mavedb:00001217-a-3#2290,NA,NA,p.Ser99Trp,1.15364226166523,0.0207082145555168,16,-0.402054481377077,-0.425,-0.384,benign.support,99
urn:mavedb:00001217-a-3#2291,NA,NA,p.Ser99Tyr,1.07207865061272,0.0215036916247627,16,-0.367341495814249,-0.385,-0.345,benign.support,99
urn:mavedb:00001217-a-3#2292,NA,NA,p.Ser99Val,1.01264308434493,0.040703742193927,32,-0.331997033370611,-0.375,-0.27,benign.support,99
urn:mavedb:00001217-a-3#2293,NA,NA,p.Thr117=,1.06962942510647,0.0188214107691045,40,NA,NA,NA,NA,117
urn:mavedb:00001217-a-3#2294,NA,NA,p.Thr117Ala,0.867045215808245,0.0420855853489597,48,-0.213731802639993,-0.284,-0.13,undetermined,117
urn:mavedb:00001217-a-3#2295,NA,NA,p.Thr117Arg,0.832524933825173,0.106622817017668,72,-0.179081742940694,-0.353,0.104,undetermined,117
urn:mavedb:00001217-a-3#2296,NA,NA,p.Thr117Asn,0.785981425232556,0.0203314495689763,16,-0.129436571776895,-0.171,-0.084,undetermined,117
urn:mavedb:00001217-a-3#2297,NA,NA,p.Thr117Asp,0.0254491516004036,0.144403948733646,16,0.688354286160865,0.635,0.926,patho.moderate,117
urn:mavedb:00001217-a-3#2298,NA,NA,p.Thr117Cys,0.992524285769337,0.0083696970330002,16,-0.31723350334869,-0.33,-0.305,undetermined,117
urn:mavedb:00001217-a-3#2299,NA,NA,p.Thr117Gln,0.987438751603815,0.0222869770578438,24,-0.313402474489637,-0.346,-0.28,undetermined,117
urn:mavedb:00001217-a-3#2300,NA,NA,p.Thr117Glu,1.00012873460222,0.0226307071794857,16,-0.323074214001783,-0.355,-0.289,benign.support,117
urn:mavedb:00001217-a-3#2301,NA,NA,p.Thr117Gly,0.722155336256806,0.111236808191972,40,-0.0526529069957881,-0.275,0.366,undetermined,117
urn:mavedb:00001217-a-3#2302,NA,NA,p.Thr117His,1.00618056964527,0.0098113217655558,16,-0.327459732637119,-0.341,-0.313,benign.support,117
urn:mavedb:00001217-a-3#2303,NA,NA,p.Thr117Ile,1.00560803111561,0.0421686755525008,24,-0.327064217399058,-0.374,-0.263,benign.support,117
urn:mavedb:00001217-a-3#2304,NA,NA,p.Thr117Leu,0.993626530988045,0.0355964237005769,48,-0.318075040660728,-0.364,-0.263,undetermined,117
urn:mavedb:00001217-a-3#2305,NA,NA,p.Thr117Lys,0.938147373351205,0.0522233166153422,32,-0.275028897011264,-0.354,-0.181,undetermined,117
urn:mavedb:00001217-a-3#2306,NA,NA,p.Thr117Met,1.00474138426357,0.0072576430322532,16,-0.326467462898295,-0.337,-0.316,benign.support,117
urn:mavedb:00001217-a-3#2307,NA,NA,p.Thr117Phe,0.936150446430609,0.0381479758745459,16,-0.273398977473222,-0.332,-0.208,undetermined,117
urn:mavedb:00001217-a-3#2308,NA,NA,p.Thr117Pro,0.282455390687929,0.0458472808877132,32,0.937273288807876,0.721,0.942,patho.moderate,117
urn:mavedb:00001217-a-3#2309,NA,NA,p.Thr117Ser,1.06506972852381,0.0614330036033272,64,-0.364758859768697,-0.419,-0.279,benign.support,117
urn:mavedb:00001217-a-3#2310,NA,NA,p.Thr117Ter,0.288229723068203,0.362432091091484,24,NA,NA,NA,NA,117
urn:mavedb:00001217-a-3#2311,NA,NA,p.Thr117Trp,1.03471645576589,0.0244701632359449,16,-0.348310898808192,-0.371,-0.313,benign.support,117
urn:mavedb:00001217-a-3#2312,NA,NA,p.Thr117Tyr,1.11158578546499,0.0081668653733554,16,-0.383990262478397,-0.391,-0.377,benign.support,117
urn:mavedb:00001217-a-3#2313,NA,NA,p.Thr117Val,1.14002442785766,0.0237151310030957,16,-0.396210517351998,-0.421,-0.376,benign.support,117
urn:mavedb:00001217-a-3#2314,NA,NA,p.Thr136=,0.930170036032248,0.0583975462161199,32,NA,NA,NA,NA,136
urn:mavedb:00001217-a-3#2315,NA,NA,p.Thr136Ala,0.895601280674566,0.0621564103397899,48,-0.238715136046859,-0.336,-0.115,undetermined,136
urn:mavedb:00001217-a-3#2316,NA,NA,p.Thr136Arg,0.540281229049156,0.402429794067631,32,0.290111459080199,-0.486,0.929,undetermined,136
urn:mavedb:00001217-a-3#2317,NA,NA,p.Thr136Asp,0.968156621263503,0.0905846642305216,16,-0.298536771799501,-0.399,-0.135,undetermined,136
urn:mavedb:00001217-a-3#2318,NA,NA,p.Thr136Cys,0.967715160186355,0.0325154415798613,16,-0.298185913689504,-0.345,-0.246,undetermined,136
urn:mavedb:00001217-a-3#2319,NA,NA,p.Thr136Gly,0.73090423495607,0.0535854913699626,16,-0.0641203385015479,-0.183,0.094,undetermined,136
urn:mavedb:00001217-a-3#2320,NA,NA,p.Thr136His,0.96651845022711,0.0285740683233778,16,-0.297237780101869,-0.34,-0.251,undetermined,136
urn:mavedb:00001217-a-3#2321,NA,NA,p.Thr136Leu,1.14858618265395,0.0566356592705922,40,-0.39979910253364,-0.501,-0.35,benign.support,136
urn:mavedb:00001217-a-3#2322,NA,NA,p.Thr136Lys,0.959545978147811,0.0921644535862782,24,-0.291796634130908,-0.396,-0.122,undetermined,136
urn:mavedb:00001217-a-3#2323,NA,NA,p.Thr136Met,0.921758743472722,0.121645218602343,16,-0.26155658848411,-0.404,-0.002,undetermined,136
urn:mavedb:00001217-a-3#2324,NA,NA,p.Thr136Phe,1.17193463562067,0.0428517012541834,16,-0.411123358403048,-0.499,-0.374,benign.support,136
urn:mavedb:00001217-a-3#2325,NA,NA,p.Thr136Pro,0.944494943095036,0.120338772841179,48,-0.279966049396933,-0.416,-0.035,undetermined,136
urn:mavedb:00001217-a-3#2326,NA,NA,p.Thr136Ser,1.07586116090293,0.172020175372086,48,-0.36877456174522,-0.664,-0.049,benign.support,136
urn:mavedb:00001217-a-3#2327,NA,NA,p.Thr136Ter,-0.557585533597724,0.318067380190327,8,NA,NA,NA,NA,136
urn:mavedb:00001217-a-3#2328,NA,NA,p.Thr136Trp,0.564202417587218,0.108476876096666,16,0.229433058441197,-0.119,0.776,undetermined,136
urn:mavedb:00001217-a-3#2329,NA,NA,p.Thr136Val,0.981561706141105,0.185732804960928,32,-0.309075546686551,-0.611,0.112,undetermined,136
urn:mavedb:00001217-a-3#2330,NA,NA,p.Thr138=,1.0572272650839,0.0488669265734387,32,NA,NA,NA,NA,138
urn:mavedb:00001217-a-3#2331,NA,NA,p.Thr138Ala,0.557347429469185,0.201940581003923,32,0.246566204873234,-0.294,0.927,undetermined,138
urn:mavedb:00001217-a-3#2332,NA,NA,p.Thr138Arg,0.386501822187925,0.19783512970378,16,0.683378094435864,-0.105,0.937,patho.moderate,138
urn:mavedb:00001217-a-3#2333,NA,NA,p.Thr138Asn,1.0357725886337,0.0690137492284092,16,-0.349089068949451,-0.41,-0.243,benign.support,138
urn:mavedb:00001217-a-3#2334,NA,NA,p.Thr138Asp,0.89547594251842,0.0430910820154775,16,-0.238606033370992,-0.31,-0.157,undetermined,138
urn:mavedb:00001217-a-3#2335,NA,NA,p.Thr138Gln,0.354013819866152,0.184562192404005,16,0.775420031157853,-0.042,0.937,patho.moderate,138
urn:mavedb:00001217-a-3#2336,NA,NA,p.Thr138Glu,0.048065053355475,0.210601128205167,16,0.701935914847764,0.446,0.934,patho.moderate,138
urn:mavedb:00001217-a-3#2337,NA,NA,p.Thr138Gly,1.26270047559535,0.0379125278304833,8,-0.507431398519748,-0.65,-0.42,benign.support,138
urn:mavedb:00001217-a-3#2338,NA,NA,p.Thr138Ile,0.407904740052859,0.174602770877042,16,0.618453704242081,-0.089,0.937,patho.support,138
urn:mavedb:00001217-a-3#2339,NA,NA,p.Thr138Leu,1.09711638177519,0.136607759457482,24,-0.377418786990102,-0.641,-0.169,benign.support,138
urn:mavedb:00001217-a-3#2340,NA,NA,p.Thr138Lys,0.986053590945392,0.187391144712087,32,-0.312373241901636,-0.615,0.117,undetermined,138
urn:mavedb:00001217-a-3#2341,NA,NA,p.Thr138Met,0.185381659473526,0.201822339794079,16,0.856338210091265,0.168,0.937,patho.moderate,138
urn:mavedb:00001217-a-3#2342,NA,NA,p.Thr138Phe,0.754479615573147,0.126465272290744,8,-0.0934484856851938,-0.325,0.383,undetermined,138
urn:mavedb:00001217-a-3#2343,NA,NA,p.Thr138Ser,0.920081887697499,0.189727350050079,56,-0.260168500462799,-0.537,0.261,undetermined,138
urn:mavedb:00001217-a-3#2344,NA,NA,p.Thr138Ter,-0.105575715579718,0.225983142938378,16,NA,NA,NA,NA,138
urn:mavedb:00001217-a-3#2345,NA,NA,p.Thr138Trp,0.688027904621739,0.0521519014200946,16,-0.0056297034006834,-0.133,0.175,undetermined,138
urn:mavedb:00001217-a-3#2346,NA,NA,p.Thr138Tyr,1.13950932712233,0.0250288398373311,16,-0.396002346214148,-0.421,-0.375,benign.support,138
urn:mavedb:00001217-a-3#2347,NA,NA,p.Thr138Val,0.879588535610899,0.0655041794793133,24,-0.224931459320191,-0.329,-0.085,undetermined,138
urn:mavedb:00001217-a-3#2348,NA,NA,p.Thr3=,1.03171716797586,0.0474683765571541,24,NA,NA,NA,NA,3
urn:mavedb:00001217-a-3#2349,NA,NA,p.Thr3Ala,0.979976771087426,0.0679753534708196,32,-0.307926084373081,-0.383,-0.195,undetermined,3
urn:mavedb:00001217-a-3#2350,NA,NA,p.Thr3Arg,0.99615018479287,0.047124307057149,48,-0.320017385519249,-0.373,-0.246,benign.support,3
urn:mavedb:00001217-a-3#2351,NA,NA,p.Thr3Asn,0.627407233997696,0.144253455329448,16,0.0948742379177248,-0.249,0.79,undetermined,3
urn:mavedb:00001217-a-3#2352,NA,NA,p.Thr3Asp,0.908686441215595,0.024324544875181,16,-0.250276008104232,-0.289,-0.208,undetermined,3
urn:mavedb:00001217-a-3#2353,NA,NA,p.Thr3Cys,1.03624125081567,0.0424629843372794,16,-0.349435831856663,-0.388,-0.286,benign.support,3
urn:mavedb:00001217-a-3#2354,NA,NA,p.Thr3Glu,0.0689742631338006,0.334951449508524,8,0.717249833350377,-0.039,0.933,patho.moderate,3
urn:mavedb:00001217-a-3#2355,NA,NA,p.Thr3Gly,0.979224062175511,0.0141712036411275,32,-0.307351241364219,-0.328,-0.286,undetermined,3
urn:mavedb:00001217-a-3#2356,NA,NA,p.Thr3His,0.396594158074918,0.167124498581724,16,0.651788332471353,-0.06,0.937,patho.moderate,3
urn:mavedb:00001217-a-3#2357,NA,NA,p.Thr3Ile,0.803491467465597,0.0341969709141387,16,-0.148457249888447,-0.217,-0.071,undetermined,3
urn:mavedb:00001217-a-3#2358,NA,NA,p.Thr3Leu,0.988264810287635,0.0541306908099181,48,-0.314019118032603,-0.377,-0.227,undetermined,3
urn:mavedb:00001217-a-3#2359,NA,NA,p.Thr3Lys,1.08596147572361,0.0149234033697096,16,-0.372749235153458,-0.386,-0.362,benign.support,3
urn:mavedb:00001217-a-3#2360,NA,NA,p.Thr3Met,1.07753364627412,0.0454411517238964,16,-0.369417483137656,-0.407,-0.314,benign.support,3
urn:mavedb:00001217-a-3#2361,NA,NA,p.Thr3Phe,0.940564285517031,0.0235228537242626,16,-0.27690705584682,-0.312,-0.238,undetermined,3
urn:mavedb:00001217-a-3#2362,NA,NA,p.Thr3Pro,0.412625066867806,0.176216362855916,32,0.606281870564167,-0.112,0.936,patho.support,3
urn:mavedb:00001217-a-3#2363,NA,NA,p.Thr3Ser,0.927629823618788,0.0546010479642607,48,-0.266467373921147,-0.347,-0.167,undetermined,3
urn:mavedb:00001217-a-3#2364,NA,NA,p.Thr3Ter,0.299221574439836,0.209572730045294,16,NA,NA,NA,NA,3
urn:mavedb:00001217-a-3#2365,NA,NA,p.Thr3Trp,0.523215341239507,0.157585976310372,16,0.331939601154213,-0.181,0.929,patho.support,3
urn:mavedb:00001217-a-3#2366,NA,NA,p.Thr3Tyr,0.913339769279836,0.0423256027594278,16,-0.254403222417855,-0.319,-0.178,undetermined,3
urn:mavedb:00001217-a-3#2367,NA,NA,p.Thr3Val,0.999895743442256,0.0368696025438465,32,-0.322904168217956,-0.368,-0.266,benign.support,3
urn:mavedb:00001217-a-3#2368,NA,NA,p.Thr40=,0.995294033850826,0.0445358919187104,32,NA,NA,NA,NA,40
urn:mavedb:00001217-a-3#2369,NA,NA,p.Thr40Ala,0.971405462130266,0.0656441739010812,32,-0.301137408850766,-0.379,-0.19,undetermined,40
urn:mavedb:00001217-a-3#2370,NA,NA,p.Thr40Arg,0.97297862062101,0.0490667700507368,48,-0.302408722736506,-0.366,-0.224,undetermined,40
urn:mavedb:00001217-a-3#2371,NA,NA,p.Thr40Asn,0.938053409501343,0.0102212415000965,16,-0.274951976653276,-0.291,-0.258,undetermined,40
urn:mavedb:00001217-a-3#2372,NA,NA,p.Thr40Asp,0.829550858721309,0.0158900463793861,16,-0.175931974169699,-0.208,-0.143,undetermined,40
urn:mavedb:00001217-a-3#2373,NA,NA,p.Thr40Cys,1.11479000673791,0.0261123640054207,16,-0.385535091459467,-0.407,-0.364,benign.support,40
urn:mavedb:00001217-a-3#2374,NA,NA,p.Thr40Gln,0.831896369041866,0.0223046630258224,16,-0.178415511058895,-0.221,-0.133,undetermined,40
urn:mavedb:00001217-a-3#2375,NA,NA,p.Thr40Glu,0.871372294388628,0.0144532654063532,16,-0.217651155688995,-0.242,-0.19,undetermined,40
urn:mavedb:00001217-a-3#2376,NA,NA,p.Thr40Gly,0.998592058393807,0.053756169744396,32,-0.321918005528526,-0.38,-0.238,benign.support,40
urn:mavedb:00001217-a-3#2377,NA,NA,p.Thr40His,1.02404911779755,0.015681799472703,16,-0.340359333565391,-0.361,-0.318,benign.support,40
urn:mavedb:00001217-a-3#2378,NA,NA,p.Thr40Ile,0.873080378663613,0.0221711052761369,16,-0.219157280908761,-0.257,-0.176,undetermined,40
urn:mavedb:00001217-a-3#2379,NA,NA,p.Thr40Leu,0.820532564575382,0.111499545708477,48,-0.166411534203493,-0.351,0.135,undetermined,40
urn:mavedb:00001217-a-3#2380,NA,NA,p.Thr40Lys,0.89740123384006,0.0126197601958644,16,-0.240285119388121,-0.262,-0.219,undetermined,40
urn:mavedb:00001217-a-3#2381,NA,NA,p.Thr40Met,0.947095792580703,0.0185594093103085,16,-0.282011040924043,-0.31,-0.252,undetermined,40
urn:mavedb:00001217-a-3#2382,NA,NA,p.Thr40Phe,0.474208839144036,0.0377363442616712,16,0.462868223005916,0.269,0.64,patho.support,40
urn:mavedb:00001217-a-3#2383,NA,NA,p.Thr40Pro,0.956349025689441,0.124063509325977,32,-0.289346808608979,-0.426,-0.035,undetermined,40
urn:mavedb:00001217-a-3#2384,NA,NA,p.Thr40Ser,0.971036380973666,0.0297443563454726,48,-0.300840295321535,-0.344,-0.253,undetermined,40
urn:mavedb:00001217-a-3#2385,NA,NA,p.Thr40Ter,0.111695673297867,0.230379124707792,16,NA,NA,NA,NA,40
urn:mavedb:00001217-a-3#2386,NA,NA,p.Thr40Trp,0.165320565112121,0.200972975028541,16,0.824963702615495,0.25,0.936,patho.moderate,40
urn:mavedb:00001217-a-3#2387,NA,NA,p.Thr40Tyr,0.211855120369383,0.0313790567759446,16,0.886736009169135,0.805,0.937,patho.moderate,40
urn:mavedb:00001217-a-3#2388,NA,NA,p.Thr40Val,0.985254241012133,0.054179175762653,32,-0.311781977593868,-0.375,-0.224,undetermined,40
urn:mavedb:00001217-a-3#2389,NA,NA,p.Thr55=,0.888179802152257,0.1119175448988,32,NA,NA,NA,NA,55
urn:mavedb:00001217-a-3#2390,NA,NA,p.Thr55Ala,1.06617125795477,0.0318298548808742,24,-0.365158747265342,-0.392,-0.325,benign.support,55
urn:mavedb:00001217-a-3#2391,NA,NA,p.Thr55Arg,1.05340464381134,0.200241705847109,24,-0.360038218462355,-0.654,0.044,benign.support,55
urn:mavedb:00001217-a-3#2392,NA,NA,p.Thr55Asn,1.02307638286293,0.0803747318554579,16,-0.339627225084011,-0.415,-0.215,benign.support,55
urn:mavedb:00001217-a-3#2393,NA,NA,p.Thr55Asp,1.0364173060158,0.0600182800746454,16,-0.349566326620864,-0.403,-0.261,benign.support,55
urn:mavedb:00001217-a-3#2394,NA,NA,p.Thr55Cys,0.948595488163269,0.0393835033600138,8,-0.283198086991987,-0.342,-0.218,undetermined,55
urn:mavedb:00001217-a-3#2395,NA,NA,p.Thr55Glu,0.666317152197033,0.0870145465547496,16,0.0279372367086539,-0.182,0.402,undetermined,55
urn:mavedb:00001217-a-3#2396,NA,NA,p.Thr55Gly,0.930500298322241,0.0827518795237168,24,-0.268839791205388,-0.376,-0.107,undetermined,55
urn:mavedb:00001217-a-3#2397,NA,NA,p.Thr55His,0.257943145424649,0.175827439812123,16,0.928415937758452,0.142,0.938,patho.moderate,55
urn:mavedb:00001217-a-3#2398,NA,NA,p.Thr55Ile,0.904734144136762,0.2047397958552,24,-0.246746420113763,-0.543,0.354,undetermined,55
urn:mavedb:00001217-a-3#2399,NA,NA,p.Thr55Leu,1.08630011258187,0.0918570974110609,48,-0.372886467477632,-0.514,-0.25,benign.support,55
urn:mavedb:00001217-a-3#2400,NA,NA,p.Thr55Lys,1.03888183159521,0.015723419094079,16,-0.35130766021842,-0.366,-0.329,benign.support,55
urn:mavedb:00001217-a-3#2401,NA,NA,p.Thr55Met,0.914249871596695,0.0913119741926858,16,-0.255186583312431,-0.376,-0.075,undetermined,55
urn:mavedb:00001217-a-3#2402,NA,NA,p.Thr55Phe,0.624726039844047,0.17554288195907,16,0.0996768525206345,-0.297,0.894,undetermined,55
urn:mavedb:00001217-a-3#2403,NA,NA,p.Thr55Pro,0.525158776134416,0.14515933019303,8,0.3270965824416,-0.168,0.924,patho.support,55
urn:mavedb:00001217-a-3#2404,NA,NA,p.Thr55Ser,1.06093306652227,0.0759876585669812,32,-0.363276164183516,-0.442,-0.254,benign.support,55
urn:mavedb:00001217-a-3#2405,NA,NA,p.Thr55Ter,-0.179631156317063,0.225018992350868,16,NA,NA,NA,NA,55
urn:mavedb:00001217-a-3#2406,NA,NA,p.Thr55Trp,0.773759687785088,0.0635174698135021,16,-0.115774141625945,-0.24,0.057,undetermined,55
urn:mavedb:00001217-a-3#2407,NA,NA,p.Thr55Val,0.0924144185403913,0.229821309584595,16,0.73676460842657,0.28,0.935,patho.moderate,55
urn:mavedb:00001217-a-3#2408,NA,NA,p.Thr59=,0.966036419570676,0.0366234835590681,40,NA,NA,NA,NA,59
urn:mavedb:00001217-a-3#2409,NA,NA,p.Thr59Ala,1.11532953360922,0.134760714905777,32,-0.385798684415243,-0.654,-0.185,benign.support,59
urn:mavedb:00001217-a-3#2410,NA,NA,p.Thr59Arg,1.07172001599197,0.0479899393655638,40,-0.367207092618995,-0.408,-0.307,benign.support,59
urn:mavedb:00001217-a-3#2411,NA,NA,p.Thr59Asn,1.01619906643579,0.0826621460902253,32,-0.334553485959169,-0.415,-0.204,benign.support,59
urn:mavedb:00001217-a-3#2412,NA,NA,p.Thr59Asp,0.956961905323485,0.0545393272429704,16,-0.289814361807546,-0.364,-0.196,undetermined,59
urn:mavedb:00001217-a-3#2413,NA,NA,p.Thr59Cys,0.954753186770357,0.0177387706897849,16,-0.288133939054278,-0.315,-0.26,undetermined,59
urn:mavedb:00001217-a-3#2414,NA,NA,p.Thr59Gln,0.918184324191397,0.0244302197081659,16,-0.258594841446939,-0.297,-0.217,undetermined,59
urn:mavedb:00001217-a-3#2415,NA,NA,p.Thr59Glu,0.476724985620214,0.216829349744817,16,0.456905783717808,-0.242,0.935,patho.support,59
urn:mavedb:00001217-a-3#2416,NA,NA,p.Thr59Gly,0.444284236340324,0.149435435183898,32,0.530010144790868,-0.068,0.936,patho.support,59
urn:mavedb:00001217-a-3#2417,NA,NA,p.Thr59His,0.942776183060317,0.0190676109353466,16,-0.278623861439921,-0.309,-0.247,undetermined,59
urn:mavedb:00001217-a-3#2418,NA,NA,p.Thr59Ile,0.818395086279425,0.281491491055582,32,-0.164159435832763,-0.575,0.878,undetermined,59
urn:mavedb:00001217-a-3#2419,NA,NA,p.Thr59Leu,1.01355443799664,0.172818945594979,48,-0.332648044789983,-0.613,0.009,benign.support,59
urn:mavedb:00001217-a-3#2420,NA,NA,p.Thr59Lys,0.851543676130357,0.018775097136566,16,-0.199121279393902,-0.232,-0.16,undetermined,59
urn:mavedb:00001217-a-3#2421,NA,NA,p.Thr59Met,0.67565114985873,0.0875269086318463,16,0.013276473643357,-0.2,0.385,undetermined,59
urn:mavedb:00001217-a-3#2422,NA,NA,p.Thr59Phe,0.810818536890741,0.0666932099662822,16,-0.156180557476628,-0.274,0.006,undetermined,59
urn:mavedb:00001217-a-3#2423,NA,NA,p.Thr59Pro,1.05594552297339,0.088167835832107,40,-0.361197573939357,-0.461,-0.227,benign.support,59
urn:mavedb:00001217-a-3#2424,NA,NA,p.Thr59Ser,1.0894400279052,0.0827355988671461,64,-0.374171944638523,-0.492,-0.267,benign.support,59
urn:mavedb:00001217-a-3#2425,NA,NA,p.Thr59Ter,-0.390308461331014,0.231409561247326,16,NA,NA,NA,NA,59
urn:mavedb:00001217-a-3#2426,NA,NA,p.Thr59Trp,1.01464260504115,0.0202564525862409,16,-0.333429104257143,-0.36,-0.305,benign.support,59
urn:mavedb:00001217-a-3#2427,NA,NA,p.Thr59Tyr,0.87069811762467,0.0145984037034772,16,-0.217057676999817,-0.242,-0.19,undetermined,59
urn:mavedb:00001217-a-3#2428,NA,NA,p.Thr59Val,0.179752209620458,0.21916939074681,24,0.848419845331007,0.12,0.937,patho.moderate,59
urn:mavedb:00001217-a-3#2429,NA,NA,p.Thr89=,1.04923839915461,0.0690554614297714,48,NA,NA,NA,NA,89
urn:mavedb:00001217-a-3#2430,NA,NA,p.Thr89Ala,1.01969097918245,0.0407796059923062,32,-0.337107654482463,-0.379,-0.278,benign.support,89
urn:mavedb:00001217-a-3#2431,NA,NA,p.Thr89Arg,0.799900229194898,0.171100553030185,48,-0.144664118392677,-0.394,0.483,undetermined,89
urn:mavedb:00001217-a-3#2432,NA,NA,p.Thr89Asn,1.08944728408938,0.0207174590161199,16,-0.374174942978049,-0.392,-0.358,benign.support,89
urn:mavedb:00001217-a-3#2433,NA,NA,p.Thr89Asp,0.451586639780259,0.203132784566983,16,0.512863123176193,-0.197,0.935,patho.support,89
urn:mavedb:00001217-a-3#2434,NA,NA,p.Thr89Cys,0.981522724344958,0.033914059208768,16,-0.309047188900565,-0.358,-0.257,undetermined,89
urn:mavedb:00001217-a-3#2435,NA,NA,p.Thr89Glu,0.925708393780436,0.0416374095712955,16,-0.264851267551319,-0.328,-0.193,undetermined,89
urn:mavedb:00001217-a-3#2436,NA,NA,p.Thr89Gly,0.965862985365354,0.061601656650418,32,-0.296720286678189,-0.373,-0.189,undetermined,89
urn:mavedb:00001217-a-3#2437,NA,NA,p.Thr89Ile,1.09102517037656,0.0337869272891358,16,-0.374830038724921,-0.404,-0.342,benign.support,89
urn:mavedb:00001217-a-3#2438,NA,NA,p.Thr89Leu,1.09547662722733,0.0889127311284478,48,-0.376712288931914,-0.514,-0.263,benign.support,89
urn:mavedb:00001217-a-3#2439,NA,NA,p.Thr89Lys,0.703508174230383,0.057607098252332,16,-0.0276841719482306,-0.16,0.167,undetermined,89
urn:mavedb:00001217-a-3#2440,NA,NA,p.Thr89Met,1.01991130438042,0.0349676066073929,16,-0.337270312637177,-0.374,-0.283,benign.support,89
urn:mavedb:00001217-a-3#2441,NA,NA,p.Thr89Phe,0.54527883266884,0.176291281204013,16,0.277313961252088,-0.232,0.928,undetermined,89
urn:mavedb:00001217-a-3#2442,NA,NA,p.Thr89Pro,0.766488727169155,0.0790244013322457,24,-0.107554916162561,-0.262,0.118,undetermined,89
urn:mavedb:00001217-a-3#2443,NA,NA,p.Thr89Ser,1.0806895768999,0.105494362447234,40,-0.370646742261071,-0.546,-0.221,benign.support,89
urn:mavedb:00001217-a-3#2444,NA,NA,p.Thr89Ter,-0.397945377246548,0.218319458881745,16,NA,NA,NA,NA,89
urn:mavedb:00001217-a-3#2445,NA,NA,p.Thr89Tyr,1.09557107433325,0.0228151607050483,16,-0.376752785988434,-0.396,-0.359,benign.support,89
urn:mavedb:00001217-a-3#2446,NA,NA,p.Thr89Val,0.718976921843209,0.116856112101856,32,-0.0484092133834491,-0.282,0.436,undetermined,89
urn:mavedb:00001217-a-3#2447,NA,NA,p.Trp33Ala,0.957197369184007,0.0665810090759237,32,-0.289994253876937,-0.375,-0.173,undetermined,33
urn:mavedb:00001217-a-3#2448,NA,NA,p.Trp33Arg,0.883322832896275,0.0955022817320608,48,-0.228152020607896,-0.367,-0.019,undetermined,33
urn:mavedb:00001217-a-3#2449,NA,NA,p.Trp33Asn,0.963477138099613,0.0248671429955731,16,-0.294847321155122,-0.332,-0.255,undetermined,33
urn:mavedb:00001217-a-3#2450,NA,NA,p.Trp33Asp,0.843302098562908,0.0145400642808076,16,-0.190561248538583,-0.218,-0.16,undetermined,33
urn:mavedb:00001217-a-3#2451,NA,NA,p.Trp33Cys,1.07351317897811,0.0431251694424209,24,-0.367881627037517,-0.404,-0.315,benign.support,33
urn:mavedb:00001217-a-3#2452,NA,NA,p.Trp33Gln,1.0628186281905,0.0240115686482962,16,-0.36394832827272,-0.383,-0.334,benign.support,33
urn:mavedb:00001217-a-3#2453,NA,NA,p.Trp33Glu,1.04150603331073,0.0172978132459309,16,-0.353045391635767,-0.368,-0.328,benign.support,33
urn:mavedb:00001217-a-3#2454,NA,NA,p.Trp33Gly,0.843809566338948,0.0560888328984334,32,-0.191104906188814,-0.288,-0.065,undetermined,33
urn:mavedb:00001217-a-3#2455,NA,NA,p.Trp33His,0.32171510556074,0.242961012427436,16,0.865199695445948,-0.131,0.936,patho.moderate,33
urn:mavedb:00001217-a-3#2456,NA,NA,p.Trp33Ile,0.772293732027672,0.0593057330384452,16,-0.11414192160026,-0.233,0.049,undetermined,33
urn:mavedb:00001217-a-3#2457,NA,NA,p.Trp33Leu,0.916225092709162,0.116863990132096,48,-0.256893158146985,-0.397,0.002,undetermined,33
urn:mavedb:00001217-a-3#2458,NA,NA,p.Trp33Lys,0.974435727323216,0.0149040675093251,16,-0.303593452084978,-0.326,-0.281,undetermined,33
urn:mavedb:00001217-a-3#2459,NA,NA,p.Trp33Met,0.909496450853362,0.0518761416468517,16,-0.251003750862487,-0.331,-0.151,undetermined,33
urn:mavedb:00001217-a-3#2460,NA,NA,p.Trp33Phe,0.823575627438364,0.0331741779450224,16,-0.169620027929042,-0.232,-0.098,undetermined,33
urn:mavedb:00001217-a-3#2461,NA,NA,p.Trp33Pro,0.485252924819956,0.16674502839865,32,0.435120906871765,-0.155,0.935,patho.support,33
urn:mavedb:00001217-a-3#2462,NA,NA,p.Trp33Ser,1.00021505041499,0.0635711880835138,40,-0.323137255674817,-0.39,-0.221,benign.support,33
urn:mavedb:00001217-a-3#2463,NA,NA,p.Trp33Ter,-0.073840083672824,0.25070709485427,24,NA,NA,NA,NA,33
urn:mavedb:00001217-a-3#2464,NA,NA,p.Trp33Thr,1.15111896101227,0.0212267493595825,32,-0.400909998981299,-0.425,-0.383,benign.support,33
urn:mavedb:00001217-a-3#2465,NA,NA,p.Trp33Tyr,0.973477762072894,0.0255069811177212,16,-0.302813772619487,-0.34,-0.263,undetermined,33
urn:mavedb:00001217-a-3#2466,NA,NA,p.Trp33Val,1.15587541703559,0.054896451939242,32,-0.40317947658894,-0.511,-0.357,benign.support,33
urn:mavedb:00001217-a-3#2467,NA,NA,p.Val104=,0.999956438653592,0.110477074107071,32,NA,NA,NA,NA,104
urn:mavedb:00001217-a-3#2468,NA,NA,p.Val104Ala,0.938867713551563,0.0298606811411307,32,-0.275598000593032,-0.321,-0.226,undetermined,104
urn:mavedb:00001217-a-3#2469,NA,NA,p.Val104Arg,0.943520968829139,0.0612387807809064,40,-0.279204581447602,-0.364,-0.167,undetermined,104
urn:mavedb:00001217-a-3#2470,NA,NA,p.Val104Asp,0.810136898388738,0.155512392382619,16,-0.155462616387904,-0.385,0.394,undetermined,104
urn:mavedb:00001217-a-3#2471,NA,NA,p.Val104Cys,1.00475555891088,0.0281662422557586,16,-0.326477204638821,-0.363,-0.285,benign.support,104
urn:mavedb:00001217-a-3#2472,NA,NA,p.Val104Glu,1.04795576351297,0.0138287131818364,16,-0.357007518966709,-0.369,-0.337,benign.support,104
urn:mavedb:00001217-a-3#2473,NA,NA,p.Val104Gly,0.961457459149176,0.0541073922850732,32,-0.293274602586665,-0.366,-0.203,undetermined,104
urn:mavedb:00001217-a-3#2474,NA,NA,p.Val104Ile,1.08793887423401,0.0657423979950116,16,-0.37355441391239,-0.448,-0.293,benign.support,104
urn:mavedb:00001217-a-3#2475,NA,NA,p.Val104Leu,0.952733738410814,0.0595979776182032,40,-0.286504663970408,-0.367,-0.183,undetermined,104
urn:mavedb:00001217-a-3#2476,NA,NA,p.Val104Lys,1.05369900076889,0.0528201476273981,16,-0.360177506160431,-0.403,-0.285,benign.support,104
urn:mavedb:00001217-a-3#2477,NA,NA,p.Val104Met,1.02023896714105,0.0252475504712676,16,-0.337512549442296,-0.367,-0.301,benign.support,104
urn:mavedb:00001217-a-3#2478,NA,NA,p.Val104Phe,0.82548987005686,0.121017682587809,8,-0.171640158541565,-0.363,0.176,undetermined,104
urn:mavedb:00001217-a-3#2479,NA,NA,p.Val104Pro,-0.413619739488289,0.316218405753693,8,0.564442982815729,0.0,0.826,patho.support,104
urn:mavedb:00001217-a-3#2480,NA,NA,p.Val104Ser,0.98532287528735,0.122125820821313,32,-0.311832668652965,-0.454,-0.081,undetermined,104
urn:mavedb:00001217-a-3#2481,NA,NA,p.Val104Ter,-0.341852890260195,0.227453949154423,16,NA,NA,NA,NA,104
urn:mavedb:00001217-a-3#2482,NA,NA,p.Val104Thr,1.01093615393261,0.0375737883269496,16,-0.330785283459992,-0.372,-0.275,benign.support,104
urn:mavedb:00001217-a-3#2483,NA,NA,p.Val104Trp,0.814461134053036,0.0219718004855329,16,-0.160016420511321,-0.206,-0.113,undetermined,104
urn:mavedb:00001217-a-3#2484,NA,NA,p.Val119=,0.938946249801935,0.0303292205385423,32,NA,NA,NA,NA,119
urn:mavedb:00001217-a-3#2485,NA,NA,p.Val119Ala,0.981860973577314,0.0381890624066384,32,-0.309293399014621,-0.362,-0.249,undetermined,119
urn:mavedb:00001217-a-3#2486,NA,NA,p.Val119Arg,-0.0480374393980013,0.0968928037676362,48,0.650483210308574,0.64,0.793,patho.moderate,119
urn:mavedb:00001217-a-3#2487,NA,NA,p.Val119Asn,-0.0990012600249149,0.176775805214323,16,0.650232026193158,0.524,0.899,patho.moderate,119
urn:mavedb:00001217-a-3#2488,NA,NA,p.Val119Asp,0.917544548247063,0.0050697897614898,16,-0.25803817162569,-0.266,-0.249,undetermined,119
urn:mavedb:00001217-a-3#2489,NA,NA,p.Val119Cys,0.992049089126292,0.0091364897271861,16,-0.316871957419882,-0.33,-0.303,undetermined,119
urn:mavedb:00001217-a-3#2490,NA,NA,p.Val119Gln,0.147552812219758,0.0231966132606112,16,0.799711287544026,0.747,0.865,patho.moderate,119
urn:mavedb:00001217-a-3#2491,NA,NA,p.Val119Glu,0.431582992860486,0.0221421963669379,16,0.560124050723821,0.462,0.678,patho.support,119
urn:mavedb:00001217-a-3#2492,NA,NA,p.Val119Gly,0.63275964018221,0.0165111340103505,32,0.0851462149466018,0.029,0.146,undetermined,119
urn:mavedb:00001217-a-3#2493,NA,NA,p.Val119His,-0.203653245499691,0.197861438038051,16,0.647481453668442,0.238,0.83,patho.moderate,119
urn:mavedb:00001217-a-3#2494,NA,NA,p.Val119Ile,0.897292245630274,0.0087713845038583,16,-0.240189884648623,-0.256,-0.226,undetermined,119
urn:mavedb:00001217-a-3#2495,NA,NA,p.Val119Leu,0.381691566660635,0.0888083795255674,48,0.697092688436201,0.252,0.938,patho.moderate,119
urn:mavedb:00001217-a-3#2496,NA,NA,p.Val119Lys,-0.0372911888761328,0.0444902020196095,16,0.653099961801269,0.65,0.702,patho.moderate,119
urn:mavedb:00001217-a-3#2497,NA,NA,p.Val119Met,0.933735443444744,0.0133188537710596,16,-0.271440985602471,-0.292,-0.25,undetermined,119
urn:mavedb:00001217-a-3#2498,NA,NA,p.Val119Phe,0.157613878146158,0.0661559702697352,16,0.814263546026709,0.689,0.933,patho.moderate,119
urn:mavedb:00001217-a-3#2499,NA,NA,p.Val119Pro,-0.143003333414654,0.180229755552261,32,0.651257300467009,0.437,0.872,patho.moderate,119
urn:mavedb:00001217-a-3#2500,NA,NA,p.Val119Ser,0.946263418158535,0.0278710471020301,48,-0.281354700689372,-0.323,-0.235,undetermined,119
urn:mavedb:00001217-a-3#2501,NA,NA,p.Val119Ter,-0.313724002834351,0.143301923220205,16,NA,NA,NA,NA,119
urn:mavedb:00001217-a-3#2502,NA,NA,p.Val119Thr,0.900099467819099,0.0107476926382668,32,-0.242650103435833,-0.261,-0.224,undetermined,119
urn:mavedb:00001217-a-3#2503,NA,NA,p.Val119Trp,-0.006021016999658,0.0394287605970881,16,0.672330111013066,0.65,0.72,patho.moderate,119
urn:mavedb:00001217-a-3#2504,NA,NA,p.Val119Tyr,-0.148271523618801,0.116140556964119,16,0.651000332297688,0.605,0.721,patho.moderate,119
urn:mavedb:00001217-a-3#2505,NA,NA,p.Val120=,1.06848411234193,0.0329518034534651,40,NA,NA,NA,NA,120
urn:mavedb:00001217-a-3#2506,NA,NA,p.Val120Ala,-0.263263636420089,0.41114173421058,48,0.636253681620594,0.0,0.913,patho.support,120
urn:mavedb:00001217-a-3#2507,NA,NA,p.Val120Arg,-0.006326111277904,0.374442059276621,56,0.672082900720334,-0.047,0.93,patho.moderate,120
urn:mavedb:00001217-a-3#2508,NA,NA,p.Val120Asn,-0.370789857640316,0.23255670900823,16,0.612618307703421,0.0,0.733,patho.support,120
urn:mavedb:00001217-a-3#2509,NA,NA,p.Val120Asp,-0.22306440420525,0.197379227405605,16,0.642470208862195,0.175,0.81,patho.moderate,120
urn:mavedb:00001217-a-3#2510,NA,NA,p.Val120Cys,0.926084871020143,0.049451670926833,24,-0.26516721922286,-0.34,-0.174,undetermined,120
urn:mavedb:00001217-a-3#2511,NA,NA,p.Val120Gln,-0.565336199585839,0.218113563137394,16,0.301108609639516,0.0,0.652,undetermined,120
urn:mavedb:00001217-a-3#2512,NA,NA,p.Val120Glu,0.160149220066762,0.0311381815530754,16,0.817587810018629,0.744,0.898,patho.moderate,120
urn:mavedb:00001217-a-3#2513,NA,NA,p.Val120Gly,0.0804399175143035,0.209423677818854,48,0.726005810844078,0.414,0.934,patho.moderate,120
urn:mavedb:00001217-a-3#2514,NA,NA,p.Val120His,-0.566332906941614,0.217645609933127,16,0.298456364008381,0.0,0.652,undetermined,120
urn:mavedb:00001217-a-3#2515,NA,NA,p.Val120Ile,0.95982347877632,0.0075870004222562,16,-0.29201057644032,-0.304,-0.28,undetermined,120
urn:mavedb:00001217-a-3#2516,NA,NA,p.Val120Leu,0.969934044123258,0.0963525411193943,64,-0.299955474723971,-0.406,-0.124,undetermined,120
urn:mavedb:00001217-a-3#2517,NA,NA,p.Val120Lys,-0.43322996453329,0.24507170540359,16,0.541833674228424,0.0,0.697,patho.support,120
urn:mavedb:00001217-a-3#2518,NA,NA,p.Val120Met,-0.275934500981945,0.226825474980096,16,0.634653105538221,0.0,0.822,patho.support,120
urn:mavedb:00001217-a-3#2519,NA,NA,p.Val120Phe,0.822817261961494,0.23211793060443,32,-0.168820134562794,-0.508,0.734,undetermined,120
urn:mavedb:00001217-a-3#2520,NA,NA,p.Val120Pro,-0.495693891648072,0.229160801294759,40,0.450445973447875,0.0,0.654,patho.support,120
urn:mavedb:00001217-a-3#2521,NA,NA,p.Val120Ser,-0.203208868174728,0.273143397566513,64,0.647594904307138,0.0,0.901,patho.moderate,120
urn:mavedb:00001217-a-3#2522,NA,NA,p.Val120Ter,-0.055033093511292,0.234304949342184,16,NA,NA,NA,NA,120
urn:mavedb:00001217-a-3#2523,NA,NA,p.Val120Thr,-0.105312744181817,0.233829312258028,24,0.651065515836812,0.278,0.916,patho.moderate,120
urn:mavedb:00001217-a-3#2524,NA,NA,p.Val120Trp,-0.227992710823415,0.225264572092623,16,0.641175606537374,0.0,0.868,patho.moderate,120
urn:mavedb:00001217-a-3#2525,NA,NA,p.Val120Tyr,-0.249292560944612,0.257507016451687,24,0.638180542837564,0.0,0.875,patho.moderate,120
urn:mavedb:00001217-a-3#2526,NA,NA,p.Val149=,1.01104595857568,0.007278018895111,32,NA,NA,NA,NA,149
urn:mavedb:00001217-a-3#2527,NA,NA,p.Val149Ala,0.607989746349406,0.0379520142212218,32,0.130831664730894,0.004,0.306,undetermined,149
urn:mavedb:00001217-a-3#2528,NA,NA,p.Val149Arg,0.946227345100792,0.0573004629222236,48,-0.281326296484126,-0.363,-0.184,undetermined,149
urn:mavedb:00001217-a-3#2529,NA,NA,p.Val149Asn,0.380761317283727,0.0369940817019098,16,0.699659185312731,0.511,0.898,patho.moderate,149
urn:mavedb:00001217-a-3#2530,NA,NA,p.Val149Asp,-0.1194984342329,0.154242355448008,16,0.65341417314032,0.557,0.85,patho.moderate,149
urn:mavedb:00001217-a-3#2531,NA,NA,p.Val149Cys,0.834582950433807,0.0140305560791508,16,-0.181265287941225,-0.209,-0.152,undetermined,149
urn:mavedb:00001217-a-3#2532,NA,NA,p.Val149Gln,0.712025849170217,0.0443573451507072,16,-0.0390883638620164,-0.144,0.101,undetermined,149
urn:mavedb:00001217-a-3#2533,NA,NA,p.Val149Glu,0.565245574036873,0.0322606557785772,16,0.22693249680915,0.093,0.392,undetermined,149
urn:mavedb:00001217-a-3#2534,NA,NA,p.Val149Gly,0.172553636205791,0.0991835920228574,48,0.836091402778786,0.651,0.938,patho.moderate,149
urn:mavedb:00001217-a-3#2535,NA,NA,p.Val149His,0.231582486331983,0.131380035605721,16,0.907252139967053,0.408,0.939,patho.moderate,149
urn:mavedb:00001217-a-3#2536,NA,NA,p.Val149Ile,0.9883213008699,0.0994913595018202,24,-0.314061366103958,-0.418,-0.141,undetermined,149
urn:mavedb:00001217-a-3#2537,NA,NA,p.Val149Leu,1.02462391199209,0.0432863760301989,80,-0.340793688007008,-0.383,-0.275,benign.support,149
urn:mavedb:00001217-a-3#2538,NA,NA,p.Val149Lys,0.914227470461498,0.0076209539564952,16,-0.255167279604979,-0.268,-0.242,undetermined,149
urn:mavedb:00001217-a-3#2539,NA,NA,p.Val149Met,0.89938688849059,0.0227046548945283,16,-0.24202416089362,-0.281,-0.201,undetermined,149
urn:mavedb:00001217-a-3#2540,NA,NA,p.Val149Phe,0.164985580959031,0.0497567280967132,16,0.824468905042059,0.716,0.929,patho.moderate,149
urn:mavedb:00001217-a-3#2541,NA,NA,p.Val149Pro,0.250134100848864,0.2619444178313,32,0.922345742748963,-0.118,0.937,patho.moderate,149
urn:mavedb:00001217-a-3#2542,NA,NA,p.Val149Ser,0.543062965353788,0.115297994417282,48,0.283088015064783,-0.104,0.871,undetermined,149
urn:mavedb:00001217-a-3#2543,NA,NA,p.Val149Ter,-0.353680564674083,0.233152537972592,16,NA,NA,NA,NA,149
urn:mavedb:00001217-a-3#2544,NA,NA,p.Val149Thr,0.917310812103396,0.121636595024005,32,-0.257835039536158,-0.402,0.004,undetermined,149
urn:mavedb:00001217-a-3#2545,NA,NA,p.Val149Trp,0.0322883144394536,0.135939564451529,16,0.692006791061027,0.639,0.924,patho.moderate,149
urn:mavedb:00001217-a-3#2546,NA,NA,p.Val149Tyr,0.417615635228412,0.0389014303249427,16,0.593897504464627,0.411,0.809,patho.support,149
urn:mavedb:00001217-a-3#2547,NA,NA,p.Val15=,0.970505444812578,0.0115741603240857,16,NA,NA,NA,NA,15
urn:mavedb:00001217-a-3#2548,NA,NA,p.Val15Ala,1.0424221828386,0.112200106495382,32,-0.353626396545975,-0.509,-0.171,benign.support,15
urn:mavedb:00001217-a-3#2549,NA,NA,p.Val15Arg,0.112854166398467,0.279196692360939,48,0.756723371761179,0.006,0.935,patho.moderate,15
urn:mavedb:00001217-a-3#2550,NA,NA,p.Val15Asn,-0.0861927999735805,0.226708802003825,16,0.650020722463399,0.329,0.921,patho.moderate,15
urn:mavedb:00001217-a-3#2551,NA,NA,p.Val15Asp,0.406063852171413,0.139056576538647,16,0.623601250739593,0.015,0.937,patho.support,15
urn:mavedb:00001217-a-3#2552,NA,NA,p.Val15Cys,0.812300674056914,0.020654922063206,16,-0.157741432681886,-0.2,-0.113,undetermined,15
urn:mavedb:00001217-a-3#2553,NA,NA,p.Val15Gln,0.666609494676245,0.0600792150931053,16,0.0274721373311415,-0.129,0.265,undetermined,15
urn:mavedb:00001217-a-3#2554,NA,NA,p.Val15Glu,1.14085188504785,0.0177632472834805,16,-0.396546688061358,-0.414,-0.381,benign.support,15
urn:mavedb:00001217-a-3#2555,NA,NA,p.Val15Gly,0.590123828088444,0.0828014069257731,32,0.168017521084367,-0.09,0.567,undetermined,15
urn:mavedb:00001217-a-3#2556,NA,NA,p.Val15His,-0.245118631100062,0.227584508517632,16,0.638752998281118,0.0,0.847,patho.moderate,15
urn:mavedb:00001217-a-3#2557,NA,NA,p.Val15Ile,1.11328995037492,0.0282702011384884,16,-0.384807524484154,-0.41,-0.362,benign.support,15
urn:mavedb:00001217-a-3#2558,NA,NA,p.Val15Leu,0.852465339088182,0.0929740540775527,48,-0.200036534674923,-0.352,0.015,undetermined,15
urn:mavedb:00001217-a-3#2559,NA,NA,p.Val15Lys,-0.322176247552035,0.233949611302624,16,0.634818249707959,0.0,0.781,patho.support,15
urn:mavedb:00001217-a-3#2560,NA,NA,p.Val15Met,-0.272829284444338,0.304981504162736,16,0.634919227203382,0.0,0.895,patho.support,15
urn:mavedb:00001217-a-3#2561,NA,NA,p.Val15Phe,0.308043877369866,0.157331008165658,16,0.898767409199348,0.118,0.939,patho.moderate,15
urn:mavedb:00001217-a-3#2562,NA,NA,p.Val15Pro,0.575613598249076,0.120815909101046,16,0.201946014983856,-0.16,0.824,undetermined,15
urn:mavedb:00001217-a-3#2563,NA,NA,p.Val15Ser,0.723688477641717,0.0999997739453933,48,-0.0546844299225167,-0.265,0.322,undetermined,15
urn:mavedb:00001217-a-3#2564,NA,NA,p.Val15Ter,0.0490006394962233,0.219074826536848,16,NA,NA,NA,NA,15
urn:mavedb:00001217-a-3#2565,NA,NA,p.Val15Thr,0.730936377785173,0.115448521647233,32,-0.0641619334488779,-0.288,0.379,undetermined,15
urn:mavedb:00001217-a-3#2566,NA,NA,p.Val15Trp,0.131366602612045,0.20638785023294,16,0.778460777750639,0.317,0.936,patho.moderate,15
urn:mavedb:00001217-a-3#2567,NA,NA,p.Val15Tyr,-0.193514837322967,0.224168685034051,16,0.650494263479546,0.106,0.88,patho.moderate,15
urn:mavedb:00001217-a-3#2568,NA,NA,p.Val30=,0.91249673364194,0.0195248608759054,16,NA,NA,NA,NA,30
urn:mavedb:00001217-a-3#2569,NA,NA,p.Val30Ala,-0.290455178645846,0.358287610981659,32,0.634601156455705,0.0,0.906,patho.support,30
urn:mavedb:00001217-a-3#2570,NA,NA,p.Val30Arg,-0.157708092553328,0.256227007438527,48,0.651678142158449,0.0,0.91,patho.moderate,30
urn:mavedb:00001217-a-3#2571,NA,NA,p.Val30Asp,-0.0988740488994247,0.22646907895051,16,0.650215702155783,0.302,0.917,patho.moderate,30
urn:mavedb:00001217-a-3#2572,NA,NA,p.Val30Cys,0.947183257046971,0.052995710477538,16,-0.28208011112818,-0.359,-0.191,undetermined,30
urn:mavedb:00001217-a-3#2573,NA,NA,p.Val30Gln,-0.168050765102976,0.231076468450019,16,0.652512475443968,0.115,0.901,patho.moderate,30
urn:mavedb:00001217-a-3#2574,NA,NA,p.Val30Glu,0.211486231116467,0.272698364984261,16,0.886305997853913,-0.081,0.936,patho.moderate,30
urn:mavedb:00001217-a-3#2575,NA,NA,p.Val30Gly,0.370739669808741,0.172136099405992,32,0.729202052850449,-0.035,0.938,patho.moderate,30
urn:mavedb:00001217-a-3#2576,NA,NA,p.Val30Ile,-0.108985671492271,0.231976785003378,16,0.651572361421061,0.286,0.916,patho.moderate,30
urn:mavedb:00001217-a-3#2577,NA,NA,p.Val30Leu,0.726480583422886,0.168101098427919,40,-0.0583594924339844,-0.357,0.647,undetermined,30
urn:mavedb:00001217-a-3#2578,NA,NA,p.Val30Lys,-0.299402464845671,0.22225629962632,16,0.634614904715546,0.0,0.774,patho.support,30
urn:mavedb:00001217-a-3#2579,NA,NA,p.Val30Met,-0.656174671118863,0.0440475583172133,16,0.0,0.0,0.29,undetermined,30
urn:mavedb:00001217-a-3#2580,NA,NA,p.Val30Phe,0.056491469802785,0.232250254143506,16,0.707843898562941,0.307,0.934,patho.moderate,30
urn:mavedb:00001217-a-3#2581,NA,NA,p.Val30Ser,0.368550504674893,0.273995651107907,32,0.736163826659856,-0.259,0.935,patho.moderate,30
urn:mavedb:00001217-a-3#2582,NA,NA,p.Val30Ter,-0.21052655165461,0.221497873648908,16,NA,NA,NA,NA,30
urn:mavedb:00001217-a-3#2583,NA,NA,p.Val30Thr,0.87545016971009,0.0188664140780207,16,-0.221253065028809,-0.253,-0.186,undetermined,30
urn:mavedb:00001217-a-3#2584,NA,NA,p.Val30Trp,-0.275919685598323,0.227796393694902,16,0.6346532042326,0.0,0.816,patho.support,30
urn:mavedb:00001217-a-3#2585,NA,NA,p.Val30Tyr,-0.0865211277524395,0.228649184067799,16,0.650021233431207,0.348,0.923,patho.moderate,30
urn:mavedb:00001217-a-3#2586,NA,NA,p.Val32=,1.07327940817475,0.0285428804598392,24,NA,NA,NA,NA,32
urn:mavedb:00001217-a-3#2587,NA,NA,p.Val32Ala,0.962223214811786,0.0908677461779013,32,-0.29386953667853,-0.397,-0.125,undetermined,32
urn:mavedb:00001217-a-3#2588,NA,NA,p.Val32Arg,-0.147751165499206,0.225593291720433,48,0.651001878434176,0.199,0.907,patho.moderate,32
urn:mavedb:00001217-a-3#2589,NA,NA,p.Val32Asp,-0.163997110493304,0.212366533448905,16,0.652173770839889,0.276,0.888,patho.moderate,32
urn:mavedb:00001217-a-3#2590,NA,NA,p.Val32Cys,0.98490320946142,0.0103228865168005,16,-0.311522940431843,-0.327,-0.295,undetermined,32
urn:mavedb:00001217-a-3#2591,NA,NA,p.Val32Gln,-0.259162586187103,0.200604331836927,16,0.63682150786961,0.008,0.777,patho.moderate,32
urn:mavedb:00001217-a-3#2592,NA,NA,p.Val32Glu,0.317121304011305,0.269737488146185,16,0.876283038957491,-0.182,0.936,patho.moderate,32
urn:mavedb:00001217-a-3#2593,NA,NA,p.Val32Gly,-0.0290216089424698,0.225802234793996,32,0.656948872739168,0.421,0.927,patho.moderate,32
urn:mavedb:00001217-a-3#2594,NA,NA,p.Val32His,0.0255018466552985,0.324743026468929,8,0.688382761078784,0.0,0.93,patho.moderate,32
urn:mavedb:00001217-a-3#2595,NA,NA,p.Val32Leu,0.945671529315816,0.0799300718264116,32,-0.280889059635941,-0.38,-0.132,undetermined,32
urn:mavedb:00001217-a-3#2596,NA,NA,p.Val32Lys,-0.0683946186001881,0.220007330905781,16,0.650108033707201,0.418,0.924,patho.moderate,32
urn:mavedb:00001217-a-3#2597,NA,NA,p.Val32Met,1.02699990466195,0.0179409250797475,16,-0.342603163124686,-0.363,-0.316,benign.support,32
urn:mavedb:00001217-a-3#2598,NA,NA,p.Val32Pro,-0.0432645829494535,0.206301724117646,32,0.651327815958213,0.488,0.924,patho.moderate,32
urn:mavedb:00001217-a-3#2599,NA,NA,p.Val32Ser,-0.0054410894199919,0.287967366899889,32,0.672799882186744,0.037,0.929,patho.moderate,32
urn:mavedb:00001217-a-3#2600,NA,NA,p.Val32Ter,-0.711859675584989,0.219700995790183,16,NA,NA,NA,NA,32
urn:mavedb:00001217-a-3#2601,NA,NA,p.Val32Thr,-0.14773714992795,0.224935034710285,24,0.65100261648257,0.251,0.91,patho.moderate,32
urn:mavedb:00001217-a-3#2602,NA,NA,p.Val32Trp,0.015123755484163,0.182628210137025,16,0.683889867393821,0.597,0.93,patho.moderate,32
urn:mavedb:00001217-a-3#2603,NA,NA,p.Val32Tyr,0.0101314978512545,0.23036835179469,16,0.682180243783168,0.381,0.932,patho.moderate,32
urn:mavedb:00001217-a-3#2604,NA,NA,p.Val48=,0.93650634998848,0.0468579393845752,24,NA,NA,NA,NA,48
urn:mavedb:00001217-a-3#2605,NA,NA,p.Val48Ala,-0.144783792787211,0.281362070079156,32,0.651160241580164,0.0,0.914,patho.moderate,48
urn:mavedb:00001217-a-3#2606,NA,NA,p.Val48Arg,-0.331202884962874,0.225226203074276,48,0.634970889507747,0.0,0.762,patho.support,48
urn:mavedb:00001217-a-3#2607,NA,NA,p.Val48Asn,-0.591234247951557,0.315313829097489,8,0.22297881396792,0.0,0.684,undetermined,48
urn:mavedb:00001217-a-3#2608,NA,NA,p.Val48Asp,-0.747319039241255,0.303484141592634,16,0.0,0.0,0.651,undetermined,48
urn:mavedb:00001217-a-3#2609,NA,NA,p.Val48Cys,0.307267459171309,0.129007073818994,16,0.900180994640309,0.231,0.939,patho.moderate,48
urn:mavedb:00001217-a-3#2610,NA,NA,p.Val48Glu,-0.476277642739262,0.223169777739522,16,0.482343837203745,0.0,0.654,patho.support,48
urn:mavedb:00001217-a-3#2611,NA,NA,p.Val48Gly,-0.686985068978488,0.251814833476268,32,0.0,0.0,0.649,undetermined,48
urn:mavedb:00001217-a-3#2612,NA,NA,p.Val48His,-0.033110225046509,0.236158719226348,16,0.654967478588167,0.342,0.929,patho.moderate,48
urn:mavedb:00001217-a-3#2613,NA,NA,p.Val48Ile,1.20177849931446,0.0399423294736942,16,-0.432448860510888,-0.535,-0.39,benign.support,48
urn:mavedb:00001217-a-3#2614,NA,NA,p.Val48Leu,0.846870502903585,0.178052032595,40,-0.194369977114298,-0.423,0.407,undetermined,48
urn:mavedb:00001217-a-3#2615,NA,NA,p.Val48Lys,-0.523128765131039,0.31880581674406,8,0.399715803696537,0.0,0.731,patho.support,48
urn:mavedb:00001217-a-3#2616,NA,NA,p.Val48Met,-0.140739890619601,0.247126499492078,16,0.651382912798236,0.141,0.91,patho.moderate,48
urn:mavedb:00001217-a-3#2617,NA,NA,p.Val48Phe,0.872978199714061,0.0210209487891116,16,-0.219067080512989,-0.255,-0.178,undetermined,48
urn:mavedb:00001217-a-3#2618,NA,NA,p.Val48Ser,-0.250794170211763,0.30300371109605,40,0.637974329761274,0.0,0.9,patho.moderate,48
urn:mavedb:00001217-a-3#2619,NA,NA,p.Val48Trp,-0.568760325054664,0.217935620790143,16,0.291891542155438,0.0,0.652,undetermined,48
urn:mavedb:00001217-a-3#2620,NA,NA,p.Val48Tyr,-0.0258529282254675,0.181939777063833,16,0.65847991076843,0.581,0.921,patho.moderate,48
urn:mavedb:00001217-a-3#2621,NA,NA,p.Val6=,1.05051391035272,0.0192050634203904,24,NA,NA,NA,NA,6
urn:mavedb:00001217-a-3#2622,NA,NA,p.Val6Ala,0.963775452454018,0.0298935696181977,16,-0.295080602517226,-0.339,-0.248,undetermined,6
urn:mavedb:00001217-a-3#2623,NA,NA,p.Val6Arg,0.973472404278583,0.0857396652367551,48,-0.30280942047063,-0.395,-0.147,undetermined,6
urn:mavedb:00001217-a-3#2624,NA,NA,p.Val6Asn,1.17317099885034,0.0066018649081731,16,-0.411828333824624,-0.42,-0.405,benign.support,6
urn:mavedb:00001217-a-3#2625,NA,NA,p.Val6Asp,0.904668877028573,0.0270603899426366,16,-0.246688422170069,-0.291,-0.199,undetermined,6
urn:mavedb:00001217-a-3#2626,NA,NA,p.Val6Cys,0.230197778901757,0.192719367743413,16,0.906118556996102,0.149,0.937,patho.moderate,6
urn:mavedb:00001217-a-3#2627,NA,NA,p.Val6Gln,1.1651759999574,0.0158974484691023,16,-0.407487899568079,-0.428,-0.394,benign.support,6
urn:mavedb:00001217-a-3#2628,NA,NA,p.Val6Glu,0.937355376310705,0.0175585259457884,16,-0.274381257315113,-0.302,-0.245,undetermined,6
urn:mavedb:00001217-a-3#2629,NA,NA,p.Val6Gly,-0.1301789680001,0.398766349440907,32,0.652002478273044,0.0,0.926,patho.moderate,6
urn:mavedb:00001217-a-3#2630,NA,NA,p.Val6His,0.924505316781107,0.0358906057095965,16,-0.263843862741044,-0.32,-0.202,undetermined,6
urn:mavedb:00001217-a-3#2631,NA,NA,p.Val6Ile,1.11717371952162,0.0104038744146905,16,-0.386627614643426,-0.395,-0.377,benign.support,6
urn:mavedb:00001217-a-3#2632,NA,NA,p.Val6Leu,1.03351899724989,0.0532178949331838,48,-0.347434000919579,-0.395,-0.269,benign.support,6
urn:mavedb:00001217-a-3#2633,NA,NA,p.Val6Lys,1.10198121455869,0.0227745586101055,8,-0.379558596048574,-0.399,-0.362,benign.support,6
urn:mavedb:00001217-a-3#2634,NA,NA,p.Val6Met,-0.704084158062234,0.113409719708045,8,0.0,0.0,0.473,undetermined,6
urn:mavedb:00001217-a-3#2635,NA,NA,p.Val6Phe,0.875489133142115,0.0123510888927897,16,-0.221287585651771,-0.242,-0.199,undetermined,6
urn:mavedb:00001217-a-3#2636,NA,NA,p.Val6Pro,0.28438670306573,0.197287732121976,32,0.935770230642279,0.025,0.937,patho.moderate,6
urn:mavedb:00001217-a-3#2637,NA,NA,p.Val6Ser,1.02251907441852,0.0703087836694497,48,-0.3392094388929,-0.405,-0.23,benign.support,6
urn:mavedb:00001217-a-3#2638,NA,NA,p.Val6Ter,0.0433490920145754,0.201634109731867,16,NA,NA,NA,NA,6
urn:mavedb:00001217-a-3#2639,NA,NA,p.Val6Thr,0.997101633187766,0.125848683266627,32,-0.320755421722616,-0.479,-0.089,benign.support,6
urn:mavedb:00001217-a-3#2640,NA,NA,p.Val6Trp,0.303752216851971,0.208511263759316,16,0.906727057729102,-0.033,0.938,patho.moderate,6
urn:mavedb:00001217-a-3#2641,NA,NA,p.Val6Tyr,0.984503835539301,0.0262856733876415,16,-0.311228682776245,-0.349,-0.27,undetermined,6
urn:mavedb:00001217-a-3#2642,NA,NA,p.Val8=,0.990012310531414,0.0394128921727359,32,NA,NA,NA,NA,8
urn:mavedb:00001217-a-3#2643,NA,NA,p.Val82=,0.89093139366451,0.0543053214764232,32,NA,NA,NA,NA,82
urn:mavedb:00001217-a-3#2644,NA,NA,p.Val82Ala,0.984861741833523,0.0477777904561944,32,-0.31149236480476,-0.369,-0.235,undetermined,82
urn:mavedb:00001217-a-3#2645,NA,NA,p.Val82Arg,0.020277565280442,0.265416577100084,48,0.685935920026281,0.171,0.933,patho.moderate,82
urn:mavedb:00001217-a-3#2646,NA,NA,p.Val82Asn,0.122485384775249,0.222640895738831,16,0.767851857286013,0.198,0.935,patho.moderate,82
urn:mavedb:00001217-a-3#2647,NA,NA,p.Val82Asp,-0.029116906440725,0.337399486613361,16,0.656902770557943,0.0,0.93,patho.moderate,82
urn:mavedb:00001217-a-3#2648,NA,NA,p.Val82Cys,0.639942394739326,0.0946179966904297,16,0.0725897043265362,-0.172,0.504,undetermined,82
urn:mavedb:00001217-a-3#2649,NA,NA,p.Val82Gln,-0.346741200747669,0.221022853995585,16,0.635339935080865,0.0,0.726,patho.support,82
urn:mavedb:00001217-a-3#2650,NA,NA,p.Val82Glu,-0.29043147520964,0.230125267271943,16,0.634601167201304,0.0,0.814,patho.support,82
urn:mavedb:00001217-a-3#2651,NA,NA,p.Val82Gly,0.07165625825642,0.252340990436503,32,0.719317221589385,0.194,0.934,patho.moderate,82
urn:mavedb:00001217-a-3#2652,NA,NA,p.Val82His,0.413081309643529,0.237632957688292,8,0.605156246028555,-0.237,0.935,patho.support,82
urn:mavedb:00001217-a-3#2653,NA,NA,p.Val82Ile,0.974716541152105,0.0536934944614574,16,-0.303822580902473,-0.37,-0.216,undetermined,82
urn:mavedb:00001217-a-3#2654,NA,NA,p.Val82Leu,1.00733904741066,0.0543814397474487,48,-0.328263164291813,-0.386,-0.243,benign.support,82
urn:mavedb:00001217-a-3#2655,NA,NA,p.Val82Lys,-0.145965972379537,0.234015799467044,16,0.651096643345748,0.201,0.907,patho.moderate,82
urn:mavedb:00001217-a-3#2656,NA,NA,p.Val82Met,0.809033208169685,0.0254904666034571,16,-0.154299979563133,-0.206,-0.099,undetermined,82
urn:mavedb:00001217-a-3#2657,NA,NA,p.Val82Phe,0.957260057363173,0.0125573303856724,16,-0.29004217160594,-0.31,-0.271,undetermined,82
urn:mavedb:00001217-a-3#2658,NA,NA,p.Val82Pro,0.419019551606432,0.145161123926164,24,0.590204848604838,-0.025,0.937,patho.support,82
urn:mavedb:00001217-a-3#2659,NA,NA,p.Val82Ser,0.805066771443499,0.114036471088733,48,-0.150119187621912,-0.343,0.188,undetermined,82
urn:mavedb:00001217-a-3#2660,NA,NA,p.Val82Ter,-0.141624424019683,0.227557132088243,16,NA,NA,NA,NA,82
urn:mavedb:00001217-a-3#2661,NA,NA,p.Val82Thr,0.836025584442142,0.0650070920479988,32,-0.182798072274555,-0.295,-0.034,undetermined,82
urn:mavedb:00001217-a-3#2662,NA,NA,p.Val82Trp,1.01284790190406,0.0154612161002375,16,-0.332143094526466,-0.354,-0.31,benign.support,82
urn:mavedb:00001217-a-3#2663,NA,NA,p.Val82Tyr,0.855206940364754,0.0179385193860757,16,-0.20276115134648,-0.234,-0.166,undetermined,82
urn:mavedb:00001217-a-3#2664,NA,NA,p.Val88=,1.02445179422834,0.0408290321887493,32,NA,NA,NA,NA,88
urn:mavedb:00001217-a-3#2665,NA,NA,p.Val88Ala,0.668950262448076,0.193887433958208,32,0.0237755655841695,-0.354,0.885,undetermined,88
urn:mavedb:00001217-a-3#2666,NA,NA,p.Val88Arg,-0.41580227338504,0.253294797085437,48,0.561863163511961,0.0,0.717,patho.support,88
urn:mavedb:00001217-a-3#2667,NA,NA,p.Val88Asp,-0.428524570436137,0.233278855468117,16,0.547223094324592,0.0,0.688,patho.support,88
urn:mavedb:00001217-a-3#2668,NA,NA,p.Val88Cys,0.733553797445343,0.072051664665988,16,-0.0675368477897713,-0.223,0.16,undetermined,88
urn:mavedb:00001217-a-3#2669,NA,NA,p.Val88Gln,-0.0227919049777495,0.217330640031277,16,0.660176872589662,0.457,0.928,patho.moderate,88
urn:mavedb:00001217-a-3#2670,NA,NA,p.Val88Glu,-0.646493445464189,0.266606147566349,16,0.0230346702257982,0.0,0.652,undetermined,88
urn:mavedb:00001217-a-3#2671,NA,NA,p.Val88Gly,0.113547195043326,0.299032707070455,32,0.757492052823152,-0.012,0.934,patho.moderate,88
urn:mavedb:00001217-a-3#2672,NA,NA,p.Val88His,-0.313196694498806,0.31585365491587,8,0.63470808106128,0.0,0.881,patho.support,88
urn:mavedb:00001217-a-3#2673,NA,NA,p.Val88Ile,1.20976826597655,0.0296096157935688,8,-0.440343796735914,-0.514,-0.401,benign.support,88
urn:mavedb:00001217-a-3#2674,NA,NA,p.Val88Leu,1.01376457951475,0.073372568341461,48,-0.332798560158754,-0.404,-0.216,benign.support,88
urn:mavedb:00001217-a-3#2675,NA,NA,p.Val88Lys,-0.319283211995562,0.219408161554574,16,0.634778330278483,0.0,0.757,patho.support,88
urn:mavedb:00001217-a-3#2676,NA,NA,p.Val88Met,0.797125079110835,0.160513376203666,16,-0.141727766688991,-0.382,0.441,undetermined,88
urn:mavedb:00001217-a-3#2677,NA,NA,p.Val88Phe,0.610307368820199,0.15715317127996,16,0.126356395713232,-0.255,0.891,undetermined,88
urn:mavedb:00001217-a-3#2678,NA,NA,p.Val88Pro,-0.394584693523049,0.216283162326801,24,0.587280238040099,0.0,0.693,patho.support,88
urn:mavedb:00001217-a-3#2679,NA,NA,p.Val88Ser,-0.274267626590227,0.245722176444688,40,0.634717130364314,0.0,0.853,patho.support,88
urn:mavedb:00001217-a-3#2680,NA,NA,p.Val88Ter,-0.241105923093744,0.225119260191914,16,NA,NA,NA,NA,88
urn:mavedb:00001217-a-3#2681,NA,NA,p.Val88Thr,-0.189747642370621,0.228830647633721,16,0.651905467906003,0.064,0.889,patho.moderate,88
urn:mavedb:00001217-a-3#2682,NA,NA,p.Val88Trp,-0.21476545793927,0.223188443395695,16,0.64462774574537,0.0,0.863,patho.moderate,88
urn:mavedb:00001217-a-3#2683,NA,NA,p.Val88Tyr,0.0541330545023476,0.233351823599401,16,0.706204486492823,0.311,0.934,patho.moderate,88
urn:mavedb:00001217-a-3#2684,NA,NA,p.Val8Ala,0.872808726789821,0.0559982346329112,32,-0.218917504309009,-0.309,-0.102,undetermined,8
urn:mavedb:00001217-a-3#2685,NA,NA,p.Val8Arg,1.00314349884297,0.064652008009765,32,-0.325290736546683,-0.393,-0.22,benign.support,8
urn:mavedb:00001217-a-3#2686,NA,NA,p.Val8Asn,0.729214419162233,0.0557653743980997,16,-0.0619283357375534,-0.187,0.11,undetermined,8
urn:mavedb:00001217-a-3#2687,NA,NA,p.Val8Asp,0.678228942211873,0.0149668880490217,16,0.0093107186171987,-0.033,0.056,undetermined,8
urn:mavedb:00001217-a-3#2688,NA,NA,p.Val8Cys,1.06614893868027,0.0059420923657653,16,-0.365150623069283,-0.37,-0.36,benign.support,8
urn:mavedb:00001217-a-3#2689,NA,NA,p.Val8Gln,0.958019095530775,0.0170994452483035,16,-0.290623191112059,-0.316,-0.264,undetermined,8
urn:mavedb:00001217-a-3#2690,NA,NA,p.Val8Glu,0.944770022972953,0.0244516521338805,16,-0.280181535170673,-0.317,-0.241,undetermined,8
urn:mavedb:00001217-a-3#2691,NA,NA,p.Val8Gly,0.418481082591245,0.085246045837549,32,0.59165820684564,0.186,0.934,patho.support,8
urn:mavedb:00001217-a-3#2692,NA,NA,p.Val8His,1.0098050174791,0.018964987756233,16,-0.329987640157104,-0.356,-0.302,benign.support,8
urn:mavedb:00001217-a-3#2693,NA,NA,p.Val8Ile,0.770603548459924,0.0147218743120554,16,-0.112256338465116,-0.144,-0.078,undetermined,8
urn:mavedb:00001217-a-3#2694,NA,NA,p.Val8Leu,1.03834162117055,0.0921356815296526,40,-0.35093684609833,-0.447,-0.203,benign.support,8
urn:mavedb:00001217-a-3#2695,NA,NA,p.Val8Lys,0.923744186911736,0.0119974295581626,16,-0.263208278360464,-0.282,-0.243,undetermined,8
urn:mavedb:00001217-a-3#2696,NA,NA,p.Val8Met,0.978227324641014,0.0265149959164754,16,-0.306579437248002,-0.345,-0.265,undetermined,8
urn:mavedb:00001217-a-3#2697,NA,NA,p.Val8Phe,1.05096834327034,0.0238486375919155,16,-0.358796024827763,-0.377,-0.326,benign.support,8
urn:mavedb:00001217-a-3#2698,NA,NA,p.Val8Pro,-0.0855745607678869,0.232369916422081,24,0.650019970493588,0.307,0.923,patho.moderate,8
urn:mavedb:00001217-a-3#2699,NA,NA,p.Val8Ser,1.01629666005704,0.063866783156015,48,-0.334624272593846,-0.397,-0.235,benign.support,8
urn:mavedb:00001217-a-3#2700,NA,NA,p.Val8Ter,0.0531244257894714,0.178310675569326,16,NA,NA,NA,NA,8
urn:mavedb:00001217-a-3#2701,NA,NA,p.Val8Thr,0.963207710305066,0.0244374175489309,32,-0.294636848622959,-0.331,-0.256,undetermined,8
urn:mavedb:00001217-a-3#2702,NA,NA,p.Val8Trp,1.06137889858783,0.0180013434417187,16,-0.363434547503286,-0.378,-0.342,benign.support,8
urn:mavedb:00001217-a-3#2703,NA,NA,p.Val8Tyr,1.0141242103504,0.0197728275694679,16,-0.333056501835301,-0.36,-0.304,benign.support,8
urn:mavedb:00001217-a-3#2704,NA,NA,p.Val95=,1.0200171806342,0.0096222372542892,16,NA,NA,NA,NA,95
urn:mavedb:00001217-a-3#2705,NA,NA,p.Val95Ala,0.775635530896114,0.162025860169726,32,-0.117858648899502,-0.376,0.495,undetermined,95
urn:mavedb:00001217-a-3#2706,NA,NA,p.Val95Arg,0.869348643567446,0.0736018327859417,24,-0.215856140579565,-0.333,-0.06,undetermined,95
urn:mavedb:00001217-a-3#2707,NA,NA,p.Val95Asn,1.16606129779279,0.020117113571449,16,-0.407933903249091,-0.435,-0.391,benign.support,95
urn:mavedb:00001217-a-3#2708,NA,NA,p.Val95Asp,0.969421861750305,0.0484855258500738,16,-0.299545656381551,-0.365,-0.22,undetermined,95
urn:mavedb:00001217-a-3#2709,NA,NA,p.Val95Cys,0.988432601259234,0.0241360407305457,16,-0.314144634758694,-0.35,-0.277,undetermined,95
urn:mavedb:00001217-a-3#2710,NA,NA,p.Val95Gln,1.0326747518681,0.0205025617346757,16,-0.346819165761821,-0.367,-0.317,benign.support,95
urn:mavedb:00001217-a-3#2711,NA,NA,p.Val95Glu,1.09088280311318,0.0178431809809079,16,-0.374770677168768,-0.391,-0.361,benign.support,95
urn:mavedb:00001217-a-3#2712,NA,NA,p.Val95Gly,0.754545052809682,0.122814054435847,32,-0.0935261214903798,-0.321,0.361,undetermined,95
urn:mavedb:00001217-a-3#2713,NA,NA,p.Val95His,0.765265563802681,0.0421930921940002,16,-0.106129847799392,-0.194,0.001,undetermined,95
urn:mavedb:00001217-a-3#2714,NA,NA,p.Val95Ile,0.995087573123148,0.0143940443230574,16,-0.319196864556451,-0.34,-0.299,benign.support,95
urn:mavedb:00001217-a-3#2715,NA,NA,p.Val95Leu,0.982568757099808,0.0825873434205483,48,-0.30980966819417,-0.4,-0.166,undetermined,95
urn:mavedb:00001217-a-3#2716,NA,NA,p.Val95Lys,0.911236447857362,0.0176806745184696,16,-0.252572237599991,-0.282,-0.222,undetermined,95
urn:mavedb:00001217-a-3#2717,NA,NA,p.Val95Met,0.757632901895038,0.0586455265116764,16,-0.0971792020898581,-0.22,0.066,undetermined,95
urn:mavedb:00001217-a-3#2718,NA,NA,p.Val95Phe,0.999066081047756,0.0287338081687289,16,-0.322289434787569,-0.361,-0.28,benign.support,95
urn:mavedb:00001217-a-3#2719,NA,NA,p.Val95Pro,-0.211384317373592,0.232579451362478,24,0.645499806656633,0.0,0.869,patho.moderate,95
urn:mavedb:00001217-a-3#2720,NA,NA,p.Val95Ser,0.942205231797804,0.0734789071883315,48,-0.278179590752395,-0.372,-0.142,undetermined,95
urn:mavedb:00001217-a-3#2721,NA,NA,p.Val95Ter,0.0369261135918749,0.185994592330041,16,NA,NA,NA,NA,95
urn:mavedb:00001217-a-3#2722,NA,NA,p.Val95Thr,1.01414360179112,0.147438968733172,32,-0.333070422867372,-0.562,-0.053,benign.support,95
urn:mavedb:00001217-a-3#2723,NA,NA,p.Val95Trp,1.10392728427473,0.0202935646990745,16,-0.380433632488266,-0.398,-0.365,benign.support,95
urn:mavedb:00001217-a-3#2724,NA,NA,p.Val95Tyr,1.11842131085692,0.0276625722734417,16,-0.387149700388227,-0.411,-0.365,benign.support,95
urn:mavedb:00001217-a-3#2725,NA,NA,p.Val98=,1.05307767581706,0.0454678542975176,32,NA,NA,NA,NA,98
urn:mavedb:00001217-a-3#2726,NA,NA,p.Val98Ala,0.522020207268425,0.209207565812298,32,0.335029385191335,-0.275,0.931,patho.support,98
urn:mavedb:00001217-a-3#2727,NA,NA,p.Val98Arg,-0.220643969407675,0.237525373028181,48,0.643102199015096,0.0,0.88,patho.moderate,98
urn:mavedb:00001217-a-3#2728,NA,NA,p.Val98Asn,-0.11078814132168,0.220253789592613,16,0.65182713079625,0.329,0.913,patho.moderate,98
urn:mavedb:00001217-a-3#2729,NA,NA,p.Val98Asp,-0.43286194552,0.218638145399799,16,0.542262252570237,0.0,0.672,patho.support,98
urn:mavedb:00001217-a-3#2730,NA,NA,p.Val98Cys,0.420853780660302,0.0351533647652504,16,0.585321809090418,0.426,0.778,patho.support,98
urn:mavedb:00001217-a-3#2731,NA,NA,p.Val98Gln,-0.203276788476968,0.225245978546864,16,0.647577566938631,0.004,0.881,patho.moderate,98
urn:mavedb:00001217-a-3#2732,NA,NA,p.Val98Glu,-0.147114661838401,0.266489421317443,16,0.651035491081819,0.0,0.915,patho.moderate,98
urn:mavedb:00001217-a-3#2733,NA,NA,p.Val98Gly,-0.460048178147452,0.257818960602648,32,0.507113550599552,0.0,0.693,patho.support,98
urn:mavedb:00001217-a-3#2734,NA,NA,p.Val98Ile,0.54749675646878,0.186128907431977,16,0.271507912122692,-0.252,0.927,undetermined,98
urn:mavedb:00001217-a-3#2735,NA,NA,p.Val98Leu,0.86137336158024,0.213121819614003,32,-0.208529047679223,-0.513,0.515,undetermined,98
urn:mavedb:00001217-a-3#2736,NA,NA,p.Val98Lys,-0.332104060954498,0.219015424449927,16,0.634988531543334,0.0,0.742,patho.support,98
urn:mavedb:00001217-a-3#2737,NA,NA,p.Val98Met,0.720478746009569,0.0340128321989299,16,-0.0504198882017684,-0.133,0.05,undetermined,98
urn:mavedb:00001217-a-3#2738,NA,NA,p.Val98Pro,0.003311421144843,0.198500839716341,16,0.679789501923339,0.516,0.928,patho.moderate,98
urn:mavedb:00001217-a-3#2739,NA,NA,p.Val98Ser,-0.0575940663047455,0.236847666139525,24,0.650270426886117,0.327,0.926,patho.moderate,98
urn:mavedb:00001217-a-3#2740,NA,NA,p.Val98Ter,-0.320667825382756,0.226808559249183,16,NA,NA,NA,NA,98
urn:mavedb:00001217-a-3#2741,NA,NA,p.Val98Thr,-0.38975051937905,0.239660488885967,16,0.592820149701253,0.0,0.726,patho.support,98
urn:mavedb:00001217-a-3#2742,NA,NA,p.Val98Trp,-0.0080352098979875,0.233994956043984,16,0.670697128918179,0.348,0.93,patho.moderate,98
urn:mavedb:00001217-a-3#2743,NA,NA,p.Val98Tyr,-0.270026222223061,0.220854439168233,16,0.635311915361318,0.0,0.813,patho.support,98
urn:mavedb:00001217-a-3#2744,NA,NA,p.Ala146Tyr,-0.146576110376933,0.300913333982014,8,0.65106408277714,0.0,0.922,patho.moderate,146
urn:mavedb:00001217-a-3#2745,NA,NA,p.Ala153Gln,0.707252609926825,0.144828465673768,8,-0.0327191821332619,-0.317,0.571,undetermined,153
urn:mavedb:00001217-a-3#2746,NA,NA,p.Ala153Lys,0.643999401903634,0.0521917782068627,8,0.0655688595271431,-0.082,0.278,undetermined,153
urn:mavedb:00001217-a-3#2747,NA,NA,p.Ala2Asp,0.806506797512228,0.0239741900667665,8,-0.151637583757167,-0.201,-0.099,undetermined,2
urn:mavedb:00001217-a-3#2748,NA,NA,p.Ala61Gln,0.694670115934231,0.0235880915040064,8,-0.015379942747861,-0.079,0.058,undetermined,61
urn:mavedb:00001217-a-3#2749,NA,NA,p.Ala61His,0.968825337637436,0.0294935648977818,8,-0.299069381211462,-0.342,-0.251,undetermined,61
urn:mavedb:00001217-a-3#2750,NA,NA,p.Ala61Met,-0.233603388020402,0.300162768289913,8,0.640329303129446,0.0,0.904,patho.moderate,61
urn:mavedb:00001217-a-3#2751,NA,NA,p.Ala96Asn,-0.198843414863228,0.299597520063117,8,0.648707220948686,0.0,0.915,patho.moderate,96
urn:mavedb:00001217-a-3#2752,NA,NA,p.Ala96Gln,-0.0036253195011664,0.303104454148838,8,0.674269731212229,0.0,0.93,patho.moderate,96
urn:mavedb:00001217-a-3#2753,NA,NA,p.Ala96Ter,-0.426926840625203,0.298724576138479,8,NA,NA,NA,NA,96
urn:mavedb:00001217-a-3#2754,NA,NA,p.Arg70Phe,0.915122697176038,0.0196354994477606,8,-0.255939602141116,-0.288,-0.222,undetermined,70
urn:mavedb:00001217-a-3#2755,NA,NA,p.Arg70Pro,0.414416348590215,0.352937298688849,16,0.601896751347882,-0.375,0.932,patho.support,70
urn:mavedb:00001217-a-3#2756,NA,NA,p.Asn20Ala,0.583977017287525,0.0806826231444669,8,0.181991016683854,-0.081,0.573,undetermined,20
urn:mavedb:00001217-a-3#2757,NA,NA,p.Asn20Glu,-0.0977890522892409,0.306706460070499,8,0.650086079019409,0.0,0.925,patho.moderate,20
urn:mavedb:00001217-a-3#2758,NA,NA,p.Asn20Ile,0.865444661124338,0.096081223210865,8,-0.212259725830927,-0.359,0.011,undetermined,20
urn:mavedb:00001217-a-3#2759,NA,NA,p.Asn20Leu,0.078491617280127,0.489396668074159,16,0.724532281413739,-0.336,0.928,patho.moderate,20
urn:mavedb:00001217-a-3#2760,NA,NA,p.Asn20Met,1.0817460549166,0.0304333925886615,8,-0.371063069678859,-0.397,-0.34,benign.support,20
urn:mavedb:00001217-a-3#2761,NA,NA,p.Asn20Tyr,0.793562234367956,0.0370321540407983,8,-0.13782468364141,-0.213,-0.052,undetermined,20
urn:mavedb:00001217-a-3#2762,NA,NA,p.Asn27Pro,1.07742787163166,0.013861430408736,8,-0.369376649801129,-0.381,-0.358,benign.support,27
urn:mavedb:00001217-a-3#2763,NA,NA,p.Asp110Met,-0.281493479295415,0.296854722212418,8,0.634622587851845,0.0,0.894,patho.support,110
urn:mavedb:00001217-a-3#2764,NA,NA,p.Asp110Trp,0.809281935393206,0.190364482956039,8,-0.154562011232967,-0.416,0.557,undetermined,110
urn:mavedb:00001217-a-3#2765,NA,NA,p.Asp126Gln,0.792661874364144,0.0781008287990767,8,-0.136831008587906,-0.281,0.078,undetermined,126
urn:mavedb:00001217-a-3#2766,NA,NA,p.Asp53Phe,0.923306274094957,0.125358385641544,8,-0.26284320552869,-0.412,0.01,undetermined,53
urn:mavedb:00001217-a-3#2767,NA,NA,p.Asp53Pro,0.99695035367383,0.0294826222769038,8,-0.320637861080043,-0.361,-0.275,benign.support,53
urn:mavedb:00001217-a-3#2768,NA,NA,p.Asp91Gln,0.762797818816822,0.166339192705205,8,-0.103247353049998,-0.376,0.54,undetermined,91
urn:mavedb:00001217-a-3#2769,NA,NA,p.Asp91Met,0.918193438414875,0.0718013864576384,8,-0.258602778787334,-0.362,-0.123,undetermined,91
urn:mavedb:00001217-a-3#2770,NA,NA,p.Asp91Pro,-0.237724634123011,0.319307767472558,16,0.639765363213457,0.0,0.906,patho.moderate,91
urn:mavedb:00001217-a-3#2771,NA,NA,p.Asp97Gln,1.07408340590602,0.0070657679870307,8,-0.368097462495431,-0.374,-0.363,benign.support,97
urn:mavedb:00001217-a-3#2772,NA,NA,p.Cys7His,-0.251790675252569,0.300327278624983,8,0.63783738925055,0.0,0.898,patho.moderate,7
urn:mavedb:00001217-a-3#2773,NA,NA,p.Gln16Ile,0.771936036062991,0.0401243395971472,8,-0.113743211031228,-0.199,-0.013,undetermined,16
urn:mavedb:00001217-a-3#2774,NA,NA,p.Gln23Asn,-0.0047542274161839,0.306018136369678,8,0.673356065331671,0.0,0.931,patho.moderate,23
urn:mavedb:00001217-a-3#2775,NA,NA,p.Glu101Asn,1.56711113203907,0.108417332526664,8,0.0,-0.669,0.0,undetermined,101
urn:mavedb:00001217-a-3#2776,NA,NA,p.Glu101His,0.183909157616998,0.310127033449922,8,0.854552946069292,-0.138,0.935,patho.moderate,101
urn:mavedb:00001217-a-3#2777,NA,NA,p.Glu134Arg,-0.491181616808703,0.299278461885184,8,0.457777762428784,0.0,0.73,patho.support,134
urn:mavedb:00001217-a-3#2778,NA,NA,p.Glu134Ser,0.30307516190639,0.312618947078949,8,0.908016164182232,-0.262,0.935,patho.moderate,134
urn:mavedb:00001217-a-3#2779,NA,NA,p.Glu134Ter,0.725208827135776,0.35661189061795,16,NA,NA,NA,NA,134
urn:mavedb:00001217-a-3#2780,NA,NA,p.Glu22=,1.3732338687627,0.0644086370090574,8,NA,NA,NA,NA,22
urn:mavedb:00001217-a-3#2781,NA,NA,p.Glu22Asn,0.527463710418468,0.227217809836536,8,0.321601041811559,-0.301,0.932,patho.support,22
urn:mavedb:00001217-a-3#2782,NA,NA,p.Glu25Gln,0.493661165934745,0.547662729279436,16,0.412069346879884,-0.549,0.927,patho.support,25
urn:mavedb:00001217-a-3#2783,NA,NA,p.Glu25Lys,1.18054234843925,0.15362834940993,8,-0.416209145772446,-0.696,-0.057,benign.support,25
urn:mavedb:00001217-a-3#2784,NA,NA,p.Glu25Met,0.963813553074842,0.0486116737632559,8,-0.29511041559433,-0.363,-0.215,undetermined,25
urn:mavedb:00001217-a-3#2785,NA,NA,p.Glu25Thr,1.2358655575297,0.0556608155402195,8,-0.469954004271649,-0.661,-0.39,benign.support,25
urn:mavedb:00001217-a-3#2786,NA,NA,p.Glu41Arg,0.661079520344017,0.0325051111845549,8,0.0365836970650822,-0.055,0.154,undetermined,41
urn:mavedb:00001217-a-3#2787,NA,NA,p.Glu50Arg,0.111582095609055,0.283330290730875,8,0.755310620670984,0.0,0.935,patho.moderate,50
urn:mavedb:00001217-a-3#2788,NA,NA,p.Glu50Met,-0.0066672648842685,0.301453035436795,8,0.671806414868752,0.0,0.93,patho.moderate,50
urn:mavedb:00001217-a-3#2789,NA,NA,p.Gly109Tyr,0.146508697061518,0.311572450086359,8,0.798066760352358,-0.074,0.935,patho.moderate,109
urn:mavedb:00001217-a-3#2790,NA,NA,p.Gly115Tyr,-0.40283190782721,0.299626066989532,8,0.577332238221663,0.0,0.813,patho.support,115
urn:mavedb:00001217-a-3#2791,NA,NA,p.Gly128Asn,0.16948587487088,0.317290467674499,8,0.831354425460567,-0.128,0.935,patho.moderate,128
urn:mavedb:00001217-a-3#2792,NA,NA,p.Gly128Glu,0.34802014269727,0.316635073388303,8,0.791252190962378,-0.291,0.935,patho.moderate,128
urn:mavedb:00001217-a-3#2793,NA,NA,p.Gly128Ile,0.336346729615953,0.309349339736218,8,0.823790471846377,-0.272,0.934,patho.moderate,128
urn:mavedb:00001217-a-3#2794,NA,NA,p.Gly128Thr,0.173340524965576,0.309823528796098,8,0.837300168261247,-0.113,0.934,patho.moderate,128
urn:mavedb:00001217-a-3#2795,NA,NA,p.Gly131Leu,1.04835099036827,0.0190763542299713,8,-0.357240502496443,-0.373,-0.33,benign.support,131
urn:mavedb:00001217-a-3#2796,NA,NA,p.Gly131Met,1.11880939919762,0.0218969292163279,8,-0.387313037963413,-0.406,-0.369,benign.support,131
urn:mavedb:00001217-a-3#2797,NA,NA,p.Gly13Thr,1.22472451875339,0.0157928852563248,8,-0.456519639182889,-0.498,-0.425,benign.support,13
urn:mavedb:00001217-a-3#2798,NA,NA,p.Gly142Pro,-0.484345470654912,0.300549968325117,8,0.468809709427408,0.0,0.737,patho.support,142
urn:mavedb:00001217-a-3#2799,NA,NA,p.Gly151Ter,-0.133089481222996,0.316097856761624,8,NA,NA,NA,NA,151
urn:mavedb:00001217-a-3#2800,NA,NA,p.Gly17Asn,-0.328629694510327,0.298405072988205,8,0.634922952072612,0.0,0.868,patho.support,17
urn:mavedb:00001217-a-3#2801,NA,NA,p.Gly28Asp,0.79690438026188,0.175342744870938,8,-0.141494022506388,-0.396,0.501,undetermined,28
urn:mavedb:00001217-a-3#2802,NA,NA,p.Gly28Gln,1.02123622405789,0.0469208830874832,8,-0.338252291484295,-0.385,-0.268,benign.support,28
urn:mavedb:00001217-a-3#2803,NA,NA,p.Gly28His,1.20868695766586,0.0103008056656312,8,-0.439209531097425,-0.462,-0.421,benign.support,28
urn:mavedb:00001217-a-3#2804,NA,NA,p.Gly28Ser,-0.14706627742627,0.298934962485685,8,0.651038054119765,0.0,0.922,patho.moderate,28
urn:mavedb:00001217-a-3#2805,NA,NA,p.Gly28Ter,0.990464800268235,0.0451952477623535,8,NA,NA,NA,NA,28
urn:mavedb:00001217-a-3#2806,NA,NA,p.Gly28Thr,0.0151472697349321,0.305831791643945,8,0.683897843265578,0.0,0.93,patho.moderate,28
urn:mavedb:00001217-a-3#2807,NA,NA,p.Gly34Asn,-0.41931329760459,0.299481974988605,8,0.557620500153346,0.0,0.79,patho.support,34
urn:mavedb:00001217-a-3#2808,NA,NA,p.Gly45Lys,-0.189337964297446,0.299025900466754,8,0.652058469503647,0.0,0.916,patho.moderate,45
urn:mavedb:00001217-a-3#2809,NA,NA,p.Gly45Tyr,-0.462950894652353,0.298609583407753,8,0.502909000051731,0.0,0.756,patho.support,45
urn:mavedb:00001217-a-3#2810,NA,NA,p.Gly52His,0.0262905688733485,0.308680650104857,8,0.688808328292494,0.0,0.933,patho.moderate,52
urn:mavedb:00001217-a-3#2811,NA,NA,p.Gly52Trp,1.26172872371899,0.0082257385810017,8,-0.506053767569196,-0.532,-0.483,benign.support,52
urn:mavedb:00001217-a-3#2812,NA,NA,p.Gly57Arg,0.758202246213009,0.445926034691157,16,-0.0978506149308778,-0.611,0.921,undetermined,57
urn:mavedb:00001217-a-3#2813,NA,NA,p.Gly57His,0.9528203270763,0.108627968050648,8,-0.28657435089424,-0.408,-0.077,undetermined,57
urn:mavedb:00001217-a-3#2814,NA,NA,p.Gly57Leu,0.219066289403268,0.315623962030895,8,0.895033943001102,-0.169,0.934,patho.moderate,57
urn:mavedb:00001217-a-3#2815,NA,NA,p.Gly62His,1.0643382715283,0.0172422813005984,8,-0.364494514718993,-0.378,-0.345,benign.support,62
urn:mavedb:00001217-a-3#2816,NA,NA,p.Gly73Tyr,1.1129198147264,0.0324324454007525,8,-0.3846291856599,-0.413,-0.358,benign.support,73
urn:mavedb:00001217-a-3#2817,NA,NA,p.Gly74Leu,0.652969485083472,0.283609333184688,8,0.0500215153633964,-0.421,0.92,undetermined,74
urn:mavedb:00001217-a-3#2818,NA,NA,p.Gly74Pro,1.09997703958031,0.0401475033010847,8,-0.378668961541484,-0.414,-0.338,benign.support,74
urn:mavedb:00001217-a-3#2819,NA,NA,p.Gly74Ter,-0.140563329110689,0.300604050514467,8,NA,NA,NA,NA,74
urn:mavedb:00001217-a-3#2820,NA,NA,p.Gly74Thr,-0.4043214833327,0.298490336387972,8,0.575466282094681,0.0,0.805,patho.support,74
urn:mavedb:00001217-a-3#2821,NA,NA,p.Gly74Val,1.12797685129489,0.0259749559430191,8,-0.391306948628887,-0.415,-0.369,benign.support,74
urn:mavedb:00001217-a-3#2822,NA,NA,p.Gly83Cys,0.97659968124949,0.0415077567376195,8,-0.305325752931691,-0.362,-0.238,undetermined,83
urn:mavedb:00001217-a-3#2823,NA,NA,p.Gly86Gln,-0.339691549734113,0.30099872061202,8,0.635155104653755,0.0,0.859,patho.support,86
urn:mavedb:00001217-a-3#2824,NA,NA,p.His44Cys,-0.0200473270173755,0.304225966415627,8,0.661806235918302,0.0,0.93,patho.moderate,44
urn:mavedb:00001217-a-3#2825,NA,NA,p.His44Ser,-0.309954499665467,0.364591991873014,24,0.634678081677803,0.0,0.903,patho.support,44
urn:mavedb:00001217-a-3#2826,NA,NA,p.His47Asn,0.993229788437875,0.052028737901841,8,-0.317771666343372,-0.377,-0.234,undetermined,47
urn:mavedb:00001217-a-3#2827,NA,NA,p.His47Glu,0.261217737597999,0.317283461846898,8,0.930945393709326,-0.221,0.935,patho.moderate,47
urn:mavedb:00001217-a-3#2828,NA,NA,p.His47Gly,0.660413816651587,0.0673047995416605,8,0.0376803173290056,-0.137,0.319,undetermined,47
urn:mavedb:00001217-a-3#2829,NA,NA,p.His47Ile,-0.278658599774892,0.30040377314555,8,0.63463652304637,0.0,0.89,patho.support,47
urn:mavedb:00001217-a-3#2830,NA,NA,p.His47Pro,-0.444090701256325,0.339990512472732,8,0.528625775438353,0.0,0.818,patho.support,47
urn:mavedb:00001217-a-3#2831,NA,NA,p.His47Ser,0.520612194866172,0.223013749323197,16,0.338666631987936,-0.294,0.932,patho.support,47
urn:mavedb:00001217-a-3#2832,NA,NA,p.His49Asn,0.745053947957775,0.469455241323446,8,-0.0821059607111405,-0.624,0.922,undetermined,49
urn:mavedb:00001217-a-3#2833,NA,NA,p.His49Val,-0.0261716575851683,0.304680158588372,8,0.65832606193176,0.0,0.93,patho.moderate,49
urn:mavedb:00001217-a-3#2834,NA,NA,p.His64=,1.1131087442268,0.0835432376032889,8,NA,NA,NA,NA,64
urn:mavedb:00001217-a-3#2835,NA,NA,p.His64Asn,1.11474222022587,0.076140984768223,8,-0.385511793732229,-0.514,-0.298,benign.support,64
urn:mavedb:00001217-a-3#2836,NA,NA,p.His64Thr,-0.227782844767627,0.296519933087926,8,0.64123096125548,0.0,0.904,patho.moderate,64
urn:mavedb:00001217-a-3#2837,NA,NA,p.His81=,0.514121930103115,0.397659984699392,8,NA,NA,NA,NA,81
urn:mavedb:00001217-a-3#2838,NA,NA,p.His81Cys,0.495766812870196,0.0791318675251368,8,0.406151897018701,0.051,0.805,patho.support,81
urn:mavedb:00001217-a-3#2839,NA,NA,p.His81Glu,0.470499531208165,0.192593393949549,8,0.471491896559667,-0.188,0.934,patho.support,81
urn:mavedb:00001217-a-3#2840,NA,NA,p.His81Lys,0.713182560694008,0.0697948982788853,8,-0.0406388244406899,-0.196,0.202,undetermined,81
urn:mavedb:00001217-a-3#2841,NA,NA,p.Ile105Cys,-0.0785607524145099,0.302225057137538,8,0.650030586873867,0.0,0.928,patho.moderate,105
urn:mavedb:00001217-a-3#2842,NA,NA,p.Ile105Glu,-0.0352156316420864,0.307754621116415,8,0.653944104727233,0.0,0.927,patho.moderate,105
urn:mavedb:00001217-a-3#2843,NA,NA,p.Ile152Cys,0.900257832980629,0.0448496291844364,8,-0.242789350337507,-0.314,-0.157,undetermined,152
urn:mavedb:00001217-a-3#2844,NA,NA,p.Ile152Trp,0.958607134512886,0.0476551421133016,8,-0.291074369870952,-0.359,-0.212,undetermined,152
urn:mavedb:00001217-a-3#2845,NA,NA,p.Ile152Tyr,0.862741913165729,0.0285889168912783,8,-0.209780982355226,-0.258,-0.152,undetermined,152
urn:mavedb:00001217-a-3#2846,NA,NA,p.Ile18Gln,1.25876774057811,0.0418814923195681,8,-0.501804378038774,-0.654,-0.414,benign.support,18
urn:mavedb:00001217-a-3#2847,NA,NA,p.Ile18Lys,1.13419694992916,0.0145970602320925,8,-0.393902996505136,-0.406,-0.381,benign.support,18
urn:mavedb:00001217-a-3#2848,NA,NA,p.Leu107Met,0.367588783552569,0.108934507669434,8,0.739285784078613,0.188,0.939,patho.moderate,107
urn:mavedb:00001217-a-3#2849,NA,NA,p.Leu107Ser,-0.145460883722952,0.309096308814101,16,0.651123733387735,0.0,0.92,patho.moderate,107
urn:mavedb:00001217-a-3#2850,NA,NA,p.Leu43Gln,0.596590251642221,0.0499270078795679,8,0.15407232094142,-0.016,0.4,undetermined,43
urn:mavedb:00001217-a-3#2851,NA,NA,p.Leu43Gly,0.854995140767812,0.0483587534518733,8,-0.202553985665982,-0.283,-0.101,undetermined,43
urn:mavedb:00001217-a-3#2852,NA,NA,p.Leu43Thr,1.12894956801399,0.0279329520310971,8,-0.391746780194461,-0.418,-0.368,benign.support,43
urn:mavedb:00001217-a-3#2853,NA,NA,p.Leu68Asp,0.356128256205219,0.31617986936824,8,0.770044784263497,-0.303,0.935,patho.moderate,68
urn:mavedb:00001217-a-3#2854,NA,NA,p.Leu68Glu,0.873991090770821,0.0474576691111203,8,-0.219961820871198,-0.298,-0.122,undetermined,68
urn:mavedb:00001217-a-3#2855,NA,NA,p.Leu68Ile,0.917465229691204,0.136973204628924,16,-0.257969224119179,-0.42,0.055,undetermined,68
urn:mavedb:00001217-a-3#2856,NA,NA,p.Leu68Pro,0.434296292050814,0.306495884085606,8,0.554099447260952,-0.353,0.934,patho.support,68
urn:mavedb:00001217-a-3#2857,NA,NA,p.Lys137Ter,-0.578753413080639,0.400598602315189,8,NA,NA,NA,NA,137
urn:mavedb:00001217-a-3#2858,NA,NA,p.Lys24Cys,0.737185168905844,0.191564162242386,8,-0.0721809044012083,-0.385,0.74,undetermined,24
urn:mavedb:00001217-a-3#2859,NA,NA,p.Lys31Tyr,0.694473972051432,0.299250714319769,8,-0.0150960973901385,-0.486,0.919,undetermined,31
urn:mavedb:00001217-a-3#2860,NA,NA,p.Lys4Met,-0.34380379156626,0.0612243612802991,8,0.635259292127292,0.506,0.642,patho.support,4
urn:mavedb:00001217-a-3#2861,NA,NA,p.Phe21Asp,0.056481433629281,0.306407617505439,8,0.707836944188278,0.0,0.933,patho.moderate,21
urn:mavedb:00001217-a-3#2862,NA,NA,p.Phe21Cys,0.0843463623201156,0.33377621619945,8,0.729240373114899,-0.069,0.934,patho.moderate,21
urn:mavedb:00001217-a-3#2863,NA,NA,p.Phe21Thr,-0.256358202050321,0.38759056255385,16,0.637208614739874,0.0,0.912,patho.moderate,21
urn:mavedb:00001217-a-3#2864,NA,NA,p.Phe21Tyr,0.247070553206511,0.282030538476618,8,0.919825017031204,-0.131,0.936,patho.moderate,21
urn:mavedb:00001217-a-3#2865,NA,NA,p.Phe51Asp,1.13851744498315,0.0164773553752316,8,-0.395603837118728,-0.411,-0.382,benign.support,51
urn:mavedb:00001217-a-3#2866,NA,NA,p.Phe51Ter,-0.294066810462484,0.298609592013683,8,NA,NA,NA,NA,51
urn:mavedb:00001217-a-3#2867,NA,NA,p.Pro29Met,0.741949006760166,0.0467355884454083,8,-0.0782108368282735,-0.181,0.056,undetermined,29
urn:mavedb:00001217-a-3#2868,NA,NA,p.Pro29Trp,-0.35017181566826,0.299264798436124,8,0.632855823560577,0.0,0.861,patho.support,29
urn:mavedb:00001217-a-3#2869,NA,NA,p.Pro29Val,0.0420295473544043,0.305053528477376,8,0.697823989756453,0.0,0.933,patho.moderate,29
urn:mavedb:00001217-a-3#2870,NA,NA,p.Pro63Glu,0.8066291785445,0.0444168269148162,8,-0.151766593053823,-0.237,-0.052,undetermined,63
urn:mavedb:00001217-a-3#2871,NA,NA,p.Pro63Lys,-0.0519019407660633,0.301533122605828,8,0.650389310632772,0.0,0.93,patho.moderate,63
urn:mavedb:00001217-a-3#2872,NA,NA,p.Pro63Phe,0.507016130487486,0.284517857037732,8,0.375127783839216,-0.362,0.934,patho.support,63
urn:mavedb:00001217-a-3#2873,NA,NA,p.Pro63Tyr,0.971644967626658,0.0246413348610238,8,-0.301330445580677,-0.337,-0.263,undetermined,63
urn:mavedb:00001217-a-3#2874,NA,NA,p.Pro67His,0.7743720309793,0.537329416658869,8,-0.116455090495677,-0.629,0.915,undetermined,67
urn:mavedb:00001217-a-3#2875,NA,NA,p.Pro67Lys,1.02551294847922,0.100475274389472,8,-0.341468089646771,-0.457,-0.182,benign.support,67
urn:mavedb:00001217-a-3#2876,NA,NA,p.Pro67Val,1.02676793676906,0.0428956831960419,8,-0.342425498760071,-0.385,-0.279,benign.support,67
urn:mavedb:00001217-a-3#2877,NA,NA,p.Pro75Asn,0.613878408924736,0.243511059981,8,0.119600625782235,-0.372,0.926,undetermined,75
urn:mavedb:00001217-a-3#2878,NA,NA,p.Pro75Cys,1.19576397316356,0.0630013804955322,8,-0.427265263004163,-0.622,-0.367,benign.support,75
urn:mavedb:00001217-a-3#2879,NA,NA,p.Pro75Ile,0.699995717646972,0.0926343688177687,8,-0.0228920543670454,-0.225,0.338,undetermined,75
urn:mavedb:00001217-a-3#2880,NA,NA,p.Ser106Ile,-0.0569230663429009,0.301674130934869,8,0.650283242527547,0.0,0.928,patho.moderate,106
urn:mavedb:00001217-a-3#2881,NA,NA,p.Ser135Glu,1.26168119405051,0.0393864857798314,8,-0.505988977913011,-0.653,-0.419,benign.support,135
urn:mavedb:00001217-a-3#2882,NA,NA,p.Ser135Phe,-0.0824514884636703,0.301841236726202,8,0.650020359143076,0.0,0.927,patho.moderate,135
urn:mavedb:00001217-a-3#2883,NA,NA,p.Ser135Tyr,0.683782790841711,0.0191947270966535,8,0.0007600380566322,-0.051,0.062,undetermined,135
urn:mavedb:00001217-a-3#2884,NA,NA,p.Ser26Cys,0.850043628902213,0.101718180539599,8,-0.19763372211333,-0.358,0.05,undetermined,26
urn:mavedb:00001217-a-3#2885,NA,NA,p.Ser26Ter,0.0970495923529412,0.307214855850899,8,NA,NA,NA,NA,26
urn:mavedb:00001217-a-3#2886,NA,NA,p.Ser26Tyr,1.29315512559929,0.012851381877859,8,-0.565171194947133,-0.616,-0.515,benign.support,26
urn:mavedb:00001217-a-3#2887,NA,NA,p.Ser26Val,1.1017909381303,0.083475665866007,8,-0.379473636451434,-0.511,-0.277,benign.support,26
urn:mavedb:00001217-a-3#2888,NA,NA,p.Ser69Asn,-0.244673404507748,0.298172286129963,8,0.638814007620347,0.0,0.895,patho.moderate,69
urn:mavedb:00001217-a-3#2889,NA,NA,p.Ser69Asp,0.942645933995175,0.0248169951174808,8,-0.278522442470349,-0.316,-0.237,undetermined,69
urn:mavedb:00001217-a-3#2890,NA,NA,p.Ser69Ile,1.22044807240519,0.0223411414983701,8,-0.451677588251921,-0.509,-0.414,benign.support,69
urn:mavedb:00001217-a-3#2891,NA,NA,p.Ser69Val,1.13964972815469,0.181831898616323,16,-0.396059004359893,-0.687,0.0,benign.support,69
urn:mavedb:00001217-a-3#2892,NA,NA,p.Thr136Gln,0.915497853090345,0.17835970824812,8,-0.256263793815569,-0.494,0.233,undetermined,136
urn:mavedb:00001217-a-3#2893,NA,NA,p.Thr136Ile,1.22869475741089,0.189386059794056,16,-0.46108379084692,-0.701,0.0,benign.support,136
urn:mavedb:00001217-a-3#2894,NA,NA,p.Thr136Tyr,-0.0556342158388637,0.302312065883617,8,0.650308756143846,0.0,0.928,patho.moderate,136
urn:mavedb:00001217-a-3#2895,NA,NA,p.Thr138Pro,1.21250207133534,0.024085634455931,8,-0.443278283009764,-0.504,-0.408,benign.support,138
urn:mavedb:00001217-a-3#2896,NA,NA,p.Thr3Gln,0.659478705252138,0.142667831315553,8,0.0392278581192797,-0.277,0.688,undetermined,3
urn:mavedb:00001217-a-3#2897,NA,NA,p.Thr55Gln,-0.152441058034027,0.29898537330268,8,0.651290252807724,0.0,0.918,patho.moderate,55
urn:mavedb:00001217-a-3#2898,NA,NA,p.Thr55Tyr,0.440535355206088,0.114707739883466,8,0.539091650320775,0.028,0.934,patho.support,55
urn:mavedb:00001217-a-3#2899,NA,NA,p.Thr89Gln,0.413302735315666,0.317350784549681,8,0.604612119697303,-0.347,0.933,patho.support,89
urn:mavedb:00001217-a-3#2900,NA,NA,p.Thr89His,1.07855803630756,0.0235969387302351,8,-0.369814158528658,-0.389,-0.346,benign.support,89
urn:mavedb:00001217-a-3#2901,NA,NA,p.Thr89Trp,1.17827354392191,0.0488644999564863,8,-0.414827207791594,-0.525,-0.372,benign.support,89
urn:mavedb:00001217-a-3#2902,NA,NA,p.Val104Gln,0.570771514855492,0.284750044726274,8,0.213581946891922,-0.391,0.928,undetermined,104
urn:mavedb:00001217-a-3#2903,NA,NA,p.Val104Tyr,1.08527544233777,0.032819485311105,8,-0.372472043745954,-0.4,-0.339,benign.support,104
urn:mavedb:00001217-a-3#2904,NA,NA,p.Val32Ile,1.18466174133546,0.0300444789556313,8,-0.418822427579347,-0.48,-0.39,benign.support,32
urn:mavedb:00001217-a-3#2905,NA,NA,p.Val32Phe,0.704022422202357,0.281687050448081,8,-0.0283800607402178,-0.457,0.914,undetermined,32
urn:mavedb:00001217-a-3#2906,NA,NA,p.Val88Asn,-0.116914561864485,0.301560793613577,8,0.653034816551989,0.0,0.925,patho.moderate,88
