accession,hgvs_nt,hgvs_splice,hgvs_pro,score,se,df
urn:mavedb:00001217-a-4#1,NA,NA,p.Ala124=,0.966148144776987,0.17604243051519,24
urn:mavedb:00001217-a-4#2,NA,NA,p.Ala124Arg,0.953732776467018,0.117875190827375,28
urn:mavedb:00001217-a-4#3,NA,NA,p.Ala124Asn,1.04440675976475,0.0787308655875263,8
urn:mavedb:00001217-a-4#4,NA,NA,p.Ala124Asp,0.993606144265486,0.053512553681064,8
urn:mavedb:00001217-a-4#5,NA,NA,p.Ala124Cys,1.00817472006881,0.0716980123628274,8
urn:mavedb:00001217-a-4#6,NA,NA,p.Ala124Gln,0.876402884233236,0.0603653627909512,8
urn:mavedb:00001217-a-4#7,NA,NA,p.Ala124Glu,0.954465191065643,0.218044467510661,16
urn:mavedb:00001217-a-4#8,NA,NA,p.Ala124Gly,1.04635903530169,0.16231602386618,24
urn:mavedb:00001217-a-4#9,NA,NA,p.Ala124His,1.01500992341603,0.0733402965990202,8
urn:mavedb:00001217-a-4#10,NA,NA,p.Ala124Ile,0.950613774418279,0.113994315447585,8
urn:mavedb:00001217-a-4#11,NA,NA,p.Ala124Leu,0.910030829960792,0.113307740629204,28
urn:mavedb:00001217-a-4#12,NA,NA,p.Ala124Lys,1.03022065233343,0.0866163923137443,8
urn:mavedb:00001217-a-4#13,NA,NA,p.Ala124Met,0.848942047557481,0.087944289090342,8
urn:mavedb:00001217-a-4#14,NA,NA,p.Ala124Phe,0.961271898421434,0.0833873187167778,8
urn:mavedb:00001217-a-4#15,NA,NA,p.Ala124Pro,0.956913586078649,0.145480136171588,20
urn:mavedb:00001217-a-4#16,NA,NA,p.Ala124Ser,0.991017106001142,0.117636698620427,28
urn:mavedb:00001217-a-4#17,NA,NA,p.Ala124Ter,-0.392249228511817,0.306596086917167,8
urn:mavedb:00001217-a-4#18,NA,NA,p.Ala124Thr,1.07044948469045,0.134742648937417,20
urn:mavedb:00001217-a-4#19,NA,NA,p.Ala124Trp,0.916337045341489,0.0684099723061476,8
urn:mavedb:00001217-a-4#20,NA,NA,p.Ala124Tyr,1.06629504038528,0.0478858455610781,8
urn:mavedb:00001217-a-4#21,NA,NA,p.Ala124Val,0.97842722828067,0.106212513523742,24
urn:mavedb:00001217-a-4#22,NA,NA,p.Ala141=,1.08196853890158,0.166312792785219,24
urn:mavedb:00001217-a-4#23,NA,NA,p.Ala141Arg,-0.177800112479818,0.396650143919107,24
urn:mavedb:00001217-a-4#24,NA,NA,p.Ala141Asn,-0.095558502844279,0.151381716397564,8
urn:mavedb:00001217-a-4#25,NA,NA,p.Ala141Asp,0.0899925335520533,0.277301253495716,8
urn:mavedb:00001217-a-4#26,NA,NA,p.Ala141Cys,0.81895598333814,0.125997880519552,8
urn:mavedb:00001217-a-4#27,NA,NA,p.Ala141Gln,0.064773975297515,0.12939014055062,8
urn:mavedb:00001217-a-4#28,NA,NA,p.Ala141Glu,-0.0948116138996324,0.126805425399408,8
urn:mavedb:00001217-a-4#29,NA,NA,p.Ala141Gly,0.90668534846564,0.0761768005046275,16
urn:mavedb:00001217-a-4#30,NA,NA,p.Ala141His,0.0010585277587405,0.2668665647778,8
urn:mavedb:00001217-a-4#31,NA,NA,p.Ala141Ile,-0.122264508737886,0.167042244502917,8
urn:mavedb:00001217-a-4#32,NA,NA,p.Ala141Leu,0.0647112427811365,0.224616342261772,24
urn:mavedb:00001217-a-4#33,NA,NA,p.Ala141Lys,-0.227033788529755,0.0970932645624703,8
urn:mavedb:00001217-a-4#34,NA,NA,p.Ala141Met,0.31290106656079,0.136807257253238,8
urn:mavedb:00001217-a-4#35,NA,NA,p.Ala141Phe,-0.580389090346708,0.435176609038288,8
urn:mavedb:00001217-a-4#36,NA,NA,p.Ala141Pro,0.374875143675013,0.134977736048112,16
urn:mavedb:00001217-a-4#37,NA,NA,p.Ala141Ser,0.842997326550596,0.110116850545723,24
urn:mavedb:00001217-a-4#38,NA,NA,p.Ala141Ter,0.0750731625622703,0.129136981746633,8
urn:mavedb:00001217-a-4#39,NA,NA,p.Ala141Thr,0.699806735176796,0.190355391247786,16
urn:mavedb:00001217-a-4#40,NA,NA,p.Ala141Trp,-0.492530193722329,0.264997265576689,8
urn:mavedb:00001217-a-4#41,NA,NA,p.Ala141Tyr,-0.174666883594085,0.233774180507618,8
urn:mavedb:00001217-a-4#42,NA,NA,p.Ala141Val,0.233612963245897,0.10601830197222,16
urn:mavedb:00001217-a-4#43,NA,NA,p.Ala146=,0.731104590757587,0.234501923133965,20
urn:mavedb:00001217-a-4#44,NA,NA,p.Ala146Arg,0.434395084679591,0.245226024915356,24
urn:mavedb:00001217-a-4#45,NA,NA,p.Ala146Asn,0.987230749987459,0.0801920836823045,8
urn:mavedb:00001217-a-4#46,NA,NA,p.Ala146Asp,0.678938727189098,0.097163976594737,8
urn:mavedb:00001217-a-4#47,NA,NA,p.Ala146Cys,0.94949316536634,0.0608019042359678,8
urn:mavedb:00001217-a-4#48,NA,NA,p.Ala146Gln,0.318129968926667,0.119236053067656,8
urn:mavedb:00001217-a-4#49,NA,NA,p.Ala146Glu,0.608508792507872,0.192122810599635,8
urn:mavedb:00001217-a-4#50,NA,NA,p.Ala146Gly,0.659188005717346,0.168903695402797,16
urn:mavedb:00001217-a-4#51,NA,NA,p.Ala146His,0.733984594968813,0.16394972975735,8
urn:mavedb:00001217-a-4#52,NA,NA,p.Ala146Ile,0.935960566219884,0.0800921886985359,8
urn:mavedb:00001217-a-4#53,NA,NA,p.Ala146Leu,0.454369170465545,0.13914020988008,24
urn:mavedb:00001217-a-4#54,NA,NA,p.Ala146Lys,0.236368432728156,0.475052729370576,8
urn:mavedb:00001217-a-4#55,NA,NA,p.Ala146Met,0.675258105852523,0.134500991068491,8
urn:mavedb:00001217-a-4#56,NA,NA,p.Ala146Phe,1.1076710957607,0.0914558803972618,8
urn:mavedb:00001217-a-4#57,NA,NA,p.Ala146Pro,-0.274806751083158,0.288571173170735,16
urn:mavedb:00001217-a-4#58,NA,NA,p.Ala146Ser,0.863238011893136,0.207547310936474,24
urn:mavedb:00001217-a-4#59,NA,NA,p.Ala146Ter,0.341654646013555,0.437463164262628,8
urn:mavedb:00001217-a-4#60,NA,NA,p.Ala146Thr,0.804734885940517,0.166732810012058,16
urn:mavedb:00001217-a-4#61,NA,NA,p.Ala146Trp,0.698471338783137,0.133569206083817,8
urn:mavedb:00001217-a-4#62,NA,NA,p.Ala146Tyr,0.419694408429195,0.0993820352465825,8
urn:mavedb:00001217-a-4#63,NA,NA,p.Ala146Val,0.719643615229308,0.16073377923405,16
urn:mavedb:00001217-a-4#64,NA,NA,p.Ala153=,0.778876538653914,0.29008675127312,8
urn:mavedb:00001217-a-4#65,NA,NA,p.Ala153Asp,1.33136435866428,0.222956753404335,8
urn:mavedb:00001217-a-4#66,NA,NA,p.Ala153Gly,1.36859377280995,0.496209798523312,8
urn:mavedb:00001217-a-4#67,NA,NA,p.Ala153Ser,1.05587560114865,0.178551570206049,8
urn:mavedb:00001217-a-4#68,NA,NA,p.Ala153Thr,0.88794590775124,0.116028492113263,8
urn:mavedb:00001217-a-4#69,NA,NA,p.Ala153Val,0.890487568492701,0.118655530999691,8
urn:mavedb:00001217-a-4#70,NA,NA,p.Ala2=,1.00105105102236,0.311544245677168,16
urn:mavedb:00001217-a-4#71,NA,NA,p.Ala2Arg,0.930929427112489,0.148154899367924,24
urn:mavedb:00001217-a-4#72,NA,NA,p.Ala2Asn,1.01789149153789,0.167405983872424,8
urn:mavedb:00001217-a-4#73,NA,NA,p.Ala2Asp,0.534654904099405,0.154940793041961,8
urn:mavedb:00001217-a-4#74,NA,NA,p.Ala2Cys,1.00917101250776,0.0762373501154641,8
urn:mavedb:00001217-a-4#75,NA,NA,p.Ala2Gln,0.996669765524198,0.0562179218723591,8
urn:mavedb:00001217-a-4#76,NA,NA,p.Ala2Glu,1.00726010151927,0.225589057284285,8
urn:mavedb:00001217-a-4#77,NA,NA,p.Ala2Gly,1.05068273596385,0.0795306471675958,16
urn:mavedb:00001217-a-4#78,NA,NA,p.Ala2His,0.836543106822338,0.213245821402048,8
urn:mavedb:00001217-a-4#79,NA,NA,p.Ala2Ile,0.871579535561096,0.125304332779504,8
urn:mavedb:00001217-a-4#80,NA,NA,p.Ala2Leu,0.971304550859926,0.0970932821120876,24
urn:mavedb:00001217-a-4#81,NA,NA,p.Ala2Lys,1.22285448843229,0.114694353511388,8
urn:mavedb:00001217-a-4#82,NA,NA,p.Ala2Met,0.942067305589941,0.0916284662866258,8
urn:mavedb:00001217-a-4#83,NA,NA,p.Ala2Phe,0.945576251494602,0.105191384926364,8
urn:mavedb:00001217-a-4#84,NA,NA,p.Ala2Pro,0.713419418221548,0.233926963605655,16
urn:mavedb:00001217-a-4#85,NA,NA,p.Ala2Ser,1.07460787359835,0.151193166468295,24
urn:mavedb:00001217-a-4#86,NA,NA,p.Ala2Ter,-0.036230141198516,0.36400848852189,8
urn:mavedb:00001217-a-4#87,NA,NA,p.Ala2Thr,0.929881512785665,0.112136794749313,16
urn:mavedb:00001217-a-4#88,NA,NA,p.Ala2Trp,0.766963994317188,0.137063031438381,8
urn:mavedb:00001217-a-4#89,NA,NA,p.Ala2Tyr,0.854787286967128,0.233928782004414,8
urn:mavedb:00001217-a-4#90,NA,NA,p.Ala2Val,0.873631981469678,0.112725425747538,16
urn:mavedb:00001217-a-4#91,NA,NA,p.Ala5=,0.970690356071639,0.0909074945254603,24
urn:mavedb:00001217-a-4#92,NA,NA,p.Ala56=,0.989881933945157,0.0820327996038856,16
urn:mavedb:00001217-a-4#93,NA,NA,p.Ala56Arg,0.957026032051332,0.0991141005459577,24
urn:mavedb:00001217-a-4#94,NA,NA,p.Ala56Asn,0.909739122610601,0.078683623395404,8
urn:mavedb:00001217-a-4#95,NA,NA,p.Ala56Asp,0.896043581931687,0.0885285251711919,8
urn:mavedb:00001217-a-4#96,NA,NA,p.Ala56Cys,0.848604369076044,0.0770414453703639,8
urn:mavedb:00001217-a-4#97,NA,NA,p.Ala56Gln,0.950585310226663,0.0556862093825366,8
urn:mavedb:00001217-a-4#98,NA,NA,p.Ala56Glu,0.945345924520113,0.066822801887387,8
urn:mavedb:00001217-a-4#99,NA,NA,p.Ala56Gly,0.925954109569793,0.106794705942532,20
urn:mavedb:00001217-a-4#100,NA,NA,p.Ala56His,0.934949219516366,0.0552221504008111,8
urn:mavedb:00001217-a-4#101,NA,NA,p.Ala56Ile,0.916809369638222,0.0817068079215542,8
urn:mavedb:00001217-a-4#102,NA,NA,p.Ala56Leu,0.991613365044208,0.113671061603865,24
urn:mavedb:00001217-a-4#103,NA,NA,p.Ala56Lys,0.733192865723841,0.0657700704602294,8
urn:mavedb:00001217-a-4#104,NA,NA,p.Ala56Met,0.947320182207731,0.107267615344498,8
urn:mavedb:00001217-a-4#105,NA,NA,p.Ala56Phe,0.943044896941361,0.0875705794315689,8
urn:mavedb:00001217-a-4#106,NA,NA,p.Ala56Pro,-0.136300714546393,0.259842446329907,16
urn:mavedb:00001217-a-4#107,NA,NA,p.Ala56Ser,0.91201259614433,0.171478816012256,32
urn:mavedb:00001217-a-4#108,NA,NA,p.Ala56Ter,0.371733481227871,0.184630232161546,8
urn:mavedb:00001217-a-4#109,NA,NA,p.Ala56Thr,0.990228069911727,0.0926990127615726,24
urn:mavedb:00001217-a-4#110,NA,NA,p.Ala56Trp,0.811329331655886,0.0844726539486021,8
urn:mavedb:00001217-a-4#111,NA,NA,p.Ala56Tyr,0.916946139696994,0.0531624229460893,8
urn:mavedb:00001217-a-4#112,NA,NA,p.Ala56Val,0.942487307195843,0.0790333285316944,24
urn:mavedb:00001217-a-4#113,NA,NA,p.Ala5Arg,0.335755033863688,0.188261476752908,24
urn:mavedb:00001217-a-4#114,NA,NA,p.Ala5Asn,0.886512000304112,0.0751292970171271,8
urn:mavedb:00001217-a-4#115,NA,NA,p.Ala5Asp,0.257372286207061,0.440774878347351,16
urn:mavedb:00001217-a-4#116,NA,NA,p.Ala5Cys,0.98617432420832,0.0602923874386534,8
urn:mavedb:00001217-a-4#117,NA,NA,p.Ala5Gln,0.766641759173363,0.0673928355828556,8
urn:mavedb:00001217-a-4#118,NA,NA,p.Ala5Glu,0.290486246654993,0.135611252687153,8
urn:mavedb:00001217-a-4#119,NA,NA,p.Ala5Gly,1.02991253312637,0.115200525496585,24
urn:mavedb:00001217-a-4#120,NA,NA,p.Ala5His,0.697565102228116,0.11370839280749,8
urn:mavedb:00001217-a-4#121,NA,NA,p.Ala5Ile,0.655287937659162,0.0720979572098992,8
urn:mavedb:00001217-a-4#122,NA,NA,p.Ala5Leu,1.02859730432055,0.0923516339112409,24
urn:mavedb:00001217-a-4#123,NA,NA,p.Ala5Lys,-0.272754823147026,0.116108113317181,8
urn:mavedb:00001217-a-4#124,NA,NA,p.Ala5Met,0.770949251943303,0.0974522318048542,8
urn:mavedb:00001217-a-4#125,NA,NA,p.Ala5Phe,0.981332725994962,0.102872289435039,8
urn:mavedb:00001217-a-4#126,NA,NA,p.Ala5Pro,-0.398299112107516,0.227970333747072,16
urn:mavedb:00001217-a-4#127,NA,NA,p.Ala5Ser,1.02769497193837,0.07850038769451,24
urn:mavedb:00001217-a-4#128,NA,NA,p.Ala5Ter,-0.106166593714793,0.173118773318398,8
urn:mavedb:00001217-a-4#129,NA,NA,p.Ala5Thr,0.946963321347631,0.114142313443612,16
urn:mavedb:00001217-a-4#130,NA,NA,p.Ala5Trp,0.501549291473985,0.138593181613748,8
urn:mavedb:00001217-a-4#131,NA,NA,p.Ala5Tyr,1.0063614444681,0.0472014749364826,8
urn:mavedb:00001217-a-4#132,NA,NA,p.Ala5Val,1.04231478874479,0.112434249449385,24
urn:mavedb:00001217-a-4#133,NA,NA,p.Ala61=,0.939557169173876,0.0676981696903802,16
urn:mavedb:00001217-a-4#134,NA,NA,p.Ala61Arg,-0.0618992435443707,0.317845410466133,24
urn:mavedb:00001217-a-4#135,NA,NA,p.Ala61Asn,0.480231169120573,0.0814370659470242,8
urn:mavedb:00001217-a-4#136,NA,NA,p.Ala61Asp,0.126741645235152,0.171305815153836,8
urn:mavedb:00001217-a-4#137,NA,NA,p.Ala61Cys,0.868884953838026,0.0912658739393533,8
urn:mavedb:00001217-a-4#138,NA,NA,p.Ala61Gln,-0.0439037914167805,0.175911702836023,8
urn:mavedb:00001217-a-4#139,NA,NA,p.Ala61Glu,-0.123840210628114,0.194514333315018,8
urn:mavedb:00001217-a-4#140,NA,NA,p.Ala61Gly,0.556476432151503,0.192050706857897,24
urn:mavedb:00001217-a-4#141,NA,NA,p.Ala61His,-0.225356793960872,0.30198615891549,8
urn:mavedb:00001217-a-4#142,NA,NA,p.Ala61Ile,0.183707610262973,0.17269875713161,8
urn:mavedb:00001217-a-4#143,NA,NA,p.Ala61Leu,-0.0161983391738762,0.342885560407138,24
urn:mavedb:00001217-a-4#144,NA,NA,p.Ala61Lys,-0.091389485254258,0.246142805142267,8
urn:mavedb:00001217-a-4#145,NA,NA,p.Ala61Met,-0.061778330702991,0.535134241677696,8
urn:mavedb:00001217-a-4#146,NA,NA,p.Ala61Phe,0.0666591912418175,0.186168301569495,8
urn:mavedb:00001217-a-4#147,NA,NA,p.Ala61Pro,0.038079362249707,0.350425436366104,12
urn:mavedb:00001217-a-4#148,NA,NA,p.Ala61Ser,0.935079793399593,0.142436300603283,24
urn:mavedb:00001217-a-4#149,NA,NA,p.Ala61Ter,-0.215335053695198,0.205297260079488,8
urn:mavedb:00001217-a-4#150,NA,NA,p.Ala61Thr,0.670433507005719,0.198848302390403,24
urn:mavedb:00001217-a-4#151,NA,NA,p.Ala61Trp,-0.040573886838738,0.160243856680517,8
urn:mavedb:00001217-a-4#152,NA,NA,p.Ala61Tyr,-0.0352961926439685,0.149083666775629,8
urn:mavedb:00001217-a-4#153,NA,NA,p.Ala61Val,0.605437596136495,0.189508123529013,24
urn:mavedb:00001217-a-4#154,NA,NA,p.Ala90=,0.982071698983631,0.183344425685227,16
urn:mavedb:00001217-a-4#155,NA,NA,p.Ala90Arg,0.755216722238455,0.0924760595139477,24
urn:mavedb:00001217-a-4#156,NA,NA,p.Ala90Asn,0.974305936616414,0.057181020731204,8
urn:mavedb:00001217-a-4#157,NA,NA,p.Ala90Asp,0.594582322695335,0.119962398198478,8
urn:mavedb:00001217-a-4#158,NA,NA,p.Ala90Cys,0.894401978699351,0.0835264457229892,8
urn:mavedb:00001217-a-4#159,NA,NA,p.Ala90Gln,0.832363087586206,0.0819286898750304,8
urn:mavedb:00001217-a-4#160,NA,NA,p.Ala90Glu,0.830569234311908,0.0570812613961864,8
urn:mavedb:00001217-a-4#161,NA,NA,p.Ala90Gly,0.955780499820537,0.0730618954622785,16
urn:mavedb:00001217-a-4#162,NA,NA,p.Ala90His,0.549016845585031,0.109665858486109,8
urn:mavedb:00001217-a-4#163,NA,NA,p.Ala90Ile,0.982930289765986,0.167317426594239,8
urn:mavedb:00001217-a-4#164,NA,NA,p.Ala90Leu,0.863236314686125,0.102846289742122,24
urn:mavedb:00001217-a-4#165,NA,NA,p.Ala90Lys,0.863257462232472,0.0561309795385017,8
urn:mavedb:00001217-a-4#166,NA,NA,p.Ala90Met,0.900857346469463,0.0626550733994513,8
urn:mavedb:00001217-a-4#167,NA,NA,p.Ala90Phe,0.801716640248717,0.0990927272725639,8
urn:mavedb:00001217-a-4#168,NA,NA,p.Ala90Pro,0.890940737235298,0.0986095341703719,16
urn:mavedb:00001217-a-4#169,NA,NA,p.Ala90Ser,1.02486049902288,0.0917589604475443,24
urn:mavedb:00001217-a-4#170,NA,NA,p.Ala90Ter,-0.0251599677712005,0.177653283320025,8
urn:mavedb:00001217-a-4#171,NA,NA,p.Ala90Thr,0.918078930753403,0.0786811253228685,16
urn:mavedb:00001217-a-4#172,NA,NA,p.Ala90Trp,0.760215601647974,0.139459260042402,8
urn:mavedb:00001217-a-4#173,NA,NA,p.Ala90Tyr,0.576157754495501,0.0860979211129453,8
urn:mavedb:00001217-a-4#174,NA,NA,p.Ala90Val,0.947996049396903,0.080403131382999,16
urn:mavedb:00001217-a-4#175,NA,NA,p.Ala96=,0.968737433865923,0.381817338375865,16
urn:mavedb:00001217-a-4#176,NA,NA,p.Ala96Arg,0.850012268434434,0.203441036813791,24
urn:mavedb:00001217-a-4#177,NA,NA,p.Ala96Asn,0.675481992038518,0.122001959814637,8
urn:mavedb:00001217-a-4#178,NA,NA,p.Ala96Asp,0.727307446635044,0.0737660469078398,8
urn:mavedb:00001217-a-4#179,NA,NA,p.Ala96Cys,0.762439217231636,0.147828188415727,8
urn:mavedb:00001217-a-4#180,NA,NA,p.Ala96Gln,1.0691213800291,0.102659858246406,8
urn:mavedb:00001217-a-4#181,NA,NA,p.Ala96Glu,0.906532481029483,0.0826778087879082,8
urn:mavedb:00001217-a-4#182,NA,NA,p.Ala96Gly,0.791139827058851,0.138205031562803,24
urn:mavedb:00001217-a-4#183,NA,NA,p.Ala96His,0.533982267782953,0.157037693338554,8
urn:mavedb:00001217-a-4#184,NA,NA,p.Ala96Ile,0.890298557152216,0.189665259123644,8
urn:mavedb:00001217-a-4#185,NA,NA,p.Ala96Leu,0.763983271734549,0.180471281261689,24
urn:mavedb:00001217-a-4#186,NA,NA,p.Ala96Lys,0.436353346500534,0.118930310585908,8
urn:mavedb:00001217-a-4#187,NA,NA,p.Ala96Met,0.491259800863178,0.168947586733916,8
urn:mavedb:00001217-a-4#188,NA,NA,p.Ala96Phe,0.649858797204924,0.149314895794552,8
urn:mavedb:00001217-a-4#189,NA,NA,p.Ala96Pro,0.681136229910089,0.229137028665198,24
urn:mavedb:00001217-a-4#190,NA,NA,p.Ala96Ser,0.770841325344128,0.18313973497892,28
urn:mavedb:00001217-a-4#191,NA,NA,p.Ala96Thr,0.823283683374914,0.168630011063913,24
urn:mavedb:00001217-a-4#192,NA,NA,p.Ala96Trp,0.899278192551393,0.132692621750377,8
urn:mavedb:00001217-a-4#193,NA,NA,p.Ala96Val,0.79725033084227,0.123602494071061,24
urn:mavedb:00001217-a-4#194,NA,NA,p.Arg116=,0.943247721230064,0.102060018792326,32
urn:mavedb:00001217-a-4#195,NA,NA,p.Arg116Ala,-0.340651772968124,0.109439699952445,16
urn:mavedb:00001217-a-4#196,NA,NA,p.Arg116Asn,-0.254108278213722,0.129696908116522,8
urn:mavedb:00001217-a-4#197,NA,NA,p.Arg116Asp,-0.678437354335651,0.28260390863012,8
urn:mavedb:00001217-a-4#198,NA,NA,p.Arg116Cys,-0.396084742137101,0.313934817699554,16
urn:mavedb:00001217-a-4#199,NA,NA,p.Arg116Gln,-0.560655831883822,0.122440337705643,8
urn:mavedb:00001217-a-4#200,NA,NA,p.Arg116Glu,-0.508979899986931,0.226940437476084,8
urn:mavedb:00001217-a-4#201,NA,NA,p.Arg116Gly,-0.821504206610518,0.195890450926756,16
urn:mavedb:00001217-a-4#202,NA,NA,p.Arg116His,-0.248471446053825,0.180423710809484,16
urn:mavedb:00001217-a-4#203,NA,NA,p.Arg116Ile,-0.59492568335491,0.137785984223383,8
urn:mavedb:00001217-a-4#204,NA,NA,p.Arg116Leu,-0.259929484855839,0.108082443700009,24
urn:mavedb:00001217-a-4#205,NA,NA,p.Arg116Lys,0.203051514316013,0.0798060135877106,8
urn:mavedb:00001217-a-4#206,NA,NA,p.Arg116Met,-0.32493492348864,0.133971121416665,8
urn:mavedb:00001217-a-4#207,NA,NA,p.Arg116Phe,-0.437149349650018,0.164958267801111,8
urn:mavedb:00001217-a-4#208,NA,NA,p.Arg116Pro,-0.169561194314383,0.227356956154227,16
urn:mavedb:00001217-a-4#209,NA,NA,p.Arg116Ser,-0.210094064428005,0.298990306362073,32
urn:mavedb:00001217-a-4#210,NA,NA,p.Arg116Ter,-0.339901746768573,0.0806491159014874,8
urn:mavedb:00001217-a-4#211,NA,NA,p.Arg116Thr,-0.0558785285285403,0.146138670159279,16
urn:mavedb:00001217-a-4#212,NA,NA,p.Arg116Trp,-0.368634054827886,0.177062728350089,8
urn:mavedb:00001217-a-4#213,NA,NA,p.Arg116Tyr,-0.0147338243125945,0.0857063608819752,8
urn:mavedb:00001217-a-4#214,NA,NA,p.Arg116Val,-0.535666684211229,0.191363413134395,16
urn:mavedb:00001217-a-4#215,NA,NA,p.Arg144=,0.932630120173163,0.248146591687422,32
urn:mavedb:00001217-a-4#216,NA,NA,p.Arg144Ala,-0.468198742200196,0.369023575120686,16
urn:mavedb:00001217-a-4#217,NA,NA,p.Arg144Asn,-0.395148277936755,0.106114562920186,8
urn:mavedb:00001217-a-4#218,NA,NA,p.Arg144Asp,0.0850831867393955,0.184252713916749,8
urn:mavedb:00001217-a-4#219,NA,NA,p.Arg144Gln,-0.110509713467743,0.263691306709632,8
urn:mavedb:00001217-a-4#220,NA,NA,p.Arg144Glu,-0.341003968118033,0.187732799402442,8
urn:mavedb:00001217-a-4#221,NA,NA,p.Arg144Gly,0.112648790670891,0.274724551467535,16
urn:mavedb:00001217-a-4#222,NA,NA,p.Arg144Ile,-0.105297968714985,0.152151625812029,8
urn:mavedb:00001217-a-4#223,NA,NA,p.Arg144Leu,0.270692903221659,0.260514726589177,24
urn:mavedb:00001217-a-4#224,NA,NA,p.Arg144Lys,0.471025421894854,0.189701999995161,8
urn:mavedb:00001217-a-4#225,NA,NA,p.Arg144Met,0.0826443458840978,0.132398485181192,8
urn:mavedb:00001217-a-4#226,NA,NA,p.Arg144Phe,0.006179479310826,0.271932377460473,8
urn:mavedb:00001217-a-4#227,NA,NA,p.Arg144Pro,0.01750753214985,0.381434096738493,16
urn:mavedb:00001217-a-4#228,NA,NA,p.Arg144Ser,-0.226151514161688,0.377991270045823,24
urn:mavedb:00001217-a-4#229,NA,NA,p.Arg144Ter,-0.0721210819724434,0.171125246123502,8
urn:mavedb:00001217-a-4#230,NA,NA,p.Arg144Thr,0.0292176637486595,0.195568723280179,16
urn:mavedb:00001217-a-4#231,NA,NA,p.Arg144Trp,-0.077302343391507,0.127085867308019,8
urn:mavedb:00001217-a-4#232,NA,NA,p.Arg144Tyr,0.117848479216638,0.196572963599963,8
urn:mavedb:00001217-a-4#233,NA,NA,p.Arg144Val,-0.341876912856842,0.243698829975758,16
urn:mavedb:00001217-a-4#234,NA,NA,p.Arg70=,0.898035531066508,0.25066942299442,20
urn:mavedb:00001217-a-4#235,NA,NA,p.Arg70Ala,0.951925221700263,0.144923774033174,16
urn:mavedb:00001217-a-4#236,NA,NA,p.Arg70Asn,0.902548740669503,0.0746431288641193,8
urn:mavedb:00001217-a-4#237,NA,NA,p.Arg70Asp,0.958942114860669,0.0942586875404718,8
urn:mavedb:00001217-a-4#238,NA,NA,p.Arg70Cys,0.940882253703364,0.0740497114201289,8
urn:mavedb:00001217-a-4#239,NA,NA,p.Arg70Gln,0.925157394968732,0.0784888820731085,8
urn:mavedb:00001217-a-4#240,NA,NA,p.Arg70Glu,1.13676813708036,0.112799149816218,8
urn:mavedb:00001217-a-4#241,NA,NA,p.Arg70Gly,0.992635858906265,0.144812359073127,24
urn:mavedb:00001217-a-4#242,NA,NA,p.Arg70His,0.984169797589332,0.0962053145083983,8
urn:mavedb:00001217-a-4#243,NA,NA,p.Arg70Ile,1.05775079273743,0.0627702714185927,8
urn:mavedb:00001217-a-4#244,NA,NA,p.Arg70Leu,1.08427016121302,0.0573236332264883,24
urn:mavedb:00001217-a-4#245,NA,NA,p.Arg70Lys,1.00247279664263,0.103206962014163,16
urn:mavedb:00001217-a-4#246,NA,NA,p.Arg70Met,0.91348362725696,0.0984778858992863,8
urn:mavedb:00001217-a-4#247,NA,NA,p.Arg70Phe,0.972988389697222,0.0606042173915237,8
urn:mavedb:00001217-a-4#248,NA,NA,p.Arg70Pro,0.214532045269342,0.282267908615821,12
urn:mavedb:00001217-a-4#249,NA,NA,p.Arg70Ser,0.89279990833944,0.107336963346016,24
urn:mavedb:00001217-a-4#250,NA,NA,p.Arg70Ter,0.018056351951833,0.201710842131355,8
urn:mavedb:00001217-a-4#251,NA,NA,p.Arg70Thr,0.957549994995829,0.109592271408711,20
urn:mavedb:00001217-a-4#252,NA,NA,p.Arg70Trp,0.898699008447137,0.0622279776708491,8
urn:mavedb:00001217-a-4#253,NA,NA,p.Arg70Tyr,1.05014495852838,0.0787332784896433,8
urn:mavedb:00001217-a-4#254,NA,NA,p.Arg70Val,0.710409706440734,0.190383447965052,16
urn:mavedb:00001217-a-4#255,NA,NA,p.Arg80=,0.930267869254331,0.12445389653157,24
urn:mavedb:00001217-a-4#256,NA,NA,p.Arg80Ala,0.848545557715658,0.104853755682283,16
urn:mavedb:00001217-a-4#257,NA,NA,p.Arg80Asn,0.732680557856147,0.0777163798203048,8
urn:mavedb:00001217-a-4#258,NA,NA,p.Arg80Asp,-0.0102771715936195,0.207262039593032,8
urn:mavedb:00001217-a-4#259,NA,NA,p.Arg80Cys,0.888581607720061,0.0895987701782785,8
urn:mavedb:00001217-a-4#260,NA,NA,p.Arg80Gln,0.659107890817275,0.101366690282233,8
urn:mavedb:00001217-a-4#261,NA,NA,p.Arg80Glu,-0.457875794288879,0.129301593134483,8
urn:mavedb:00001217-a-4#262,NA,NA,p.Arg80Gly,-0.4645550693311,0.274104592671047,16
urn:mavedb:00001217-a-4#263,NA,NA,p.Arg80His,0.992446129190752,0.069121905397323,8
urn:mavedb:00001217-a-4#264,NA,NA,p.Arg80Ile,-0.304148725144056,0.286049830552485,8
urn:mavedb:00001217-a-4#265,NA,NA,p.Arg80Leu,-0.5286064711525,0.198342710273559,24
urn:mavedb:00001217-a-4#266,NA,NA,p.Arg80Lys,0.858512542771783,0.0569806688473701,8
urn:mavedb:00001217-a-4#267,NA,NA,p.Arg80Met,-0.492129005414293,0.168400206652204,8
urn:mavedb:00001217-a-4#268,NA,NA,p.Arg80Phe,0.398472840678341,0.118773465149745,8
urn:mavedb:00001217-a-4#269,NA,NA,p.Arg80Pro,-0.28559049051601,0.512250761619935,16
urn:mavedb:00001217-a-4#270,NA,NA,p.Arg80Ser,0.820016216913444,0.180411968583559,32
urn:mavedb:00001217-a-4#271,NA,NA,p.Arg80Ter,-0.0314195911624815,0.143448657831593,8
urn:mavedb:00001217-a-4#272,NA,NA,p.Arg80Thr,-0.126525053873907,0.250620557201689,16
urn:mavedb:00001217-a-4#273,NA,NA,p.Arg80Trp,-0.148492825943552,0.40744827643203,8
urn:mavedb:00001217-a-4#274,NA,NA,p.Arg80Tyr,-0.132786778480849,0.190444212863102,8
urn:mavedb:00001217-a-4#275,NA,NA,p.Arg80Val,-0.737381190346769,0.212217298396596,16
urn:mavedb:00001217-a-4#276,NA,NA,p.Asn132Ala,0.877493356228908,0.0875511580881337,16
urn:mavedb:00001217-a-4#277,NA,NA,p.Asn132Arg,0.95367134177141,0.102802020669537,24
urn:mavedb:00001217-a-4#278,NA,NA,p.Asn132Asp,1.1192952536431,0.0721206372775741,8
urn:mavedb:00001217-a-4#279,NA,NA,p.Asn132Cys,0.889879436951932,0.0524820297916354,8
urn:mavedb:00001217-a-4#280,NA,NA,p.Asn132Gln,0.966500694062973,0.0533256548522443,8
urn:mavedb:00001217-a-4#281,NA,NA,p.Asn132Glu,0.96779059974095,0.0763367632335174,8
urn:mavedb:00001217-a-4#282,NA,NA,p.Asn132Gly,1.04386390050196,0.055546515174866,16
urn:mavedb:00001217-a-4#283,NA,NA,p.Asn132His,0.995045242762578,0.0796479642335714,8
urn:mavedb:00001217-a-4#284,NA,NA,p.Asn132Ile,1.11421546411491,0.0841268617880565,8
urn:mavedb:00001217-a-4#285,NA,NA,p.Asn132Leu,0.952185907877985,0.128447172387583,24
urn:mavedb:00001217-a-4#286,NA,NA,p.Asn132Lys,1.0335332708035,0.0648991535547116,8
urn:mavedb:00001217-a-4#287,NA,NA,p.Asn132Met,0.999841613866616,0.0498830998639417,8
urn:mavedb:00001217-a-4#288,NA,NA,p.Asn132Phe,1.04882026419264,0.0584971659973036,8
urn:mavedb:00001217-a-4#289,NA,NA,p.Asn132Pro,0.9228565393799,0.0815289914553343,16
urn:mavedb:00001217-a-4#290,NA,NA,p.Asn132Ser,1.04656713312008,0.0818784929135068,24
urn:mavedb:00001217-a-4#291,NA,NA,p.Asn132Ter,0.227427682845462,0.120364785153862,8
urn:mavedb:00001217-a-4#292,NA,NA,p.Asn132Thr,0.968219569120792,0.0776549204261515,16
urn:mavedb:00001217-a-4#293,NA,NA,p.Asn132Trp,0.921509804996036,0.0919937411068496,8
urn:mavedb:00001217-a-4#294,NA,NA,p.Asn132Tyr,0.819309168953021,0.0903372607328403,8
urn:mavedb:00001217-a-4#295,NA,NA,p.Asn132Val,0.97037580446684,0.0563678099826264,16
urn:mavedb:00001217-a-4#296,NA,NA,p.Asn140=,0.882042271729555,0.106261422113131,8
urn:mavedb:00001217-a-4#297,NA,NA,p.Asn140Ala,0.884256342201571,0.101078191980518,16
urn:mavedb:00001217-a-4#298,NA,NA,p.Asn140Arg,0.862924236100511,0.12156687867285,24
urn:mavedb:00001217-a-4#299,NA,NA,p.Asn140Asp,0.938325163466705,0.0602411199848923,8
urn:mavedb:00001217-a-4#300,NA,NA,p.Asn140Cys,0.994682035785946,0.0890123335960639,8
urn:mavedb:00001217-a-4#301,NA,NA,p.Asn140Gln,0.902869213748152,0.168826275456609,8
urn:mavedb:00001217-a-4#302,NA,NA,p.Asn140Glu,1.19366636560337,0.126417976726729,8
urn:mavedb:00001217-a-4#303,NA,NA,p.Asn140Gly,1.00369812321775,0.146876831938271,16
urn:mavedb:00001217-a-4#304,NA,NA,p.Asn140His,0.880979423799585,0.0661885982224224,8
urn:mavedb:00001217-a-4#305,NA,NA,p.Asn140Ile,0.737122544156222,0.131601136882897,8
urn:mavedb:00001217-a-4#306,NA,NA,p.Asn140Leu,0.932984598645036,0.182676235126081,24
urn:mavedb:00001217-a-4#307,NA,NA,p.Asn140Lys,0.862193449083972,0.192275610772699,16
urn:mavedb:00001217-a-4#308,NA,NA,p.Asn140Met,0.990565445239883,0.0964410637116028,8
urn:mavedb:00001217-a-4#309,NA,NA,p.Asn140Phe,1.01570697544549,0.0941414306886624,8
urn:mavedb:00001217-a-4#310,NA,NA,p.Asn140Pro,-0.142950250709303,0.369488090793717,12
urn:mavedb:00001217-a-4#311,NA,NA,p.Asn140Ser,0.885374074253644,0.172427742550943,32
urn:mavedb:00001217-a-4#312,NA,NA,p.Asn140Ter,0.491614844828791,0.228580817509172,8
urn:mavedb:00001217-a-4#313,NA,NA,p.Asn140Thr,1.03551459387034,0.0827307825510165,16
urn:mavedb:00001217-a-4#314,NA,NA,p.Asn140Trp,0.598250749349369,0.404445493133127,8
urn:mavedb:00001217-a-4#315,NA,NA,p.Asn140Tyr,0.893170425051208,0.115712405768306,8
urn:mavedb:00001217-a-4#316,NA,NA,p.Asn140Val,0.805744149343251,0.153393761692394,16
urn:mavedb:00001217-a-4#317,NA,NA,p.Asn20Ala,0.960986430673102,0.216291745918897,16
urn:mavedb:00001217-a-4#318,NA,NA,p.Asn20Arg,1.00633895366019,0.153619921259685,24
urn:mavedb:00001217-a-4#319,NA,NA,p.Asn20Asp,1.03766562224862,0.150814954264809,8
urn:mavedb:00001217-a-4#320,NA,NA,p.Asn20Cys,0.853762761602035,0.0948134749403625,8
urn:mavedb:00001217-a-4#321,NA,NA,p.Asn20Gln,0.865920392439171,0.163762421609884,8
urn:mavedb:00001217-a-4#322,NA,NA,p.Asn20Glu,1.09201946340439,0.091702280545374,8
urn:mavedb:00001217-a-4#323,NA,NA,p.Asn20Gly,0.935176397295049,0.139906102756816,16
urn:mavedb:00001217-a-4#324,NA,NA,p.Asn20His,0.872596934661313,0.0959455651835417,8
urn:mavedb:00001217-a-4#325,NA,NA,p.Asn20Ile,0.838892629540054,0.13147448525136,8
urn:mavedb:00001217-a-4#326,NA,NA,p.Asn20Leu,0.965198136845416,0.173202062005545,24
urn:mavedb:00001217-a-4#327,NA,NA,p.Asn20Lys,1.07192029633948,0.0892530979715132,8
urn:mavedb:00001217-a-4#328,NA,NA,p.Asn20Met,1.05589261204142,0.0962747399621005,8
urn:mavedb:00001217-a-4#329,NA,NA,p.Asn20Ser,0.883660509830865,0.142923314883379,24
urn:mavedb:00001217-a-4#330,NA,NA,p.Asn20Thr,0.829778532567395,0.145579905070336,16
urn:mavedb:00001217-a-4#331,NA,NA,p.Asn20Trp,0.926200953404636,0.105114686486759,8
urn:mavedb:00001217-a-4#332,NA,NA,p.Asn20Tyr,1.10173708016459,0.110853876845157,8
urn:mavedb:00001217-a-4#333,NA,NA,p.Asn20Val,0.836085976325336,0.170058759654552,16
urn:mavedb:00001217-a-4#334,NA,NA,p.Asn27=,1.30098019584618,1.83656451798667,4
urn:mavedb:00001217-a-4#335,NA,NA,p.Asn27Ala,0.942176959833233,0.161093448538661,8
urn:mavedb:00001217-a-4#336,NA,NA,p.Asn27Arg,0.77900613794859,0.293629117562631,24
urn:mavedb:00001217-a-4#337,NA,NA,p.Asn27Asp,1.15615800161792,0.385381626418409,8
urn:mavedb:00001217-a-4#338,NA,NA,p.Asn27Cys,1.07485259043234,0.119586307757785,8
urn:mavedb:00001217-a-4#339,NA,NA,p.Asn27Gln,0.600451377928067,0.180556232426868,8
urn:mavedb:00001217-a-4#340,NA,NA,p.Asn27Gly,0.946032871116711,0.190922896528153,16
urn:mavedb:00001217-a-4#341,NA,NA,p.Asn27His,1.09216560351472,0.170704751512852,8
urn:mavedb:00001217-a-4#342,NA,NA,p.Asn27Leu,0.965072523811882,0.168374040553547,24
urn:mavedb:00001217-a-4#343,NA,NA,p.Asn27Lys,1.09329020622115,0.105548628415215,8
urn:mavedb:00001217-a-4#344,NA,NA,p.Asn27Met,0.896650922081267,0.0937217162374477,8
urn:mavedb:00001217-a-4#345,NA,NA,p.Asn27Phe,1.27613502525718,0.174105666321525,8
urn:mavedb:00001217-a-4#346,NA,NA,p.Asn27Pro,1.07599841493578,0.187035342566605,16
urn:mavedb:00001217-a-4#347,NA,NA,p.Asn27Ser,1.10325232608025,0.132923698110993,24
urn:mavedb:00001217-a-4#348,NA,NA,p.Asn27Thr,0.758010509503211,0.247381733676542,16
urn:mavedb:00001217-a-4#349,NA,NA,p.Asn27Trp,0.870576689472281,0.219845456921166,8
urn:mavedb:00001217-a-4#350,NA,NA,p.Asn27Tyr,0.963234211570766,0.11434169746667,8
urn:mavedb:00001217-a-4#351,NA,NA,p.Asn27Val,1.03471941312513,0.15317038715944,16
urn:mavedb:00001217-a-4#352,NA,NA,p.Asn54Ala,1.04675098407778,0.0711150338670947,16
urn:mavedb:00001217-a-4#353,NA,NA,p.Asn54Arg,0.923700948578452,0.0622943295378186,24
urn:mavedb:00001217-a-4#354,NA,NA,p.Asn54Asp,0.538579701786499,0.177833474634119,8
urn:mavedb:00001217-a-4#355,NA,NA,p.Asn54Cys,0.844295846950806,0.0537190372598597,8
urn:mavedb:00001217-a-4#356,NA,NA,p.Asn54Gln,1.02968165401405,0.0464203378978573,8
urn:mavedb:00001217-a-4#357,NA,NA,p.Asn54Glu,1.04033474864085,0.048274086383993,8
urn:mavedb:00001217-a-4#358,NA,NA,p.Asn54Gly,1.03532776789918,0.132031941851186,16
urn:mavedb:00001217-a-4#359,NA,NA,p.Asn54His,1.05976337607559,0.0432560101305156,8
urn:mavedb:00001217-a-4#360,NA,NA,p.Asn54Ile,1.04814165035491,0.0560395562004255,8
urn:mavedb:00001217-a-4#361,NA,NA,p.Asn54Leu,1.05056598858227,0.0730444545251614,24
urn:mavedb:00001217-a-4#362,NA,NA,p.Asn54Lys,0.896794445753938,0.0321072441808276,8
urn:mavedb:00001217-a-4#363,NA,NA,p.Asn54Met,1.13739300023204,0.0427736109770129,8
urn:mavedb:00001217-a-4#364,NA,NA,p.Asn54Phe,0.996722895705175,0.0680711456722101,8
urn:mavedb:00001217-a-4#365,NA,NA,p.Asn54Pro,0.966880831512218,0.0603581887333543,16
urn:mavedb:00001217-a-4#366,NA,NA,p.Asn54Ser,1.04666730185503,0.104200534304637,24
urn:mavedb:00001217-a-4#367,NA,NA,p.Asn54Ter,0.16621992820629,0.121839618129019,8
urn:mavedb:00001217-a-4#368,NA,NA,p.Asn54Thr,1.04418920996533,0.0702007899226239,16
urn:mavedb:00001217-a-4#369,NA,NA,p.Asn54Trp,0.953323696880956,0.0584722340241333,8
urn:mavedb:00001217-a-4#370,NA,NA,p.Asn54Tyr,0.855219858434814,0.0673194599965871,8
urn:mavedb:00001217-a-4#371,NA,NA,p.Asn54Val,1.0015212433104,0.0842380301598331,16
urn:mavedb:00001217-a-4#372,NA,NA,p.Asn66Ala,0.97489261836955,0.089444204969521,16
urn:mavedb:00001217-a-4#373,NA,NA,p.Asn66Arg,0.846264794759724,0.108864037027323,24
urn:mavedb:00001217-a-4#374,NA,NA,p.Asn66Asp,1.04107988056813,0.0835757126617776,8
urn:mavedb:00001217-a-4#375,NA,NA,p.Asn66Cys,1.03453168293776,0.0765532718808599,8
urn:mavedb:00001217-a-4#376,NA,NA,p.Asn66Gln,0.996708404538273,0.0635723379009219,8
urn:mavedb:00001217-a-4#377,NA,NA,p.Asn66Glu,1.02453699117755,0.0459436767446081,8
urn:mavedb:00001217-a-4#378,NA,NA,p.Asn66Gly,0.924198890672006,0.0547228478572554,16
urn:mavedb:00001217-a-4#379,NA,NA,p.Asn66His,0.823990696009985,0.0798249886492759,8
urn:mavedb:00001217-a-4#380,NA,NA,p.Asn66Leu,0.57483067785907,0.187286081561048,24
urn:mavedb:00001217-a-4#381,NA,NA,p.Asn66Lys,0.701760698576178,0.0697953255377722,8
urn:mavedb:00001217-a-4#382,NA,NA,p.Asn66Met,1.01811277561673,0.0405232185294838,8
urn:mavedb:00001217-a-4#383,NA,NA,p.Asn66Phe,0.701904723205788,0.154115084418419,8
urn:mavedb:00001217-a-4#384,NA,NA,p.Asn66Pro,0.442871233857334,0.466268826030201,12
urn:mavedb:00001217-a-4#385,NA,NA,p.Asn66Ser,1.02557044091143,0.103354409104908,24
urn:mavedb:00001217-a-4#386,NA,NA,p.Asn66Ter,-0.198984124998498,0.119566851112246,8
urn:mavedb:00001217-a-4#387,NA,NA,p.Asn66Thr,0.875170367045447,0.18193366702068,16
urn:mavedb:00001217-a-4#388,NA,NA,p.Asn66Trp,0.191048654343259,0.115421753290012,8
urn:mavedb:00001217-a-4#389,NA,NA,p.Asn66Tyr,0.678516872133272,1.14440404223597,8
urn:mavedb:00001217-a-4#390,NA,NA,p.Asn66Val,0.636282723657809,0.163995832713431,16
urn:mavedb:00001217-a-4#391,NA,NA,p.Asn87=,0.723545725055936,0.668516604569818,8
urn:mavedb:00001217-a-4#392,NA,NA,p.Asn87Ala,0.792286354553667,0.0894704975702393,16
urn:mavedb:00001217-a-4#393,NA,NA,p.Asn87Arg,0.136384104248174,0.144503979836992,24
urn:mavedb:00001217-a-4#394,NA,NA,p.Asn87Asp,0.829374725975363,0.0403454454091274,8
urn:mavedb:00001217-a-4#395,NA,NA,p.Asn87Cys,0.948527601964412,0.0511466029567916,8
urn:mavedb:00001217-a-4#396,NA,NA,p.Asn87Gln,0.804827903173613,0.073444857084535,8
urn:mavedb:00001217-a-4#397,NA,NA,p.Asn87Glu,0.282888012291065,0.0603693864521101,8
urn:mavedb:00001217-a-4#398,NA,NA,p.Asn87Gly,0.481583887568585,0.0606874226140991,16
urn:mavedb:00001217-a-4#399,NA,NA,p.Asn87His,0.881230072986264,0.04945978180934,8
urn:mavedb:00001217-a-4#400,NA,NA,p.Asn87Ile,0.493687199736439,0.0573542864910785,8
urn:mavedb:00001217-a-4#401,NA,NA,p.Asn87Leu,-0.123730720926894,0.113026976294042,24
urn:mavedb:00001217-a-4#402,NA,NA,p.Asn87Lys,-0.275941391539452,0.154697032514822,8
urn:mavedb:00001217-a-4#403,NA,NA,p.Asn87Met,0.936176750628928,0.0409432011909877,8
urn:mavedb:00001217-a-4#404,NA,NA,p.Asn87Phe,-0.237672042089195,0.134809572778968,8
urn:mavedb:00001217-a-4#405,NA,NA,p.Asn87Pro,-0.389090293253512,0.220354627986285,16
urn:mavedb:00001217-a-4#406,NA,NA,p.Asn87Ser,0.912283185062688,0.0595647889833578,24
urn:mavedb:00001217-a-4#407,NA,NA,p.Asn87Ter,-0.264819876268701,0.0954793823097238,8
urn:mavedb:00001217-a-4#408,NA,NA,p.Asn87Thr,0.71953492348337,0.0498131774956033,16
urn:mavedb:00001217-a-4#409,NA,NA,p.Asn87Trp,-0.293529336629616,0.121152752093312,8
urn:mavedb:00001217-a-4#410,NA,NA,p.Asn87Tyr,-0.308983220080046,0.119357572272017,8
urn:mavedb:00001217-a-4#411,NA,NA,p.Asn87Val,0.807242076181367,0.0609369124045657,16
urn:mavedb:00001217-a-4#412,NA,NA,p.Asp102Ala,0.922695716891785,0.0967904845619096,16
urn:mavedb:00001217-a-4#413,NA,NA,p.Asp102Arg,0.742615139073114,0.116302787397802,24
urn:mavedb:00001217-a-4#414,NA,NA,p.Asp102Asn,1.03342781311447,0.127053554600233,8
urn:mavedb:00001217-a-4#415,NA,NA,p.Asp102Cys,0.928960957984808,0.0482189810548754,8
urn:mavedb:00001217-a-4#416,NA,NA,p.Asp102Gln,0.8939858911816,0.0916082378312988,8
urn:mavedb:00001217-a-4#417,NA,NA,p.Asp102Glu,1.00822378639742,0.0687638600928653,8
urn:mavedb:00001217-a-4#418,NA,NA,p.Asp102Gly,0.985283689099708,0.0680431667262552,16
urn:mavedb:00001217-a-4#419,NA,NA,p.Asp102His,0.795400079447255,0.104743042172347,8
urn:mavedb:00001217-a-4#420,NA,NA,p.Asp102Ile,0.968987920456871,0.0994931419036382,8
urn:mavedb:00001217-a-4#421,NA,NA,p.Asp102Leu,0.858372141289481,0.125012815682535,24
urn:mavedb:00001217-a-4#422,NA,NA,p.Asp102Lys,0.715870551639801,0.0822986441868415,8
urn:mavedb:00001217-a-4#423,NA,NA,p.Asp102Met,0.972176363396399,0.101542112100576,8
urn:mavedb:00001217-a-4#424,NA,NA,p.Asp102Phe,1.16211231671106,0.0615554909304817,8
urn:mavedb:00001217-a-4#425,NA,NA,p.Asp102Pro,1.02249067651958,0.169914514732264,16
urn:mavedb:00001217-a-4#426,NA,NA,p.Asp102Ser,0.864421971571213,0.129591201365174,24
urn:mavedb:00001217-a-4#427,NA,NA,p.Asp102Ter,0.0359569571448515,0.312556062616234,8
urn:mavedb:00001217-a-4#428,NA,NA,p.Asp102Thr,0.553972205508406,0.136541426947701,16
urn:mavedb:00001217-a-4#429,NA,NA,p.Asp102Trp,0.88418332390248,0.145391988775253,8
urn:mavedb:00001217-a-4#430,NA,NA,p.Asp102Tyr,0.932963582741813,0.134811157221832,8
urn:mavedb:00001217-a-4#431,NA,NA,p.Asp102Val,0.77540121225163,0.100507441276952,16
urn:mavedb:00001217-a-4#432,NA,NA,p.Asp110=,1.06426591057892,0.0689399641821526,8
urn:mavedb:00001217-a-4#433,NA,NA,p.Asp110Ala,0.99660252947755,0.094304771774295,16
urn:mavedb:00001217-a-4#434,NA,NA,p.Asp110Arg,0.964434468689132,0.13591344516235,24
urn:mavedb:00001217-a-4#435,NA,NA,p.Asp110Asn,1.08298093598054,0.113611973366034,8
urn:mavedb:00001217-a-4#436,NA,NA,p.Asp110Cys,0.826415808815242,0.170481679285013,8
urn:mavedb:00001217-a-4#437,NA,NA,p.Asp110Gln,0.951590169454097,0.111977083250658,8
urn:mavedb:00001217-a-4#438,NA,NA,p.Asp110Glu,0.942859948717655,0.0789171050786001,8
urn:mavedb:00001217-a-4#439,NA,NA,p.Asp110Gly,0.981604803632761,0.0594338498388989,16
urn:mavedb:00001217-a-4#440,NA,NA,p.Asp110His,0.95323468672539,0.10365504123461,8
urn:mavedb:00001217-a-4#441,NA,NA,p.Asp110Ile,0.849455211473918,0.102212681259292,8
urn:mavedb:00001217-a-4#442,NA,NA,p.Asp110Leu,0.854531544487424,0.170742655972297,24
urn:mavedb:00001217-a-4#443,NA,NA,p.Asp110Lys,0.946306295827607,0.139180853798942,8
urn:mavedb:00001217-a-4#444,NA,NA,p.Asp110Met,0.915236888975665,0.0678645107152967,8
urn:mavedb:00001217-a-4#445,NA,NA,p.Asp110Phe,0.735236182757281,0.0663564895802068,8
urn:mavedb:00001217-a-4#446,NA,NA,p.Asp110Pro,0.856683407453356,0.117532355371792,16
urn:mavedb:00001217-a-4#447,NA,NA,p.Asp110Ser,0.987131303249439,0.120023777663896,24
urn:mavedb:00001217-a-4#448,NA,NA,p.Asp110Ter,0.524598720368705,0.222166909345191,8
urn:mavedb:00001217-a-4#449,NA,NA,p.Asp110Thr,0.901208410365874,0.168708960353871,16
urn:mavedb:00001217-a-4#450,NA,NA,p.Asp110Trp,1.008759323286,0.0995303794414596,8
urn:mavedb:00001217-a-4#451,NA,NA,p.Asp110Tyr,0.740681799461083,0.165093431473067,16
urn:mavedb:00001217-a-4#452,NA,NA,p.Asp110Val,1.00953900778258,0.0833942037555714,16
urn:mavedb:00001217-a-4#453,NA,NA,p.Asp12=,0.94391066330462,0.0776237847857953,8
urn:mavedb:00001217-a-4#454,NA,NA,p.Asp125Ala,-0.240474107871094,0.209985090890588,16
urn:mavedb:00001217-a-4#455,NA,NA,p.Asp125Arg,0.0018580970470415,0.145929980126369,24
urn:mavedb:00001217-a-4#456,NA,NA,p.Asp125Asn,0.394018360301245,0.77110748884425,8
urn:mavedb:00001217-a-4#457,NA,NA,p.Asp125Cys,0.760056184355164,0.0850521874223514,8
urn:mavedb:00001217-a-4#458,NA,NA,p.Asp125Gln,-0.154741277304424,0.358666340887998,8
urn:mavedb:00001217-a-4#459,NA,NA,p.Asp125Glu,0.137686927420602,0.0942578823716903,8
urn:mavedb:00001217-a-4#460,NA,NA,p.Asp125Gly,-0.249314116954186,0.1508508466305,16
urn:mavedb:00001217-a-4#461,NA,NA,p.Asp125His,-0.120166315443251,0.277242716727131,8
urn:mavedb:00001217-a-4#462,NA,NA,p.Asp125Ile,-0.236442770150127,0.139904506720161,8
urn:mavedb:00001217-a-4#463,NA,NA,p.Asp125Leu,-0.219898051940043,0.438090335771152,24
urn:mavedb:00001217-a-4#464,NA,NA,p.Asp125Lys,0.025916065158469,0.227859193557181,8
urn:mavedb:00001217-a-4#465,NA,NA,p.Asp125Met,0.481975728866373,0.392720188750777,8
urn:mavedb:00001217-a-4#466,NA,NA,p.Asp125Phe,0.166661972697303,0.325379628621742,8
urn:mavedb:00001217-a-4#467,NA,NA,p.Asp125Pro,0.427172496484536,0.229676144080835,16
urn:mavedb:00001217-a-4#468,NA,NA,p.Asp125Ser,0.097731877848424,0.164509266877919,24
urn:mavedb:00001217-a-4#469,NA,NA,p.Asp125Ter,0.150480757424576,0.158251201573057,8
urn:mavedb:00001217-a-4#470,NA,NA,p.Asp125Thr,-0.140734098112332,0.362386036790828,16
urn:mavedb:00001217-a-4#471,NA,NA,p.Asp125Trp,-0.239422226929405,0.118914017770316,8
urn:mavedb:00001217-a-4#472,NA,NA,p.Asp125Val,-0.232351058909414,0.240863575559341,16
urn:mavedb:00001217-a-4#473,NA,NA,p.Asp126=,1.0870841073597,0.108534448747421,8
urn:mavedb:00001217-a-4#474,NA,NA,p.Asp126Ala,0.0398434627754425,0.243085936127511,16
urn:mavedb:00001217-a-4#475,NA,NA,p.Asp126Arg,-0.131093365123158,0.376722585302857,20
urn:mavedb:00001217-a-4#476,NA,NA,p.Asp126Asn,0.64051150466617,0.167928488390629,8
urn:mavedb:00001217-a-4#477,NA,NA,p.Asp126Cys,0.733293285047939,0.130348080845403,8
urn:mavedb:00001217-a-4#478,NA,NA,p.Asp126Gln,0.523447369473597,0.118185153802683,8
urn:mavedb:00001217-a-4#479,NA,NA,p.Asp126Glu,0.420117431681651,0.177433051099223,12
urn:mavedb:00001217-a-4#480,NA,NA,p.Asp126Gly,-0.217904000117277,0.206762077343603,16
urn:mavedb:00001217-a-4#481,NA,NA,p.Asp126His,1.06076618105318,0.333330721309341,8
urn:mavedb:00001217-a-4#482,NA,NA,p.Asp126Leu,-0.075424847383735,0.30160598108214,12
urn:mavedb:00001217-a-4#483,NA,NA,p.Asp126Lys,-0.34011845411672,0.183461418895696,8
urn:mavedb:00001217-a-4#484,NA,NA,p.Asp126Met,0.468507723501083,0.148270011424332,8
urn:mavedb:00001217-a-4#485,NA,NA,p.Asp126Phe,0.006808088980126,0.322321074625837,8
urn:mavedb:00001217-a-4#486,NA,NA,p.Asp126Ser,0.646986269284616,0.204305108444049,24
urn:mavedb:00001217-a-4#487,NA,NA,p.Asp126Ter,-0.0697388621496821,0.118981773547533,8
urn:mavedb:00001217-a-4#488,NA,NA,p.Asp126Thr,0.489030720859122,0.192959831986671,16
urn:mavedb:00001217-a-4#489,NA,NA,p.Asp126Trp,-0.041070224593749,0.415891273186133,8
urn:mavedb:00001217-a-4#490,NA,NA,p.Asp126Tyr,-0.711102404878317,0.866976848948752,8
urn:mavedb:00001217-a-4#491,NA,NA,p.Asp126Val,-0.0904428390905787,0.239907572196615,16
urn:mavedb:00001217-a-4#492,NA,NA,p.Asp12Ala,0.973489645680734,0.0557118516026236,16
urn:mavedb:00001217-a-4#493,NA,NA,p.Asp12Arg,1.01101377072925,0.135690579112727,24
urn:mavedb:00001217-a-4#494,NA,NA,p.Asp12Asn,0.967683798062027,0.168067808526506,16
urn:mavedb:00001217-a-4#495,NA,NA,p.Asp12Cys,0.851300776180364,0.144128846980583,8
urn:mavedb:00001217-a-4#496,NA,NA,p.Asp12Gln,1.20250326086188,0.0946026774325366,8
urn:mavedb:00001217-a-4#497,NA,NA,p.Asp12Glu,1.15507123006795,0.168440503681123,16
urn:mavedb:00001217-a-4#498,NA,NA,p.Asp12Gly,0.989004681169592,0.137142599848264,24
urn:mavedb:00001217-a-4#499,NA,NA,p.Asp12His,1.05176752297104,0.0886726321122998,8
urn:mavedb:00001217-a-4#500,NA,NA,p.Asp12Ile,0.98833111217834,0.144472364970295,8
urn:mavedb:00001217-a-4#501,NA,NA,p.Asp12Leu,0.891739162100006,0.152277868733201,24
urn:mavedb:00001217-a-4#502,NA,NA,p.Asp12Lys,0.92871745747917,0.0821032325684973,8
urn:mavedb:00001217-a-4#503,NA,NA,p.Asp12Met,0.975684218977903,0.0648398315583547,8
urn:mavedb:00001217-a-4#504,NA,NA,p.Asp12Phe,0.844791915168849,0.0885590815062978,8
urn:mavedb:00001217-a-4#505,NA,NA,p.Asp12Pro,1.07113836709608,0.142458669122718,16
urn:mavedb:00001217-a-4#506,NA,NA,p.Asp12Ser,1.02564656316222,0.134377872100239,24
urn:mavedb:00001217-a-4#507,NA,NA,p.Asp12Ter,0.31197654739427,0.65181288336691,8
urn:mavedb:00001217-a-4#508,NA,NA,p.Asp12Thr,1.00034720992768,0.134963234490938,16
urn:mavedb:00001217-a-4#509,NA,NA,p.Asp12Trp,1.04412944671588,0.1351871214403,8
urn:mavedb:00001217-a-4#510,NA,NA,p.Asp12Tyr,0.904496418223453,0.0972032632407474,8
urn:mavedb:00001217-a-4#511,NA,NA,p.Asp12Val,0.975719936421056,0.0589489585962902,16
urn:mavedb:00001217-a-4#512,NA,NA,p.Asp53=,0.281386817812096,0.780061012451084,8
urn:mavedb:00001217-a-4#513,NA,NA,p.Asp53Ala,0.28717818178003,0.257117557795589,8
urn:mavedb:00001217-a-4#514,NA,NA,p.Asp53Asn,0.81533702084056,0.308961381921581,8
urn:mavedb:00001217-a-4#515,NA,NA,p.Asp53Cys,0.274055107946452,0.165801046767722,8
urn:mavedb:00001217-a-4#516,NA,NA,p.Asp53Glu,0.445914236328973,0.0647814421145817,8
urn:mavedb:00001217-a-4#517,NA,NA,p.Asp53Gly,-0.240424044954401,0.398363232573243,12
urn:mavedb:00001217-a-4#518,NA,NA,p.Asp53His,1.24623423760826,1.44398231528423,4
urn:mavedb:00001217-a-4#519,NA,NA,p.Asp53Leu,-0.566494334440844,0.282871613219309,8
urn:mavedb:00001217-a-4#520,NA,NA,p.Asp53Met,-0.495501194646454,0.344638879401106,4
urn:mavedb:00001217-a-4#521,NA,NA,p.Asp53Phe,-0.562478437606937,0.959137376163172,8
urn:mavedb:00001217-a-4#522,NA,NA,p.Asp53Ser,0.274093834543033,0.284887275072186,24
urn:mavedb:00001217-a-4#523,NA,NA,p.Asp53Val,-0.414053233271689,0.223837944519585,8
urn:mavedb:00001217-a-4#524,NA,NA,p.Asp77Ala,0.902208175956229,0.0754316051184336,16
urn:mavedb:00001217-a-4#525,NA,NA,p.Asp77Arg,1.00132820635508,0.0849070847459527,24
urn:mavedb:00001217-a-4#526,NA,NA,p.Asp77Asn,0.945646983022507,0.103517098347987,8
urn:mavedb:00001217-a-4#527,NA,NA,p.Asp77Cys,0.780525423589647,0.0777944922554679,8
urn:mavedb:00001217-a-4#528,NA,NA,p.Asp77Gln,0.972580871695848,0.0620197340564413,8
urn:mavedb:00001217-a-4#529,NA,NA,p.Asp77Glu,1.04315502921437,0.106472418826694,8
urn:mavedb:00001217-a-4#530,NA,NA,p.Asp77Gly,1.07027558083329,0.0538351217685684,16
urn:mavedb:00001217-a-4#531,NA,NA,p.Asp77His,0.982506046379862,0.0786432908200431,8
urn:mavedb:00001217-a-4#532,NA,NA,p.Asp77Ile,0.82673818094606,0.104134030288525,8
urn:mavedb:00001217-a-4#533,NA,NA,p.Asp77Leu,1.05196742516766,0.0916673455942662,24
urn:mavedb:00001217-a-4#534,NA,NA,p.Asp77Lys,0.497165199149471,0.664778811713343,8
urn:mavedb:00001217-a-4#535,NA,NA,p.Asp77Met,1.03442743500159,0.149977082986163,8
urn:mavedb:00001217-a-4#536,NA,NA,p.Asp77Phe,0.979471171870908,0.0750909465351225,8
urn:mavedb:00001217-a-4#537,NA,NA,p.Asp77Pro,0.798253136395024,0.0880489362795733,16
urn:mavedb:00001217-a-4#538,NA,NA,p.Asp77Ser,1.04634133563454,0.0989582536896621,24
urn:mavedb:00001217-a-4#539,NA,NA,p.Asp77Ter,-0.108510019468712,0.427455994808183,8
urn:mavedb:00001217-a-4#540,NA,NA,p.Asp77Thr,1.05160632920801,0.0839983057397389,16
urn:mavedb:00001217-a-4#541,NA,NA,p.Asp77Trp,0.983006949801036,0.0336315100581587,8
urn:mavedb:00001217-a-4#542,NA,NA,p.Asp77Tyr,0.899757427131218,0.1129712995463,8
urn:mavedb:00001217-a-4#543,NA,NA,p.Asp77Val,1.0891931442569,0.0837013225421858,16
urn:mavedb:00001217-a-4#544,NA,NA,p.Asp84=,0.892878094362311,0.0705125936356828,8
urn:mavedb:00001217-a-4#545,NA,NA,p.Asp84Ala,-0.177625960226184,0.477141253711301,20
urn:mavedb:00001217-a-4#546,NA,NA,p.Asp84Arg,-0.0025162277485844,0.339533980568395,24
urn:mavedb:00001217-a-4#547,NA,NA,p.Asp84Asn,-0.592888026126259,0.720506587217137,8
urn:mavedb:00001217-a-4#548,NA,NA,p.Asp84Cys,0.237542078212217,0.231916616848985,8
urn:mavedb:00001217-a-4#549,NA,NA,p.Asp84Gln,0.348485876535985,0.320626706163026,8
urn:mavedb:00001217-a-4#550,NA,NA,p.Asp84Glu,-0.0121911685304375,0.383316930037016,12
urn:mavedb:00001217-a-4#551,NA,NA,p.Asp84Gly,0.0954797207890989,0.155388695176724,16
urn:mavedb:00001217-a-4#552,NA,NA,p.Asp84His,-0.0394749748784889,0.573803503926067,8
urn:mavedb:00001217-a-4#553,NA,NA,p.Asp84Ile,0.165403736802248,0.233305666697871,8
urn:mavedb:00001217-a-4#554,NA,NA,p.Asp84Leu,-0.0054815989476044,0.348314467004398,16
urn:mavedb:00001217-a-4#555,NA,NA,p.Asp84Lys,-0.82264791961151,0.641170986516799,8
urn:mavedb:00001217-a-4#556,NA,NA,p.Asp84Met,0.0272180560976796,0.166614042304585,8
urn:mavedb:00001217-a-4#557,NA,NA,p.Asp84Phe,-0.127039620510007,0.196935751452065,8
urn:mavedb:00001217-a-4#558,NA,NA,p.Asp84Pro,-0.563314594019554,0.627760754199471,8
urn:mavedb:00001217-a-4#559,NA,NA,p.Asp84Ser,0.159363199957299,0.364859416102168,24
urn:mavedb:00001217-a-4#560,NA,NA,p.Asp84Ter,0.180517814632399,0.262080252095085,8
urn:mavedb:00001217-a-4#561,NA,NA,p.Asp84Thr,0.0268881268101675,0.393879009128108,16
urn:mavedb:00001217-a-4#562,NA,NA,p.Asp84Trp,-0.075587149116094,0.381085639602201,8
urn:mavedb:00001217-a-4#563,NA,NA,p.Asp84Tyr,-0.744461902061926,0.44188405599054,8
urn:mavedb:00001217-a-4#564,NA,NA,p.Asp84Val,-0.003179464784538,0.333529307116078,16
urn:mavedb:00001217-a-4#565,NA,NA,p.Asp91=,1.1606889500384,0.102748226578083,8
urn:mavedb:00001217-a-4#566,NA,NA,p.Asp91Ala,0.94890542048856,0.140543115399424,16
urn:mavedb:00001217-a-4#567,NA,NA,p.Asp91Arg,0.775600085124138,0.314489484862211,24
urn:mavedb:00001217-a-4#568,NA,NA,p.Asp91Asn,0.895559489207,0.230371602636727,16
urn:mavedb:00001217-a-4#569,NA,NA,p.Asp91Cys,0.813351755929904,0.159048788538231,8
urn:mavedb:00001217-a-4#570,NA,NA,p.Asp91Gln,0.657543358695369,0.158483937166997,8
urn:mavedb:00001217-a-4#571,NA,NA,p.Asp91Glu,1.01103890607889,0.204292404699801,16
urn:mavedb:00001217-a-4#572,NA,NA,p.Asp91Gly,0.937625869114609,0.11859041546946,24
urn:mavedb:00001217-a-4#573,NA,NA,p.Asp91His,1.00489946503536,0.0720834062034026,8
urn:mavedb:00001217-a-4#574,NA,NA,p.Asp91Ile,0.823494357803307,0.264320269643782,8
urn:mavedb:00001217-a-4#575,NA,NA,p.Asp91Leu,0.823701396347839,0.211602878442575,24
urn:mavedb:00001217-a-4#576,NA,NA,p.Asp91Lys,0.814209634244617,0.0961984651063257,8
urn:mavedb:00001217-a-4#577,NA,NA,p.Asp91Met,0.979793903882823,0.0796446812571583,8
urn:mavedb:00001217-a-4#578,NA,NA,p.Asp91Phe,1.16973313175332,0.111638004974174,8
urn:mavedb:00001217-a-4#579,NA,NA,p.Asp91Pro,1.11420770917347,0.18324619467628,16
urn:mavedb:00001217-a-4#580,NA,NA,p.Asp91Ser,0.94314705606926,0.262430398599863,24
urn:mavedb:00001217-a-4#581,NA,NA,p.Asp91Ter,-0.666607999527266,0.822233581590095,8
urn:mavedb:00001217-a-4#582,NA,NA,p.Asp91Thr,1.00909854682443,0.105056873978603,16
urn:mavedb:00001217-a-4#583,NA,NA,p.Asp91Trp,0.95869341597227,0.152726443172947,8
urn:mavedb:00001217-a-4#584,NA,NA,p.Asp91Tyr,1.0789854807955,0.374858406524911,12
urn:mavedb:00001217-a-4#585,NA,NA,p.Asp91Val,0.912049001293527,0.120414862611965,16
urn:mavedb:00001217-a-4#586,NA,NA,p.Asp93=,0.912092492852677,1.10770795217922,8
urn:mavedb:00001217-a-4#587,NA,NA,p.Asp93Ala,0.936013701075757,0.0575823436167467,16
urn:mavedb:00001217-a-4#588,NA,NA,p.Asp93Arg,1.03599190898707,0.105651669717916,24
urn:mavedb:00001217-a-4#589,NA,NA,p.Asp93Asn,1.04705535596512,0.0625849651693522,8
urn:mavedb:00001217-a-4#590,NA,NA,p.Asp93Cys,1.04514081626776,0.0938491554283727,8
urn:mavedb:00001217-a-4#591,NA,NA,p.Asp93Gln,1.01111149902653,0.0859556570422248,8
urn:mavedb:00001217-a-4#592,NA,NA,p.Asp93Glu,0.978878600477393,0.0772425394403008,8
urn:mavedb:00001217-a-4#593,NA,NA,p.Asp93Gly,1.10380496179028,0.0525953641566447,16
urn:mavedb:00001217-a-4#594,NA,NA,p.Asp93His,0.958293764205852,0.0743260700995941,8
urn:mavedb:00001217-a-4#595,NA,NA,p.Asp93Ile,0.956916788518387,0.0683676504901065,8
urn:mavedb:00001217-a-4#596,NA,NA,p.Asp93Leu,0.997885989301013,0.101099323892521,24
urn:mavedb:00001217-a-4#597,NA,NA,p.Asp93Lys,1.07774822900959,0.0677060109660892,8
urn:mavedb:00001217-a-4#598,NA,NA,p.Asp93Met,0.916200196182535,0.0880167408958031,8
urn:mavedb:00001217-a-4#599,NA,NA,p.Asp93Phe,1.04449800118453,0.0485082273883435,8
urn:mavedb:00001217-a-4#600,NA,NA,p.Asp93Pro,0.959749473766565,0.0923226134626119,16
urn:mavedb:00001217-a-4#601,NA,NA,p.Asp93Ser,1.02922306886893,0.0874001537752358,24
urn:mavedb:00001217-a-4#602,NA,NA,p.Asp93Ter,0.0181439420597043,0.116829620411002,8
urn:mavedb:00001217-a-4#603,NA,NA,p.Asp93Thr,0.957124988841955,0.0739056064930542,16
urn:mavedb:00001217-a-4#604,NA,NA,p.Asp93Trp,0.981874607036954,0.0504891659310777,8
urn:mavedb:00001217-a-4#605,NA,NA,p.Asp93Tyr,1.04481387179307,0.0679132948877569,8
urn:mavedb:00001217-a-4#606,NA,NA,p.Asp93Val,0.96391834466294,0.0739908516689224,16
urn:mavedb:00001217-a-4#607,NA,NA,p.Asp97=,1.09906538649122,0.37885840208977,8
urn:mavedb:00001217-a-4#608,NA,NA,p.Asp97Ala,0.998052599922083,0.0923551351503842,16
urn:mavedb:00001217-a-4#609,NA,NA,p.Asp97Arg,1.0248393043291,0.122872240197597,24
urn:mavedb:00001217-a-4#610,NA,NA,p.Asp97Asn,1.09725591103516,0.132942115423026,8
urn:mavedb:00001217-a-4#611,NA,NA,p.Asp97Cys,0.955610505317307,0.0969330876056198,8
urn:mavedb:00001217-a-4#612,NA,NA,p.Asp97Gln,1.11467813120601,0.106161590731707,8
urn:mavedb:00001217-a-4#613,NA,NA,p.Asp97Glu,0.975764437791058,0.0598938137742511,8
urn:mavedb:00001217-a-4#614,NA,NA,p.Asp97Gly,1.06997621410737,0.117203008494997,16
urn:mavedb:00001217-a-4#615,NA,NA,p.Asp97His,0.830499627791111,0.0871800598350632,8
urn:mavedb:00001217-a-4#616,NA,NA,p.Asp97Ile,1.04359374813987,0.077681719707592,8
urn:mavedb:00001217-a-4#617,NA,NA,p.Asp97Leu,0.953729771091098,0.124455504530675,24
urn:mavedb:00001217-a-4#618,NA,NA,p.Asp97Lys,1.03937599620429,0.0917010063414584,8
urn:mavedb:00001217-a-4#619,NA,NA,p.Asp97Met,1.0173006423181,0.0615329372607423,8
urn:mavedb:00001217-a-4#620,NA,NA,p.Asp97Phe,0.981841988842708,0.0863643336892593,8
urn:mavedb:00001217-a-4#621,NA,NA,p.Asp97Pro,0.810068058925598,0.181890665442097,16
urn:mavedb:00001217-a-4#622,NA,NA,p.Asp97Ser,0.86389820761069,0.163908733122119,24
urn:mavedb:00001217-a-4#623,NA,NA,p.Asp97Ter,0.0478434064202365,0.628657841608904,8
urn:mavedb:00001217-a-4#624,NA,NA,p.Asp97Thr,1.04554118411809,0.131289522045333,16
urn:mavedb:00001217-a-4#625,NA,NA,p.Asp97Trp,0.959642641287268,0.112233418680537,8
urn:mavedb:00001217-a-4#626,NA,NA,p.Asp97Tyr,1.13915733150935,0.141366348329222,8
urn:mavedb:00001217-a-4#627,NA,NA,p.Asp97Val,0.91294715907505,0.132776818106873,16
urn:mavedb:00001217-a-4#628,NA,NA,p.Cys112=,1.01520703068275,0.0773074122775455,8
urn:mavedb:00001217-a-4#629,NA,NA,p.Cys112Ala,1.10711633998142,0.0543806429242487,16
urn:mavedb:00001217-a-4#630,NA,NA,p.Cys112Arg,1.01699210622074,0.121323476287781,32
urn:mavedb:00001217-a-4#631,NA,NA,p.Cys112Asn,1.03478242957835,0.0753733581545677,8
urn:mavedb:00001217-a-4#632,NA,NA,p.Cys112Asp,0.93051987574018,0.085006775935544,8
urn:mavedb:00001217-a-4#633,NA,NA,p.Cys112Gln,1.09374965507475,0.0584480664847675,8
urn:mavedb:00001217-a-4#634,NA,NA,p.Cys112Glu,1.06587517626852,0.0748173943202647,8
urn:mavedb:00001217-a-4#635,NA,NA,p.Cys112Gly,1.02405632083412,0.101559482645635,20
urn:mavedb:00001217-a-4#636,NA,NA,p.Cys112His,1.11011836430241,0.0539338532416489,8
urn:mavedb:00001217-a-4#637,NA,NA,p.Cys112Ile,1.0247239075931,0.059064678465861,8
urn:mavedb:00001217-a-4#638,NA,NA,p.Cys112Leu,1.02930779251126,0.0930176144307415,24
urn:mavedb:00001217-a-4#639,NA,NA,p.Cys112Lys,1.06462107035006,0.105215882922964,8
urn:mavedb:00001217-a-4#640,NA,NA,p.Cys112Met,1.01862286516475,0.109022970031088,8
urn:mavedb:00001217-a-4#641,NA,NA,p.Cys112Phe,0.93521380802074,0.215124404298239,16
urn:mavedb:00001217-a-4#642,NA,NA,p.Cys112Pro,1.12289277436434,0.138995310089273,16
urn:mavedb:00001217-a-4#643,NA,NA,p.Cys112Ser,1.0254424706043,0.147863035990928,28
urn:mavedb:00001217-a-4#644,NA,NA,p.Cys112Ter,0.181128526494905,0.473139966042147,12
urn:mavedb:00001217-a-4#645,NA,NA,p.Cys112Thr,0.986455724517904,0.0697757054067977,16
urn:mavedb:00001217-a-4#646,NA,NA,p.Cys112Trp,0.89678287728111,0.0835392526897127,8
urn:mavedb:00001217-a-4#647,NA,NA,p.Cys112Tyr,0.987762764777657,0.177000226535728,16
urn:mavedb:00001217-a-4#648,NA,NA,p.Cys112Val,1.00889359025715,0.0608351252502925,16
urn:mavedb:00001217-a-4#649,NA,NA,p.Cys147=,0.899746912762457,0.0545186529091227,8
urn:mavedb:00001217-a-4#650,NA,NA,p.Cys147Ala,0.106498736466879,0.17026509520929,8
urn:mavedb:00001217-a-4#651,NA,NA,p.Cys147Arg,0.608004842038613,0.0858157347051625,8
urn:mavedb:00001217-a-4#652,NA,NA,p.Cys147Asn,-0.0165672088447785,0.234362549276373,8
urn:mavedb:00001217-a-4#653,NA,NA,p.Cys147Asp,-0.117436521506772,0.128698772149463,8
urn:mavedb:00001217-a-4#654,NA,NA,p.Cys147Gly,0.194715705158693,0.146711717133773,8
urn:mavedb:00001217-a-4#655,NA,NA,p.Cys147His,-0.182342743009391,0.22517941355905,8
urn:mavedb:00001217-a-4#656,NA,NA,p.Cys147Ile,-0.509123908442319,0.238529828098215,8
urn:mavedb:00001217-a-4#657,NA,NA,p.Cys147Leu,-0.048601187269828,0.25997265620338,8
urn:mavedb:00001217-a-4#658,NA,NA,p.Cys147Phe,0.365436777149042,0.144947672691248,8
urn:mavedb:00001217-a-4#659,NA,NA,p.Cys147Ser,0.240195190257061,0.125096421111378,16
urn:mavedb:00001217-a-4#660,NA,NA,p.Cys147Ter,1.08173405964612,0.0816042347964529,8
urn:mavedb:00001217-a-4#661,NA,NA,p.Cys147Thr,-0.134587869958293,0.3287581685526,8
urn:mavedb:00001217-a-4#662,NA,NA,p.Cys147Trp,0.167279300179331,0.132997919084124,8
urn:mavedb:00001217-a-4#663,NA,NA,p.Cys147Tyr,0.593220545953666,0.114089617996019,8
urn:mavedb:00001217-a-4#664,NA,NA,p.Cys147Val,-0.422049197778001,0.144914208496231,8
urn:mavedb:00001217-a-4#665,NA,NA,p.Cys58=,1.05736331801431,0.051029949882534,8
urn:mavedb:00001217-a-4#666,NA,NA,p.Cys58Ala,-0.454180600904293,0.485528200665816,12
urn:mavedb:00001217-a-4#667,NA,NA,p.Cys58Arg,0.292106395147436,0.252237464917728,8
urn:mavedb:00001217-a-4#668,NA,NA,p.Cys58Glu,-0.666676576214688,0.674057305959262,8
urn:mavedb:00001217-a-4#669,NA,NA,p.Cys58Gly,-0.0760656044915655,0.42008597100584,8
urn:mavedb:00001217-a-4#670,NA,NA,p.Cys58Ile,-0.0720477848314087,0.233032082467147,4
urn:mavedb:00001217-a-4#671,NA,NA,p.Cys58Leu,-0.219503734546311,0.338797051566005,16
urn:mavedb:00001217-a-4#672,NA,NA,p.Cys58Lys,0.001829838575982,0.443395753153259,8
urn:mavedb:00001217-a-4#673,NA,NA,p.Cys58Met,0.227974360006906,0.355545188795628,8
urn:mavedb:00001217-a-4#674,NA,NA,p.Cys58Phe,1.09610333030239,0.8500528906121,8
urn:mavedb:00001217-a-4#675,NA,NA,p.Cys58Ser,0.214932042642357,0.41755676685625,16
urn:mavedb:00001217-a-4#676,NA,NA,p.Cys58Ter,-0.105804050713677,0.146423424249862,8
urn:mavedb:00001217-a-4#677,NA,NA,p.Cys58Trp,-0.371182002086235,0.204607690956074,8
urn:mavedb:00001217-a-4#678,NA,NA,p.Cys58Val,0.069810020080687,0.221259699652251,8
urn:mavedb:00001217-a-4#679,NA,NA,p.Cys7=,1.06927117387807,0.0731677390494942,8
urn:mavedb:00001217-a-4#680,NA,NA,p.Cys7Ala,0.80456218399444,0.0983807325444324,16
urn:mavedb:00001217-a-4#681,NA,NA,p.Cys7Arg,-0.0837260041886285,0.275254531120828,24
urn:mavedb:00001217-a-4#682,NA,NA,p.Cys7Asn,0.027616336920938,0.13042165121472,8
urn:mavedb:00001217-a-4#683,NA,NA,p.Cys7Asp,-0.422376596957323,0.321586428181329,8
urn:mavedb:00001217-a-4#684,NA,NA,p.Cys7Gln,0.156624075999083,0.127148278212461,8
urn:mavedb:00001217-a-4#685,NA,NA,p.Cys7Glu,0.140570107493079,0.20267292820695,8
urn:mavedb:00001217-a-4#686,NA,NA,p.Cys7Gly,0.921634422882383,0.152162244335507,16
urn:mavedb:00001217-a-4#687,NA,NA,p.Cys7His,-0.189443124082553,0.603708190769588,8
urn:mavedb:00001217-a-4#688,NA,NA,p.Cys7Ile,1.03365168473234,0.0336621633635774,8
urn:mavedb:00001217-a-4#689,NA,NA,p.Cys7Leu,0.966286451587159,0.0585189672202874,24
urn:mavedb:00001217-a-4#690,NA,NA,p.Cys7Lys,-0.016058261725259,0.216440414634165,8
urn:mavedb:00001217-a-4#691,NA,NA,p.Cys7Met,0.785623616494217,0.0967456773633416,8
urn:mavedb:00001217-a-4#692,NA,NA,p.Cys7Phe,-0.485810344544792,0.482841146815182,8
urn:mavedb:00001217-a-4#693,NA,NA,p.Cys7Pro,-0.199033371629141,0.343902124024127,8
urn:mavedb:00001217-a-4#694,NA,NA,p.Cys7Ser,1.08045480999427,0.0790176035411834,24
urn:mavedb:00001217-a-4#695,NA,NA,p.Cys7Ter,-0.409660923598815,0.64824149343223,8
urn:mavedb:00001217-a-4#696,NA,NA,p.Cys7Thr,0.993140285845781,0.0887289305524375,16
urn:mavedb:00001217-a-4#697,NA,NA,p.Cys7Trp,-0.284730963725262,0.169334525300997,8
urn:mavedb:00001217-a-4#698,NA,NA,p.Cys7Tyr,-0.00336960804243,0.140293570404096,8
urn:mavedb:00001217-a-4#699,NA,NA,p.Cys7Val,0.795328677572602,0.0957038212772102,16
urn:mavedb:00001217-a-4#700,NA,NA,p.Gln16Ala,1.0698166417691,0.0807964400598585,16
urn:mavedb:00001217-a-4#701,NA,NA,p.Gln16Arg,1.04851791744733,0.0973479216748414,24
urn:mavedb:00001217-a-4#702,NA,NA,p.Gln16Asn,0.885360820280751,0.138335032483335,8
urn:mavedb:00001217-a-4#703,NA,NA,p.Gln16Asp,0.917203129820266,0.0575702069141258,8
urn:mavedb:00001217-a-4#704,NA,NA,p.Gln16Cys,0.917986649684837,0.0847341648215687,8
urn:mavedb:00001217-a-4#705,NA,NA,p.Gln16Glu,1.0369225210552,0.0610434533004706,8
urn:mavedb:00001217-a-4#706,NA,NA,p.Gln16Gly,1.04719321192696,0.0947413877812828,16
urn:mavedb:00001217-a-4#707,NA,NA,p.Gln16His,0.918375997601908,0.110084013816564,8
urn:mavedb:00001217-a-4#708,NA,NA,p.Gln16Ile,1.07512326732521,0.117115735108666,8
urn:mavedb:00001217-a-4#709,NA,NA,p.Gln16Leu,0.998137139287533,0.0925163241356904,24
urn:mavedb:00001217-a-4#710,NA,NA,p.Gln16Lys,1.05030776849108,0.112516125667785,8
urn:mavedb:00001217-a-4#711,NA,NA,p.Gln16Met,1.03697381028246,0.102002670977919,8
urn:mavedb:00001217-a-4#712,NA,NA,p.Gln16Phe,1.03248173565298,0.0781346937138941,8
urn:mavedb:00001217-a-4#713,NA,NA,p.Gln16Pro,0.816934647146713,0.0961128276224994,16
urn:mavedb:00001217-a-4#714,NA,NA,p.Gln16Ser,0.977342380873222,0.089960642442473,24
urn:mavedb:00001217-a-4#715,NA,NA,p.Gln16Ter,0.623578422056287,0.477728706442785,4
urn:mavedb:00001217-a-4#716,NA,NA,p.Gln16Thr,0.934633491648077,0.0828581845568907,16
urn:mavedb:00001217-a-4#717,NA,NA,p.Gln16Trp,1.01383026760262,0.102138545422582,8
urn:mavedb:00001217-a-4#718,NA,NA,p.Gln16Tyr,0.930825343631,0.104454492913842,8
urn:mavedb:00001217-a-4#719,NA,NA,p.Gln16Val,0.951028273008507,0.10583145736846,16
urn:mavedb:00001217-a-4#720,NA,NA,p.Gln23Ala,0.983761946758626,0.10698033761044,16
urn:mavedb:00001217-a-4#721,NA,NA,p.Gln23Arg,0.959173756440203,0.127270680189824,24
urn:mavedb:00001217-a-4#722,NA,NA,p.Gln23Asn,1.14168789394932,0.183456543216944,8
urn:mavedb:00001217-a-4#723,NA,NA,p.Gln23Asp,0.770031170181763,0.107410825882804,8
urn:mavedb:00001217-a-4#724,NA,NA,p.Gln23Cys,1.01438788335465,0.10953625252479,8
urn:mavedb:00001217-a-4#725,NA,NA,p.Gln23Glu,0.985569740591543,0.136882804167311,8
urn:mavedb:00001217-a-4#726,NA,NA,p.Gln23Gly,1.00708144614107,0.109819419734515,16
urn:mavedb:00001217-a-4#727,NA,NA,p.Gln23His,0.693496983539248,1.36738162680514,4
urn:mavedb:00001217-a-4#728,NA,NA,p.Gln23Ile,0.868080812012579,0.386882207182381,8
urn:mavedb:00001217-a-4#729,NA,NA,p.Gln23Leu,1.16245654255198,0.124738581417198,24
urn:mavedb:00001217-a-4#730,NA,NA,p.Gln23Lys,1.27283022283547,0.231090349532351,8
urn:mavedb:00001217-a-4#731,NA,NA,p.Gln23Met,0.737319332126714,0.116463379049764,8
urn:mavedb:00001217-a-4#732,NA,NA,p.Gln23Phe,0.932835056897766,0.144022947256806,8
urn:mavedb:00001217-a-4#733,NA,NA,p.Gln23Pro,0.996438112902705,0.125609006681785,16
urn:mavedb:00001217-a-4#734,NA,NA,p.Gln23Ser,1.0214567867632,0.124178260573394,24
urn:mavedb:00001217-a-4#735,NA,NA,p.Gln23Thr,0.820073804429438,0.274543674778369,16
urn:mavedb:00001217-a-4#736,NA,NA,p.Gln23Trp,0.916954252428894,0.0894218374097373,8
urn:mavedb:00001217-a-4#737,NA,NA,p.Gln23Tyr,1.08610470536729,0.136946479843585,8
urn:mavedb:00001217-a-4#738,NA,NA,p.Gln23Val,1.04099478991262,0.148899376360426,16
urn:mavedb:00001217-a-4#739,NA,NA,p.Glu101=,1.10581385946565,0.0818262511838454,8
urn:mavedb:00001217-a-4#740,NA,NA,p.Glu101Ala,0.879779698657888,0.1434684356229,20
urn:mavedb:00001217-a-4#741,NA,NA,p.Glu101Arg,1.12674975521439,0.126034097589415,24
urn:mavedb:00001217-a-4#742,NA,NA,p.Glu101Asn,1.07795265321596,0.132476557859613,8
urn:mavedb:00001217-a-4#743,NA,NA,p.Glu101Asp,0.998712722069224,0.127746208643659,8
urn:mavedb:00001217-a-4#744,NA,NA,p.Glu101Cys,0.869817303701597,0.191825064523239,8
urn:mavedb:00001217-a-4#745,NA,NA,p.Glu101Gln,0.892761822676796,0.060351676779617,8
urn:mavedb:00001217-a-4#746,NA,NA,p.Glu101Gly,0.97110842905024,0.169852771598676,24
urn:mavedb:00001217-a-4#747,NA,NA,p.Glu101His,1.00039030470797,0.0850381206054504,8
urn:mavedb:00001217-a-4#748,NA,NA,p.Glu101Ile,0.961223594195959,0.148857267906159,8
urn:mavedb:00001217-a-4#749,NA,NA,p.Glu101Leu,1.02423298763475,0.200502371034225,24
urn:mavedb:00001217-a-4#750,NA,NA,p.Glu101Lys,1.01085692316128,0.07213533529342,8
urn:mavedb:00001217-a-4#751,NA,NA,p.Glu101Met,0.919202246177697,0.106915342333574,8
urn:mavedb:00001217-a-4#752,NA,NA,p.Glu101Phe,1.11013375426409,0.177374161061075,8
urn:mavedb:00001217-a-4#753,NA,NA,p.Glu101Pro,0.773134744866623,0.194504088007298,16
urn:mavedb:00001217-a-4#754,NA,NA,p.Glu101Ser,0.98920754925709,0.113015289084805,24
urn:mavedb:00001217-a-4#755,NA,NA,p.Glu101Ter,0.149281539008498,0.871069110003432,16
urn:mavedb:00001217-a-4#756,NA,NA,p.Glu101Thr,0.855371180028344,0.179938812517857,16
urn:mavedb:00001217-a-4#757,NA,NA,p.Glu101Trp,0.965852142228826,0.11814500430999,8
urn:mavedb:00001217-a-4#758,NA,NA,p.Glu101Tyr,1.14103295211244,0.142632924904879,8
urn:mavedb:00001217-a-4#759,NA,NA,p.Glu101Val,0.911076655254936,0.0784388567520872,16
urn:mavedb:00001217-a-4#760,NA,NA,p.Glu122=,0.928850965909904,0.076174630380552,8
urn:mavedb:00001217-a-4#761,NA,NA,p.Glu122Ala,0.999279057897916,0.151255605512512,20
urn:mavedb:00001217-a-4#762,NA,NA,p.Glu122Arg,0.923590824613528,0.117193087856917,24
urn:mavedb:00001217-a-4#763,NA,NA,p.Glu122Asn,0.953964269106963,0.0865169166132809,8
urn:mavedb:00001217-a-4#764,NA,NA,p.Glu122Asp,1.02298566576406,0.0581247286197599,8
urn:mavedb:00001217-a-4#765,NA,NA,p.Glu122Cys,0.959960074924687,0.086149327197207,8
urn:mavedb:00001217-a-4#766,NA,NA,p.Glu122Gln,0.978255876800268,0.155018544792145,8
urn:mavedb:00001217-a-4#767,NA,NA,p.Glu122Gly,1.0382877647142,0.0919399355810152,24
urn:mavedb:00001217-a-4#768,NA,NA,p.Glu122His,0.854887244888288,0.147091608026214,8
urn:mavedb:00001217-a-4#769,NA,NA,p.Glu122Ile,0.89019796188723,0.0660686019978058,8
urn:mavedb:00001217-a-4#770,NA,NA,p.Glu122Leu,1.02493207514448,0.11785525123411,24
urn:mavedb:00001217-a-4#771,NA,NA,p.Glu122Lys,0.927383260469201,0.0861597990330918,8
urn:mavedb:00001217-a-4#772,NA,NA,p.Glu122Met,1.07713792157246,0.0445228545688793,8
urn:mavedb:00001217-a-4#773,NA,NA,p.Glu122Phe,1.0396688688462,0.0668619192897804,8
urn:mavedb:00001217-a-4#774,NA,NA,p.Glu122Pro,-0.022364940209385,0.332545423007246,16
urn:mavedb:00001217-a-4#775,NA,NA,p.Glu122Ser,0.950921784906327,0.114683638151913,24
urn:mavedb:00001217-a-4#776,NA,NA,p.Glu122Ter,-0.165750951020771,0.123895126925321,8
urn:mavedb:00001217-a-4#777,NA,NA,p.Glu122Thr,0.858413083591735,0.0743318435566833,16
urn:mavedb:00001217-a-4#778,NA,NA,p.Glu122Trp,0.967082992964599,0.0560601110959223,8
urn:mavedb:00001217-a-4#779,NA,NA,p.Glu122Tyr,0.868237459250102,0.0592641994013033,8
urn:mavedb:00001217-a-4#780,NA,NA,p.Glu122Val,0.829617255265633,0.0640110497604475,16
urn:mavedb:00001217-a-4#781,NA,NA,p.Glu133=,0.915472326243818,0.10578280502101,8
urn:mavedb:00001217-a-4#782,NA,NA,p.Glu133Ala,0.93939055191453,0.134705432174188,20
urn:mavedb:00001217-a-4#783,NA,NA,p.Glu133Arg,0.931695806524931,0.106047199275006,24
urn:mavedb:00001217-a-4#784,NA,NA,p.Glu133Asn,1.00720173546248,0.0555527200154892,8
urn:mavedb:00001217-a-4#785,NA,NA,p.Glu133Asp,0.941437440565636,0.275145839847599,16
urn:mavedb:00001217-a-4#786,NA,NA,p.Glu133Cys,0.926182639755849,0.0555962185980791,8
urn:mavedb:00001217-a-4#787,NA,NA,p.Glu133Gln,1.00202097573817,0.096241245559371,8
urn:mavedb:00001217-a-4#788,NA,NA,p.Glu133Gly,1.0442142066531,0.100066610737664,24
urn:mavedb:00001217-a-4#789,NA,NA,p.Glu133His,1.08233065458616,0.0897028975277189,8
urn:mavedb:00001217-a-4#790,NA,NA,p.Glu133Ile,0.960703258705294,0.0930365281364859,8
urn:mavedb:00001217-a-4#791,NA,NA,p.Glu133Leu,1.00933417785114,0.120194301598536,24
urn:mavedb:00001217-a-4#792,NA,NA,p.Glu133Lys,1.01179044828319,0.0694327495678057,8
urn:mavedb:00001217-a-4#793,NA,NA,p.Glu133Met,0.948855677283918,0.0674736890356313,8
urn:mavedb:00001217-a-4#794,NA,NA,p.Glu133Phe,0.994182947134278,0.0931117724694798,8
urn:mavedb:00001217-a-4#795,NA,NA,p.Glu133Pro,0.87630338595694,0.158106320054639,16
urn:mavedb:00001217-a-4#796,NA,NA,p.Glu133Ser,0.890809104996809,0.126501644884397,24
urn:mavedb:00001217-a-4#797,NA,NA,p.Glu133Ter,-0.215726927828476,0.0849582163454426,8
urn:mavedb:00001217-a-4#798,NA,NA,p.Glu133Thr,0.860800977885908,0.133746426202792,16
urn:mavedb:00001217-a-4#799,NA,NA,p.Glu133Trp,1.01849625209397,0.0636214580074047,8
urn:mavedb:00001217-a-4#800,NA,NA,p.Glu133Tyr,0.990983196095838,0.0659929572321555,8
urn:mavedb:00001217-a-4#801,NA,NA,p.Glu133Val,0.901781426733181,0.0610791856383116,16
urn:mavedb:00001217-a-4#802,NA,NA,p.Glu134=,1.02610346990619,0.214781928212661,8
urn:mavedb:00001217-a-4#803,NA,NA,p.Glu134Ala,0.938557304895234,0.163487017830359,16
urn:mavedb:00001217-a-4#804,NA,NA,p.Glu134Arg,0.55243813100279,0.378220683285241,20
urn:mavedb:00001217-a-4#805,NA,NA,p.Glu134Asn,0.622381662218673,0.11527512894025,8
urn:mavedb:00001217-a-4#806,NA,NA,p.Glu134Asp,0.905433164284286,0.166551403928759,8
urn:mavedb:00001217-a-4#807,NA,NA,p.Glu134Gln,0.635972863014378,1.04472097418069,4
urn:mavedb:00001217-a-4#808,NA,NA,p.Glu134Gly,0.913044469639021,0.202566570067663,20
urn:mavedb:00001217-a-4#809,NA,NA,p.Glu134His,1.1334334079452,0.179822451414549,8
urn:mavedb:00001217-a-4#810,NA,NA,p.Glu134Ile,1.01026673225736,0.218566356979655,8
urn:mavedb:00001217-a-4#811,NA,NA,p.Glu134Leu,0.971657529120852,0.151455290034887,12
urn:mavedb:00001217-a-4#812,NA,NA,p.Glu134Lys,0.59542861023711,0.110022152012961,8
urn:mavedb:00001217-a-4#813,NA,NA,p.Glu134Met,0.754921661453981,0.274252422816369,8
urn:mavedb:00001217-a-4#814,NA,NA,p.Glu134Phe,0.636713136423955,0.132647119851206,8
urn:mavedb:00001217-a-4#815,NA,NA,p.Glu134Pro,0.442147239342968,0.520391565164754,8
urn:mavedb:00001217-a-4#816,NA,NA,p.Glu134Ser,0.834759419856396,0.186457668801682,24
urn:mavedb:00001217-a-4#817,NA,NA,p.Glu134Thr,1.06106195154911,0.210254004489443,4
urn:mavedb:00001217-a-4#818,NA,NA,p.Glu134Trp,0.983939816953404,0.156251923022527,8
urn:mavedb:00001217-a-4#819,NA,NA,p.Glu134Tyr,0.587734865318577,0.188484508959564,8
urn:mavedb:00001217-a-4#820,NA,NA,p.Glu134Val,0.847154023187992,0.123923347436899,16
urn:mavedb:00001217-a-4#821,NA,NA,p.Glu22=,1.32010861734922,0.15424201689239,8
urn:mavedb:00001217-a-4#822,NA,NA,p.Glu22Ala,1.01659427073156,0.0950621670330602,16
urn:mavedb:00001217-a-4#823,NA,NA,p.Glu22Arg,0.974283671921053,0.0874544679495565,24
urn:mavedb:00001217-a-4#824,NA,NA,p.Glu22Asn,1.00998545802622,0.112928667984579,8
urn:mavedb:00001217-a-4#825,NA,NA,p.Glu22Asp,0.964173912962936,0.0595223160026318,8
urn:mavedb:00001217-a-4#826,NA,NA,p.Glu22Cys,0.932385724136623,0.0743411551851151,8
urn:mavedb:00001217-a-4#827,NA,NA,p.Glu22Gln,0.91732902932093,0.0867953153188488,8
urn:mavedb:00001217-a-4#828,NA,NA,p.Glu22Gly,0.926643528234641,0.059508525177169,16
urn:mavedb:00001217-a-4#829,NA,NA,p.Glu22His,0.926422593848208,0.096773902292002,8
urn:mavedb:00001217-a-4#830,NA,NA,p.Glu22Ile,0.923691906354886,0.0683557947487176,8
urn:mavedb:00001217-a-4#831,NA,NA,p.Glu22Leu,0.962195755213002,0.163239511436824,20
urn:mavedb:00001217-a-4#832,NA,NA,p.Glu22Lys,1.01249410828988,0.175889075799709,8
urn:mavedb:00001217-a-4#833,NA,NA,p.Glu22Met,1.04978907544221,0.0650205340680574,8
urn:mavedb:00001217-a-4#834,NA,NA,p.Glu22Phe,0.319341434136196,0.54042099435084,8
urn:mavedb:00001217-a-4#835,NA,NA,p.Glu22Ser,0.96150767679689,0.138965422640185,24
urn:mavedb:00001217-a-4#836,NA,NA,p.Glu22Thr,0.90158221538069,0.130307282857312,16
urn:mavedb:00001217-a-4#837,NA,NA,p.Glu22Trp,1.01810182440986,0.0678171555520276,8
urn:mavedb:00001217-a-4#838,NA,NA,p.Glu22Tyr,0.890416199265946,0.094975930636504,8
urn:mavedb:00001217-a-4#839,NA,NA,p.Glu22Val,0.996644196405797,0.0672835177931882,16
urn:mavedb:00001217-a-4#840,NA,NA,p.Glu25=,0.922096077850789,0.190243071891753,8
urn:mavedb:00001217-a-4#841,NA,NA,p.Glu25Ala,0.884069950783265,0.197379309505852,20
urn:mavedb:00001217-a-4#842,NA,NA,p.Glu25Arg,1.01176218552895,0.203766550099285,24
urn:mavedb:00001217-a-4#843,NA,NA,p.Glu25Asn,0.947367674777666,0.18011747262229,8
urn:mavedb:00001217-a-4#844,NA,NA,p.Glu25Asp,0.749581129197938,0.119480078949886,8
urn:mavedb:00001217-a-4#845,NA,NA,p.Glu25Cys,0.808933445468087,0.184894882584946,8
urn:mavedb:00001217-a-4#846,NA,NA,p.Glu25Gln,1.04377337079499,0.165587456365291,8
urn:mavedb:00001217-a-4#847,NA,NA,p.Glu25Gly,1.01388698411695,0.184208429504328,24
urn:mavedb:00001217-a-4#848,NA,NA,p.Glu25His,0.943931664458402,0.347243313174115,8
urn:mavedb:00001217-a-4#849,NA,NA,p.Glu25Ile,1.17399661048997,0.139918555279829,8
urn:mavedb:00001217-a-4#850,NA,NA,p.Glu25Leu,0.636317133280053,0.159688624831343,12
urn:mavedb:00001217-a-4#851,NA,NA,p.Glu25Lys,0.768667710361649,0.182829305172675,12
urn:mavedb:00001217-a-4#852,NA,NA,p.Glu25Met,0.728217837159206,0.0930225861908725,8
urn:mavedb:00001217-a-4#853,NA,NA,p.Glu25Phe,0.953148149189796,0.125188288533945,8
urn:mavedb:00001217-a-4#854,NA,NA,p.Glu25Ser,1.01463666397644,0.170759334948214,24
urn:mavedb:00001217-a-4#855,NA,NA,p.Glu25Ter,-0.0592946195870558,0.463601864121943,8
urn:mavedb:00001217-a-4#856,NA,NA,p.Glu25Thr,0.891186120987094,0.275482676991915,16
urn:mavedb:00001217-a-4#857,NA,NA,p.Glu25Trp,0.625365307320062,0.171341684882651,8
urn:mavedb:00001217-a-4#858,NA,NA,p.Glu25Tyr,0.594142232114039,0.226479373387024,8
urn:mavedb:00001217-a-4#859,NA,NA,p.Glu25Val,0.994170082216694,0.0664197091119486,16
urn:mavedb:00001217-a-4#860,NA,NA,p.Glu41=,0.957037118945889,0.135972890181338,8
urn:mavedb:00001217-a-4#861,NA,NA,p.Glu41Ala,0.99673429795871,0.137331558152956,16
urn:mavedb:00001217-a-4#862,NA,NA,p.Glu41Arg,0.959489339866826,0.162510100597095,24
urn:mavedb:00001217-a-4#863,NA,NA,p.Glu41Asn,1.01475000330067,0.156099203517432,8
urn:mavedb:00001217-a-4#864,NA,NA,p.Glu41Asp,0.946895435881317,0.186719678577564,16
urn:mavedb:00001217-a-4#865,NA,NA,p.Glu41Cys,0.782946404808097,0.211961782540917,8
urn:mavedb:00001217-a-4#866,NA,NA,p.Glu41Gln,0.933487323947157,0.333337744486897,8
urn:mavedb:00001217-a-4#867,NA,NA,p.Glu41Gly,1.02224172646135,0.146521091513733,24
urn:mavedb:00001217-a-4#868,NA,NA,p.Glu41His,1.12144742292417,0.266405500591514,8
urn:mavedb:00001217-a-4#869,NA,NA,p.Glu41Ile,1.04443347941438,0.104923785346009,8
urn:mavedb:00001217-a-4#870,NA,NA,p.Glu41Leu,0.99357808291371,0.249778017163227,24
urn:mavedb:00001217-a-4#871,NA,NA,p.Glu41Lys,1.12562043329101,0.135540883345479,8
urn:mavedb:00001217-a-4#872,NA,NA,p.Glu41Met,1.06673840854238,0.0959013120801791,8
urn:mavedb:00001217-a-4#873,NA,NA,p.Glu41Phe,0.800744128043718,0.0932170813479842,8
urn:mavedb:00001217-a-4#874,NA,NA,p.Glu41Pro,0.888068340089869,0.26125337402464,16
urn:mavedb:00001217-a-4#875,NA,NA,p.Glu41Ser,0.967375909945682,0.167936911768575,24
urn:mavedb:00001217-a-4#876,NA,NA,p.Glu41Thr,0.77739279648566,0.208345048228231,16
urn:mavedb:00001217-a-4#877,NA,NA,p.Glu41Trp,0.995834322984227,0.146658187728254,8
urn:mavedb:00001217-a-4#878,NA,NA,p.Glu41Tyr,1.13552150553206,0.148805961042162,8
urn:mavedb:00001217-a-4#879,NA,NA,p.Glu41Val,1.00415638751844,0.0786016509428988,16
urn:mavedb:00001217-a-4#880,NA,NA,p.Glu50Ala,1.00506642077943,0.19440657417968,16
urn:mavedb:00001217-a-4#881,NA,NA,p.Glu50Arg,0.80855345298069,0.255185878069488,20
urn:mavedb:00001217-a-4#882,NA,NA,p.Glu50Asn,0.838887890006737,0.135823364611489,8
urn:mavedb:00001217-a-4#883,NA,NA,p.Glu50Asp,0.740907780747306,0.358225197455881,16
urn:mavedb:00001217-a-4#884,NA,NA,p.Glu50Cys,1.40540290862586,0.132065025718427,4
urn:mavedb:00001217-a-4#885,NA,NA,p.Glu50Gln,1.09241028333365,0.13233960905573,8
urn:mavedb:00001217-a-4#886,NA,NA,p.Glu50Gly,0.755625369916245,0.149066800205494,16
urn:mavedb:00001217-a-4#887,NA,NA,p.Glu50Ile,0.724141069513286,0.326661075097579,8
urn:mavedb:00001217-a-4#888,NA,NA,p.Glu50Leu,0.796781992352452,0.257049201262227,20
urn:mavedb:00001217-a-4#889,NA,NA,p.Glu50Lys,0.418569003440332,0.796309795541973,4
urn:mavedb:00001217-a-4#890,NA,NA,p.Glu50Met,0.990480263875681,0.0916298468058095,8
urn:mavedb:00001217-a-4#891,NA,NA,p.Glu50Phe,1.06900985859983,0.144982043864484,8
urn:mavedb:00001217-a-4#892,NA,NA,p.Glu50Ser,0.959828766293091,0.170213944880017,16
urn:mavedb:00001217-a-4#893,NA,NA,p.Glu50Thr,0.910018876141278,0.180456585136407,8
urn:mavedb:00001217-a-4#894,NA,NA,p.Glu50Trp,0.599597754743951,0.216127926971953,8
urn:mavedb:00001217-a-4#895,NA,NA,p.Glu50Val,1.04656725876895,0.142326115284134,16
urn:mavedb:00001217-a-4#896,NA,NA,p.Glu78=,1.04097487902975,0.124598407671605,8
urn:mavedb:00001217-a-4#897,NA,NA,p.Glu78Ala,0.940528984567333,0.094000624954622,16
urn:mavedb:00001217-a-4#898,NA,NA,p.Glu78Arg,1.07995547979176,0.0789030705089556,24
urn:mavedb:00001217-a-4#899,NA,NA,p.Glu78Asn,0.98568241284266,0.0430478965765396,8
urn:mavedb:00001217-a-4#900,NA,NA,p.Glu78Asp,1.09683469940652,0.171426192954026,16
urn:mavedb:00001217-a-4#901,NA,NA,p.Glu78Cys,1.21475677054683,0.0875556429872762,8
urn:mavedb:00001217-a-4#902,NA,NA,p.Glu78Gln,0.922021289510744,0.186089632177388,12
urn:mavedb:00001217-a-4#903,NA,NA,p.Glu78Gly,1.02083196772534,0.198264488973044,24
urn:mavedb:00001217-a-4#904,NA,NA,p.Glu78His,0.963151534650307,0.0478552994142561,8
urn:mavedb:00001217-a-4#905,NA,NA,p.Glu78Ile,0.941050253216523,0.0675847155323,8
urn:mavedb:00001217-a-4#906,NA,NA,p.Glu78Leu,1.01737396623113,0.126948039311939,24
urn:mavedb:00001217-a-4#907,NA,NA,p.Glu78Lys,0.836655031820946,0.0693831498975336,8
urn:mavedb:00001217-a-4#908,NA,NA,p.Glu78Met,1.03177185524656,0.125970440739931,8
urn:mavedb:00001217-a-4#909,NA,NA,p.Glu78Phe,0.926436697212611,0.0554820278974616,8
urn:mavedb:00001217-a-4#910,NA,NA,p.Glu78Pro,1.06175063743947,0.146395771122806,16
urn:mavedb:00001217-a-4#911,NA,NA,p.Glu78Ser,0.958726325991728,0.157633601479462,24
urn:mavedb:00001217-a-4#912,NA,NA,p.Glu78Ter,-0.130509862228743,0.58201317124249,12
urn:mavedb:00001217-a-4#913,NA,NA,p.Glu78Thr,0.993958690720851,0.0977488328724207,16
urn:mavedb:00001217-a-4#914,NA,NA,p.Glu78Trp,0.846578747108486,0.0753849426438973,8
urn:mavedb:00001217-a-4#915,NA,NA,p.Glu78Tyr,1.0293206134856,0.0647343888810558,8
urn:mavedb:00001217-a-4#916,NA,NA,p.Glu78Val,1.14022654727507,0.153245762863492,24
urn:mavedb:00001217-a-4#917,NA,NA,p.Glu79=,1.03418196352151,0.769991254134174,8
urn:mavedb:00001217-a-4#918,NA,NA,p.Glu79Ala,0.960682916822263,0.07737603409344,16
urn:mavedb:00001217-a-4#919,NA,NA,p.Glu79Arg,0.992193546081213,0.0745010334521195,24
urn:mavedb:00001217-a-4#920,NA,NA,p.Glu79Asn,1.1059449020195,0.0870438107952955,8
urn:mavedb:00001217-a-4#921,NA,NA,p.Glu79Asp,1.00049292633254,0.0889758555322987,8
urn:mavedb:00001217-a-4#922,NA,NA,p.Glu79Cys,1.01527679828812,0.0989809382423626,8
urn:mavedb:00001217-a-4#923,NA,NA,p.Glu79Gln,1.08655484446096,0.0709796011868567,8
urn:mavedb:00001217-a-4#924,NA,NA,p.Glu79Gly,0.932371084759364,0.0697648964510204,16
urn:mavedb:00001217-a-4#925,NA,NA,p.Glu79His,0.868468402037222,0.138156859818822,8
urn:mavedb:00001217-a-4#926,NA,NA,p.Glu79Ile,0.92088918503266,0.129001226567938,8
urn:mavedb:00001217-a-4#927,NA,NA,p.Glu79Leu,0.9637488652009,0.147576295775207,24
urn:mavedb:00001217-a-4#928,NA,NA,p.Glu79Lys,0.969147697417519,0.116105936713591,8
urn:mavedb:00001217-a-4#929,NA,NA,p.Glu79Met,0.97969267965957,0.0483735599480956,8
urn:mavedb:00001217-a-4#930,NA,NA,p.Glu79Phe,1.11313959465197,0.092803184755518,8
urn:mavedb:00001217-a-4#931,NA,NA,p.Glu79Pro,0.987952900480706,0.117386621328592,16
urn:mavedb:00001217-a-4#932,NA,NA,p.Glu79Ser,0.964500210036235,0.124385033134638,24
urn:mavedb:00001217-a-4#933,NA,NA,p.Glu79Thr,0.866702719669003,0.186706987657901,16
urn:mavedb:00001217-a-4#934,NA,NA,p.Glu79Trp,1.04263801864024,0.0719499103255926,8
urn:mavedb:00001217-a-4#935,NA,NA,p.Glu79Tyr,0.810493385816269,0.105973636530199,8
urn:mavedb:00001217-a-4#936,NA,NA,p.Glu79Val,0.97741728483568,0.0925949086757721,16
urn:mavedb:00001217-a-4#937,NA,NA,p.Gly109=,0.969021727118946,0.0788506806563125,16
urn:mavedb:00001217-a-4#938,NA,NA,p.Gly109Ala,0.869388313166581,0.0938821447136571,16
urn:mavedb:00001217-a-4#939,NA,NA,p.Gly109Arg,0.92393147426656,0.123032494118127,24
urn:mavedb:00001217-a-4#940,NA,NA,p.Gly109Asn,1.02753262882171,0.0551590366299414,8
urn:mavedb:00001217-a-4#941,NA,NA,p.Gly109Asp,1.02425822619145,0.0903450415937065,8
urn:mavedb:00001217-a-4#942,NA,NA,p.Gly109Cys,0.889082257721067,0.0892808215711913,8
urn:mavedb:00001217-a-4#943,NA,NA,p.Gly109Gln,0.866690312855263,0.0924294833229766,8
urn:mavedb:00001217-a-4#944,NA,NA,p.Gly109Glu,0.89964110157811,0.110124350020031,8
urn:mavedb:00001217-a-4#945,NA,NA,p.Gly109His,1.07822496522345,0.112066289530887,8
urn:mavedb:00001217-a-4#946,NA,NA,p.Gly109Ile,0.950873586054942,0.101452582380444,8
urn:mavedb:00001217-a-4#947,NA,NA,p.Gly109Leu,0.919480801151382,0.179567218317114,24
urn:mavedb:00001217-a-4#948,NA,NA,p.Gly109Lys,0.998433525428362,0.130185158788,8
urn:mavedb:00001217-a-4#949,NA,NA,p.Gly109Met,0.876745941381956,0.0786494889366847,8
urn:mavedb:00001217-a-4#950,NA,NA,p.Gly109Phe,1.07360727362007,0.13641517943954,8
urn:mavedb:00001217-a-4#951,NA,NA,p.Gly109Pro,1.0822643806454,0.154048252628069,16
urn:mavedb:00001217-a-4#952,NA,NA,p.Gly109Ser,0.865274484614982,0.169352701017806,24
urn:mavedb:00001217-a-4#953,NA,NA,p.Gly109Ter,0.028338227091648,0.197071076371637,8
urn:mavedb:00001217-a-4#954,NA,NA,p.Gly109Thr,1.00495026295681,0.171681801157967,16
urn:mavedb:00001217-a-4#955,NA,NA,p.Gly109Trp,0.914308794304014,0.0665861212807517,8
urn:mavedb:00001217-a-4#956,NA,NA,p.Gly109Tyr,0.998266451787487,0.0592640312696686,8
urn:mavedb:00001217-a-4#957,NA,NA,p.Gly109Val,0.933245620321714,0.0747260377350681,16
urn:mavedb:00001217-a-4#958,NA,NA,p.Gly11=,1.00429688139231,0.045514221048312,16
urn:mavedb:00001217-a-4#959,NA,NA,p.Gly115=,0.962925536300246,0.188467425327965,24
urn:mavedb:00001217-a-4#960,NA,NA,p.Gly115Ala,0.848363631644593,0.0763738653433255,16
urn:mavedb:00001217-a-4#961,NA,NA,p.Gly115Arg,-0.233238546654741,0.223403442163279,24
urn:mavedb:00001217-a-4#962,NA,NA,p.Gly115Asn,0.0462814088335335,0.395790598534856,8
urn:mavedb:00001217-a-4#963,NA,NA,p.Gly115Asp,-0.233747214361889,0.299649929187643,12
urn:mavedb:00001217-a-4#964,NA,NA,p.Gly115Cys,-0.431192653378128,0.196306060306868,8
urn:mavedb:00001217-a-4#965,NA,NA,p.Gly115Gln,-0.096339741868065,0.443039679493764,8
urn:mavedb:00001217-a-4#966,NA,NA,p.Gly115Glu,-0.158549565713755,0.135882969202556,8
urn:mavedb:00001217-a-4#967,NA,NA,p.Gly115His,-0.174125738180838,0.23915907508015,4
urn:mavedb:00001217-a-4#968,NA,NA,p.Gly115Ile,-0.0239155345563485,0.227650697658197,8
urn:mavedb:00001217-a-4#969,NA,NA,p.Gly115Leu,0.114768612753153,0.328008968684155,24
urn:mavedb:00001217-a-4#970,NA,NA,p.Gly115Lys,-0.319460613311111,0.272379168995577,8
urn:mavedb:00001217-a-4#971,NA,NA,p.Gly115Met,-0.641554329387763,0.37695668090318,8
urn:mavedb:00001217-a-4#972,NA,NA,p.Gly115Phe,-0.103213982815954,0.335674858836187,8
urn:mavedb:00001217-a-4#973,NA,NA,p.Gly115Pro,-0.16755717159865,0.349920549752965,12
urn:mavedb:00001217-a-4#974,NA,NA,p.Gly115Ser,0.501832566275235,0.251224672684868,28
urn:mavedb:00001217-a-4#975,NA,NA,p.Gly115Ter,-0.10514302059512,0.22491064696595,8
urn:mavedb:00001217-a-4#976,NA,NA,p.Gly115Thr,-0.438279348302351,0.30204340828704,16
urn:mavedb:00001217-a-4#977,NA,NA,p.Gly115Trp,0.275769379283824,0.19369750982994,8
urn:mavedb:00001217-a-4#978,NA,NA,p.Gly115Tyr,-0.281582341471594,0.191837469949792,8
urn:mavedb:00001217-a-4#979,NA,NA,p.Gly115Val,-0.183684605430993,0.357913171286068,20
urn:mavedb:00001217-a-4#980,NA,NA,p.Gly11Ala,0.926568509320967,0.170109144699915,24
urn:mavedb:00001217-a-4#981,NA,NA,p.Gly11Arg,0.952981231463239,0.122250568584299,32
urn:mavedb:00001217-a-4#982,NA,NA,p.Gly11Asn,0.919451156904403,0.0503079249614247,8
urn:mavedb:00001217-a-4#983,NA,NA,p.Gly11Asp,0.922010925692792,0.198859825254914,16
urn:mavedb:00001217-a-4#984,NA,NA,p.Gly11Cys,1.09465764179765,0.0545469331700835,8
urn:mavedb:00001217-a-4#985,NA,NA,p.Gly11Gln,1.01147017157809,0.107284988411504,8
urn:mavedb:00001217-a-4#986,NA,NA,p.Gly11Glu,1.1239047396733,0.0306290636249143,8
urn:mavedb:00001217-a-4#987,NA,NA,p.Gly11His,0.939258138898908,0.0531679908870101,8
urn:mavedb:00001217-a-4#988,NA,NA,p.Gly11Ile,0.942064707612017,0.058269525802316,8
urn:mavedb:00001217-a-4#989,NA,NA,p.Gly11Leu,0.972073399515706,0.0706187395317819,24
urn:mavedb:00001217-a-4#990,NA,NA,p.Gly11Lys,1.00268017643889,0.067861472009768,8
urn:mavedb:00001217-a-4#991,NA,NA,p.Gly11Met,0.909814217310308,0.0872402812816603,8
urn:mavedb:00001217-a-4#992,NA,NA,p.Gly11Phe,0.970072530069689,0.0347867593557194,8
urn:mavedb:00001217-a-4#993,NA,NA,p.Gly11Pro,0.76930271097246,0.0740530434330196,16
urn:mavedb:00001217-a-4#994,NA,NA,p.Gly11Ser,1.02549893795865,0.0459438506848553,24
urn:mavedb:00001217-a-4#995,NA,NA,p.Gly11Ter,-0.483392694758084,0.197341816518355,8
urn:mavedb:00001217-a-4#996,NA,NA,p.Gly11Thr,0.965294653449094,0.0761569982681749,16
urn:mavedb:00001217-a-4#997,NA,NA,p.Gly11Trp,0.977719202511572,0.0720488057472616,8
urn:mavedb:00001217-a-4#998,NA,NA,p.Gly11Tyr,1.03222349119618,0.0575645657997574,8
urn:mavedb:00001217-a-4#999,NA,NA,p.Gly11Val,0.998607161354143,0.0411981857013178,16
urn:mavedb:00001217-a-4#1000,NA,NA,p.Gly128=,1.050362934149,0.18752518064021,24
urn:mavedb:00001217-a-4#1001,NA,NA,p.Gly128Ala,0.817361017532647,0.139703146130454,24
urn:mavedb:00001217-a-4#1002,NA,NA,p.Gly128Arg,0.853069398952858,0.164461238536779,24
urn:mavedb:00001217-a-4#1003,NA,NA,p.Gly128Asn,0.685668842955857,0.25522520599853,8
urn:mavedb:00001217-a-4#1004,NA,NA,p.Gly128Asp,0.244036015471786,0.269929172016444,16
urn:mavedb:00001217-a-4#1005,NA,NA,p.Gly128Cys,0.875762534646442,0.261037973868133,16
urn:mavedb:00001217-a-4#1006,NA,NA,p.Gly128Gln,0.27438676105895,0.141346322964474,8
urn:mavedb:00001217-a-4#1007,NA,NA,p.Gly128Glu,-0.164895359822945,0.339381352752554,8
urn:mavedb:00001217-a-4#1008,NA,NA,p.Gly128Lys,-0.815123708525622,0.519241115150135,8
urn:mavedb:00001217-a-4#1009,NA,NA,p.Gly128Met,0.328671383414854,0.22309063548102,4
urn:mavedb:00001217-a-4#1010,NA,NA,p.Gly128Ser,0.867149296603551,0.143403869505269,32
urn:mavedb:00001217-a-4#1011,NA,NA,p.Gly128Trp,-0.203320518679376,0.0982490853137356,8
urn:mavedb:00001217-a-4#1012,NA,NA,p.Gly128Val,-0.022302836820956,0.60301971584215,24
urn:mavedb:00001217-a-4#1013,NA,NA,p.Gly13=,0.817708995583651,0.0864607473082592,16
urn:mavedb:00001217-a-4#1014,NA,NA,p.Gly130=,0.970813717527339,0.162681078851627,16
urn:mavedb:00001217-a-4#1015,NA,NA,p.Gly130Ala,0.961467142503227,0.0664979498563212,16
urn:mavedb:00001217-a-4#1016,NA,NA,p.Gly130Arg,0.906017282159226,0.0738952149333838,24
urn:mavedb:00001217-a-4#1017,NA,NA,p.Gly130Asn,0.931970565211579,0.119277232506156,8
urn:mavedb:00001217-a-4#1018,NA,NA,p.Gly130Asp,0.95435487550475,0.102933339514653,8
urn:mavedb:00001217-a-4#1019,NA,NA,p.Gly130Cys,0.811716553280129,0.101876241125265,8
urn:mavedb:00001217-a-4#1020,NA,NA,p.Gly130Gln,0.879790383254939,0.0861869167670117,8
urn:mavedb:00001217-a-4#1021,NA,NA,p.Gly130Glu,0.878718658473603,0.0551718181150396,8
urn:mavedb:00001217-a-4#1022,NA,NA,p.Gly130His,0.90632454509415,0.0616461145482253,8
urn:mavedb:00001217-a-4#1023,NA,NA,p.Gly130Ile,0.944985528163643,0.070260932218546,8
urn:mavedb:00001217-a-4#1024,NA,NA,p.Gly130Leu,0.848703690134653,0.108934167538209,24
urn:mavedb:00001217-a-4#1025,NA,NA,p.Gly130Lys,1.14983294581754,0.100573234083864,8
urn:mavedb:00001217-a-4#1026,NA,NA,p.Gly130Met,0.779667609696855,0.0863641208506565,8
urn:mavedb:00001217-a-4#1027,NA,NA,p.Gly130Phe,0.946172340692704,0.0831036260052838,8
urn:mavedb:00001217-a-4#1028,NA,NA,p.Gly130Pro,0.908608988808398,0.0905652133500355,16
urn:mavedb:00001217-a-4#1029,NA,NA,p.Gly130Ser,0.933095651912361,0.134412046298358,24
urn:mavedb:00001217-a-4#1030,NA,NA,p.Gly130Ter,-0.10783350291469,0.163648905201243,8
urn:mavedb:00001217-a-4#1031,NA,NA,p.Gly130Thr,0.948868258695853,0.127966093519925,16
urn:mavedb:00001217-a-4#1032,NA,NA,p.Gly130Trp,0.953656726368103,0.0601019028942321,8
urn:mavedb:00001217-a-4#1033,NA,NA,p.Gly130Tyr,0.964674263585843,0.0929958029794995,8
urn:mavedb:00001217-a-4#1034,NA,NA,p.Gly130Val,0.902351194806023,0.114679322109955,16
urn:mavedb:00001217-a-4#1035,NA,NA,p.Gly131=,0.983736751007976,0.107757852564485,20
urn:mavedb:00001217-a-4#1036,NA,NA,p.Gly131Ala,0.928534665293609,0.0871198635362377,16
urn:mavedb:00001217-a-4#1037,NA,NA,p.Gly131Arg,0.96843919352564,0.229027516440519,36
urn:mavedb:00001217-a-4#1038,NA,NA,p.Gly131Asn,1.12183717102242,0.181811835709562,8
urn:mavedb:00001217-a-4#1039,NA,NA,p.Gly131Asp,0.773654661264027,0.11032655691916,8
urn:mavedb:00001217-a-4#1040,NA,NA,p.Gly131Cys,0.922681068314363,0.105986413593527,8
urn:mavedb:00001217-a-4#1041,NA,NA,p.Gly131Gln,1.20777425979486,0.113421547229024,8
urn:mavedb:00001217-a-4#1042,NA,NA,p.Gly131Glu,0.994143923090856,0.107943630810603,8
urn:mavedb:00001217-a-4#1043,NA,NA,p.Gly131His,0.680542308843316,0.172814703028805,8
urn:mavedb:00001217-a-4#1044,NA,NA,p.Gly131Ile,0.671985362545743,0.167770956239544,8
urn:mavedb:00001217-a-4#1045,NA,NA,p.Gly131Leu,0.839448195078442,0.131678182776947,24
urn:mavedb:00001217-a-4#1046,NA,NA,p.Gly131Lys,0.606049327825655,0.17385647915372,8
urn:mavedb:00001217-a-4#1047,NA,NA,p.Gly131Met,1.06055825012601,0.146261860963473,8
urn:mavedb:00001217-a-4#1048,NA,NA,p.Gly131Phe,0.692877978466669,0.0694380040082173,8
urn:mavedb:00001217-a-4#1049,NA,NA,p.Gly131Pro,1.0628026938717,0.159737422969273,16
urn:mavedb:00001217-a-4#1050,NA,NA,p.Gly131Ser,1.05683985686181,0.181952636038467,24
urn:mavedb:00001217-a-4#1051,NA,NA,p.Gly131Ter,0.0535402880314685,0.525189435127069,8
urn:mavedb:00001217-a-4#1052,NA,NA,p.Gly131Thr,1.09130043409075,0.131971347855069,16
urn:mavedb:00001217-a-4#1053,NA,NA,p.Gly131Trp,0.917456566063169,0.0611334794914752,8
urn:mavedb:00001217-a-4#1054,NA,NA,p.Gly131Tyr,0.873240117414324,0.15147709029336,8
urn:mavedb:00001217-a-4#1055,NA,NA,p.Gly131Val,0.895335287960442,0.0595429339909846,16
urn:mavedb:00001217-a-4#1056,NA,NA,p.Gly139=,0.998456133391917,0.0763775993790125,16
urn:mavedb:00001217-a-4#1057,NA,NA,p.Gly139Ala,-0.0972453941911695,0.279264043432322,12
urn:mavedb:00001217-a-4#1058,NA,NA,p.Gly139Arg,-0.108163967806705,0.334859107731129,24
urn:mavedb:00001217-a-4#1059,NA,NA,p.Gly139Asp,0.291805251878972,0.127963293910172,8
urn:mavedb:00001217-a-4#1060,NA,NA,p.Gly139Cys,-0.15577670281232,0.308596861849922,8
urn:mavedb:00001217-a-4#1061,NA,NA,p.Gly139Glu,0.0256830869894717,0.258085878213769,8
urn:mavedb:00001217-a-4#1062,NA,NA,p.Gly139His,0.522117961022692,0.276057544992239,4
urn:mavedb:00001217-a-4#1063,NA,NA,p.Gly139Ile,0.375448841251871,0.273219970095729,8
urn:mavedb:00001217-a-4#1064,NA,NA,p.Gly139Leu,-0.288438600813034,0.440066272370813,24
urn:mavedb:00001217-a-4#1065,NA,NA,p.Gly139Lys,0.39085202055919,0.353190624685367,4
urn:mavedb:00001217-a-4#1066,NA,NA,p.Gly139Met,-0.042321007912587,0.266529912344996,8
urn:mavedb:00001217-a-4#1067,NA,NA,p.Gly139Ser,-0.362737198625923,0.404952486363493,20
urn:mavedb:00001217-a-4#1068,NA,NA,p.Gly139Thr,-0.040512922372223,0.583695984054062,4
urn:mavedb:00001217-a-4#1069,NA,NA,p.Gly139Trp,0.0169741195243975,0.328767394479354,8
urn:mavedb:00001217-a-4#1070,NA,NA,p.Gly139Tyr,-0.407301368067148,0.402883223139764,8
urn:mavedb:00001217-a-4#1071,NA,NA,p.Gly139Val,-0.183126871970599,0.393397562244494,16
urn:mavedb:00001217-a-4#1072,NA,NA,p.Gly13Ala,0.98068003899045,0.131217902111006,24
urn:mavedb:00001217-a-4#1073,NA,NA,p.Gly13Arg,0.891597829990271,0.0934931930563143,24
urn:mavedb:00001217-a-4#1074,NA,NA,p.Gly13Asn,1.13193910254646,0.0901752801847366,8
urn:mavedb:00001217-a-4#1075,NA,NA,p.Gly13Asp,0.896719772825809,0.129190234008857,16
urn:mavedb:00001217-a-4#1076,NA,NA,p.Gly13Cys,0.933935472100377,0.0516306590400598,8
urn:mavedb:00001217-a-4#1077,NA,NA,p.Gly13Gln,0.953077371648112,0.126052859173146,8
urn:mavedb:00001217-a-4#1078,NA,NA,p.Gly13Glu,0.831620554450099,0.055752090861053,8
urn:mavedb:00001217-a-4#1079,NA,NA,p.Gly13His,1.05229971048636,0.156854297435185,8
urn:mavedb:00001217-a-4#1080,NA,NA,p.Gly13Ile,0.856026244524283,0.129629112481668,8
urn:mavedb:00001217-a-4#1081,NA,NA,p.Gly13Leu,0.866363356795693,0.103918664990894,24
urn:mavedb:00001217-a-4#1082,NA,NA,p.Gly13Lys,0.931575839074027,0.0964902976835702,8
urn:mavedb:00001217-a-4#1083,NA,NA,p.Gly13Met,0.887480177080013,0.0696262115526293,8
urn:mavedb:00001217-a-4#1084,NA,NA,p.Gly13Phe,0.946791108219407,0.104134495615468,8
urn:mavedb:00001217-a-4#1085,NA,NA,p.Gly13Pro,0.78635873852655,0.0870199262896915,16
urn:mavedb:00001217-a-4#1086,NA,NA,p.Gly13Ser,0.903833970060368,0.0594725732014185,24
urn:mavedb:00001217-a-4#1087,NA,NA,p.Gly13Ter,0.166129692374693,0.679020344465287,8
urn:mavedb:00001217-a-4#1088,NA,NA,p.Gly13Thr,1.13796024769057,0.126673049065109,16
urn:mavedb:00001217-a-4#1089,NA,NA,p.Gly13Trp,0.777124919291566,0.101921181547328,8
urn:mavedb:00001217-a-4#1090,NA,NA,p.Gly13Tyr,0.948454233067121,0.0718163396717639,8
urn:mavedb:00001217-a-4#1091,NA,NA,p.Gly13Val,0.998867264671444,0.0970352528695571,8
urn:mavedb:00001217-a-4#1092,NA,NA,p.Gly142=,1.00502800476902,0.158459761370329,20
urn:mavedb:00001217-a-4#1093,NA,NA,p.Gly142Ala,0.955738293971486,0.0847567858876077,16
urn:mavedb:00001217-a-4#1094,NA,NA,p.Gly142Arg,0.936820916794019,0.13979713320745,24
urn:mavedb:00001217-a-4#1095,NA,NA,p.Gly142Asn,0.90021891625142,0.152867040495801,8
urn:mavedb:00001217-a-4#1096,NA,NA,p.Gly142Asp,0.760812256382024,0.069169019576455,8
urn:mavedb:00001217-a-4#1097,NA,NA,p.Gly142Cys,0.971750397872348,0.080817948081535,8
urn:mavedb:00001217-a-4#1098,NA,NA,p.Gly142Gln,1.01591531278847,0.127109226572474,8
urn:mavedb:00001217-a-4#1099,NA,NA,p.Gly142Glu,0.721786172171091,0.0921061486341971,8
urn:mavedb:00001217-a-4#1100,NA,NA,p.Gly142His,0.860973555669733,0.131569198024052,8
urn:mavedb:00001217-a-4#1101,NA,NA,p.Gly142Leu,0.955258784419214,0.192687111226093,24
urn:mavedb:00001217-a-4#1102,NA,NA,p.Gly142Lys,1.01615559006563,0.0844545863825309,8
urn:mavedb:00001217-a-4#1103,NA,NA,p.Gly142Phe,0.843707543387828,0.0645109503301921,8
urn:mavedb:00001217-a-4#1104,NA,NA,p.Gly142Pro,0.080102200425755,0.29355387202014,12
urn:mavedb:00001217-a-4#1105,NA,NA,p.Gly142Ser,0.954795179552173,0.149529632666124,24
urn:mavedb:00001217-a-4#1106,NA,NA,p.Gly142Ter,-0.472896692642018,0.176374425350983,8
urn:mavedb:00001217-a-4#1107,NA,NA,p.Gly142Thr,0.166000594898018,0.169262899774145,16
urn:mavedb:00001217-a-4#1108,NA,NA,p.Gly142Trp,0.801647579988268,0.0842757973542214,8
urn:mavedb:00001217-a-4#1109,NA,NA,p.Gly142Tyr,0.763032307050823,0.0958202023414342,8
urn:mavedb:00001217-a-4#1110,NA,NA,p.Gly142Val,-0.0494593783512974,0.21258766800191,16
urn:mavedb:00001217-a-4#1111,NA,NA,p.Gly148=,0.970285933436913,0.106526742820413,24
urn:mavedb:00001217-a-4#1112,NA,NA,p.Gly148Ala,0.995631459523605,0.0677472670050482,16
urn:mavedb:00001217-a-4#1113,NA,NA,p.Gly148Arg,-0.37731659811077,0.174827265002588,8
urn:mavedb:00001217-a-4#1114,NA,NA,p.Gly148Asp,0.746516875783678,0.0651536085793723,8
urn:mavedb:00001217-a-4#1115,NA,NA,p.Gly148Cys,0.781381306556737,0.0566984201660236,8
urn:mavedb:00001217-a-4#1116,NA,NA,p.Gly148Glu,0.408567993103562,0.104950832587665,8
urn:mavedb:00001217-a-4#1117,NA,NA,p.Gly148Ser,0.885564153443612,0.0482145674861941,8
urn:mavedb:00001217-a-4#1118,NA,NA,p.Gly148Val,-0.503974927260424,0.350350696181814,16
urn:mavedb:00001217-a-4#1119,NA,NA,p.Gly151=,0.972512332445135,0.116306036154506,16
urn:mavedb:00001217-a-4#1120,NA,NA,p.Gly151Ala,0.506856618691141,0.25695334840987,12
urn:mavedb:00001217-a-4#1121,NA,NA,p.Gly151Arg,-0.0720180611840492,0.633930419450965,4
urn:mavedb:00001217-a-4#1122,NA,NA,p.Gly151Ser,0.289640811328692,0.658733117277534,4
urn:mavedb:00001217-a-4#1123,NA,NA,p.Gly17=,0.965808891108861,0.0902761684807747,16
urn:mavedb:00001217-a-4#1124,NA,NA,p.Gly17Ala,0.933364639228768,0.0860376940136521,16
urn:mavedb:00001217-a-4#1125,NA,NA,p.Gly17Arg,-0.106427116919338,0.352368643679407,32
urn:mavedb:00001217-a-4#1126,NA,NA,p.Gly17Asn,0.7767717007526,0.0988000498581439,8
urn:mavedb:00001217-a-4#1127,NA,NA,p.Gly17Asp,0.673033188822901,0.138317788205394,16
urn:mavedb:00001217-a-4#1128,NA,NA,p.Gly17Cys,0.910013920610037,0.0649016996377152,8
urn:mavedb:00001217-a-4#1129,NA,NA,p.Gly17Gln,-0.166365942545466,0.157105276745087,8
urn:mavedb:00001217-a-4#1130,NA,NA,p.Gly17Glu,-0.329498086372986,0.116275081396762,8
urn:mavedb:00001217-a-4#1131,NA,NA,p.Gly17His,0.497670060675702,0.170768020611663,8
urn:mavedb:00001217-a-4#1132,NA,NA,p.Gly17Ile,-0.002260414398795,0.169639952673711,8
urn:mavedb:00001217-a-4#1133,NA,NA,p.Gly17Leu,0.0333037104548684,0.303956239880222,24
urn:mavedb:00001217-a-4#1134,NA,NA,p.Gly17Lys,-0.903501034325111,0.526030822289398,8
urn:mavedb:00001217-a-4#1135,NA,NA,p.Gly17Met,0.719549607474704,0.0764112663366046,8
urn:mavedb:00001217-a-4#1136,NA,NA,p.Gly17Phe,0.912538236472212,0.0811881759407325,8
urn:mavedb:00001217-a-4#1137,NA,NA,p.Gly17Pro,-0.111499263545055,0.298993600176339,12
urn:mavedb:00001217-a-4#1138,NA,NA,p.Gly17Ser,0.604900539779962,0.172894272729331,24
urn:mavedb:00001217-a-4#1139,NA,NA,p.Gly17Ter,0.368074343666421,0.223749598837533,8
urn:mavedb:00001217-a-4#1140,NA,NA,p.Gly17Thr,0.334903237776598,0.307681002540044,16
urn:mavedb:00001217-a-4#1141,NA,NA,p.Gly17Trp,0.65862377807745,0.0562482832111401,8
urn:mavedb:00001217-a-4#1142,NA,NA,p.Gly17Tyr,1.07382776706527,0.105122724358814,8
urn:mavedb:00001217-a-4#1143,NA,NA,p.Gly17Val,-0.498522684896781,0.207587874915737,16
urn:mavedb:00001217-a-4#1144,NA,NA,p.Gly28=,1.02641504055444,0.125090914127179,8
urn:mavedb:00001217-a-4#1145,NA,NA,p.Gly28Ala,1.11288683758834,0.186829752552975,24
urn:mavedb:00001217-a-4#1146,NA,NA,p.Gly28Arg,0.905544929501356,0.18796965209031,16
urn:mavedb:00001217-a-4#1147,NA,NA,p.Gly28Asp,0.924496757722214,0.212488322198581,8
urn:mavedb:00001217-a-4#1148,NA,NA,p.Gly28Cys,0.572730544487514,0.179874794621192,8
urn:mavedb:00001217-a-4#1149,NA,NA,p.Gly28Glu,0.930939392284201,0.155387367249034,8
urn:mavedb:00001217-a-4#1150,NA,NA,p.Gly28His,1.01969530069919,0.465090448789378,8
urn:mavedb:00001217-a-4#1151,NA,NA,p.Gly28Ser,0.63045070650416,0.381697774437959,16
urn:mavedb:00001217-a-4#1152,NA,NA,p.Gly28Thr,1.11998239092546,0.179430950530832,8
urn:mavedb:00001217-a-4#1153,NA,NA,p.Gly28Trp,0.808973745900942,0.14949128805182,8
urn:mavedb:00001217-a-4#1154,NA,NA,p.Gly28Val,0.980297669379453,0.162830334099192,16
urn:mavedb:00001217-a-4#1155,NA,NA,p.Gly34=,1.08727070666797,0.0725402737990014,24
urn:mavedb:00001217-a-4#1156,NA,NA,p.Gly34Ala,0.907142334041554,0.0765227571758254,24
urn:mavedb:00001217-a-4#1157,NA,NA,p.Gly34Arg,0.607266303099859,0.329292798754995,40
urn:mavedb:00001217-a-4#1158,NA,NA,p.Gly34Asn,0.049749836369838,0.20909348348031,8
urn:mavedb:00001217-a-4#1159,NA,NA,p.Gly34Asp,-0.44813304913689,0.208876598835343,8
urn:mavedb:00001217-a-4#1160,NA,NA,p.Gly34Cys,0.822536772624842,0.0473272130144236,8
urn:mavedb:00001217-a-4#1161,NA,NA,p.Gly34Gln,-0.416925402832245,0.215691895678028,8
urn:mavedb:00001217-a-4#1162,NA,NA,p.Gly34Glu,0.647032588015356,0.38668257244048,16
urn:mavedb:00001217-a-4#1163,NA,NA,p.Gly34His,-0.179614691345628,0.283416985477822,8
urn:mavedb:00001217-a-4#1164,NA,NA,p.Gly34Ile,0.790416799036055,0.100374267246452,8
urn:mavedb:00001217-a-4#1165,NA,NA,p.Gly34Leu,0.388451866324203,0.140293316154315,24
urn:mavedb:00001217-a-4#1166,NA,NA,p.Gly34Lys,0.225524436682559,0.464331803710575,8
urn:mavedb:00001217-a-4#1167,NA,NA,p.Gly34Met,0.77167467704949,0.110902571592149,8
urn:mavedb:00001217-a-4#1168,NA,NA,p.Gly34Phe,0.138762652131596,0.0865691408469797,8
urn:mavedb:00001217-a-4#1169,NA,NA,p.Gly34Pro,0.122158797117648,0.240746550296742,12
urn:mavedb:00001217-a-4#1170,NA,NA,p.Gly34Ser,0.708479755893197,0.117081417437996,24
urn:mavedb:00001217-a-4#1171,NA,NA,p.Gly34Ter,0.873750047844089,0.279198104041492,16
urn:mavedb:00001217-a-4#1172,NA,NA,p.Gly34Thr,0.538602522054254,0.119483937068187,16
urn:mavedb:00001217-a-4#1173,NA,NA,p.Gly34Trp,-0.586661303968371,0.232855837220115,8
urn:mavedb:00001217-a-4#1174,NA,NA,p.Gly34Tyr,0.456038039716254,0.10173446429759,8
urn:mavedb:00001217-a-4#1175,NA,NA,p.Gly34Val,0.944854009896393,0.1078315551071,24
urn:mavedb:00001217-a-4#1176,NA,NA,p.Gly38=,0.998807866043866,0.0781747804397624,16
urn:mavedb:00001217-a-4#1177,NA,NA,p.Gly38Ala,0.973673475373684,0.0966666535865252,16
urn:mavedb:00001217-a-4#1178,NA,NA,p.Gly38Arg,0.829645138336252,0.0824146700735729,24
urn:mavedb:00001217-a-4#1179,NA,NA,p.Gly38Asn,1.20762166545051,0.0669479058746622,8
urn:mavedb:00001217-a-4#1180,NA,NA,p.Gly38Asp,1.12030401133772,0.0571496652426014,8
urn:mavedb:00001217-a-4#1181,NA,NA,p.Gly38Cys,0.999355949941627,0.043605221352885,8
urn:mavedb:00001217-a-4#1182,NA,NA,p.Gly38Gln,0.956783224620943,0.0763083313596156,8
urn:mavedb:00001217-a-4#1183,NA,NA,p.Gly38Glu,0.863619792199391,0.0728540064547411,8
urn:mavedb:00001217-a-4#1184,NA,NA,p.Gly38His,0.83681271105317,0.0514839570302644,8
urn:mavedb:00001217-a-4#1185,NA,NA,p.Gly38Ile,0.882240165633898,0.0755873149620653,8
urn:mavedb:00001217-a-4#1186,NA,NA,p.Gly38Leu,1.00273727174162,0.181094307137577,24
urn:mavedb:00001217-a-4#1187,NA,NA,p.Gly38Lys,0.795635132525875,0.135333194316844,8
urn:mavedb:00001217-a-4#1188,NA,NA,p.Gly38Met,0.999494532757298,0.180967710169342,8
urn:mavedb:00001217-a-4#1189,NA,NA,p.Gly38Phe,0.808893602192538,0.0444889035484499,8
urn:mavedb:00001217-a-4#1190,NA,NA,p.Gly38Pro,0.907638515937659,0.0993489528159432,16
urn:mavedb:00001217-a-4#1191,NA,NA,p.Gly38Ser,0.978788155931526,0.0942466573365201,24
urn:mavedb:00001217-a-4#1192,NA,NA,p.Gly38Ter,0.123365161624635,0.16914647799205,8
urn:mavedb:00001217-a-4#1193,NA,NA,p.Gly38Thr,0.781511034442897,0.137938516799286,16
urn:mavedb:00001217-a-4#1194,NA,NA,p.Gly38Trp,0.904997416854001,0.0454859417864702,8
urn:mavedb:00001217-a-4#1195,NA,NA,p.Gly38Tyr,0.964539925991343,0.0410214380286379,8
urn:mavedb:00001217-a-4#1196,NA,NA,p.Gly38Val,0.90176382824928,0.0627035690326912,16
urn:mavedb:00001217-a-4#1197,NA,NA,p.Gly42=,0.985356167693396,0.183307804486812,24
urn:mavedb:00001217-a-4#1198,NA,NA,p.Gly42Ala,0.821603629164684,0.0814673970736722,16
urn:mavedb:00001217-a-4#1199,NA,NA,p.Gly42Arg,0.893828420887307,0.139925666111,24
urn:mavedb:00001217-a-4#1200,NA,NA,p.Gly42Asn,0.623752840272829,0.576956932101236,8
urn:mavedb:00001217-a-4#1201,NA,NA,p.Gly42Asp,0.760188409777214,0.0927025309220111,8
urn:mavedb:00001217-a-4#1202,NA,NA,p.Gly42Cys,0.802476762201572,0.105186962873163,16
urn:mavedb:00001217-a-4#1203,NA,NA,p.Gly42Gln,0.78416483732088,0.187876952855597,8
urn:mavedb:00001217-a-4#1204,NA,NA,p.Gly42Glu,0.902547770505269,0.0783615057278616,8
urn:mavedb:00001217-a-4#1205,NA,NA,p.Gly42His,0.845366911895551,0.135399735200807,8
urn:mavedb:00001217-a-4#1206,NA,NA,p.Gly42Ile,0.724492727327491,0.140233782564042,8
urn:mavedb:00001217-a-4#1207,NA,NA,p.Gly42Leu,0.930958845982939,0.242730738417295,20
urn:mavedb:00001217-a-4#1208,NA,NA,p.Gly42Lys,0.915760141915105,0.105078927184953,8
urn:mavedb:00001217-a-4#1209,NA,NA,p.Gly42Met,1.08109804779854,0.14969049051645,8
urn:mavedb:00001217-a-4#1210,NA,NA,p.Gly42Phe,0.540993352988481,0.134202589774628,8
urn:mavedb:00001217-a-4#1211,NA,NA,p.Gly42Pro,0.451474524125184,0.441947418854736,12
urn:mavedb:00001217-a-4#1212,NA,NA,p.Gly42Ser,0.837196099206574,0.197535493905581,32
urn:mavedb:00001217-a-4#1213,NA,NA,p.Gly42Ter,-0.495543778185656,0.288074374185594,4
urn:mavedb:00001217-a-4#1214,NA,NA,p.Gly42Thr,0.777245640692804,0.362885151628486,12
urn:mavedb:00001217-a-4#1215,NA,NA,p.Gly42Trp,0.91684972395048,0.0374445170641418,8
urn:mavedb:00001217-a-4#1216,NA,NA,p.Gly42Tyr,0.49975533617504,0.193930012518228,4
urn:mavedb:00001217-a-4#1217,NA,NA,p.Gly42Val,0.860152489145464,0.205346222836809,24
urn:mavedb:00001217-a-4#1218,NA,NA,p.Gly45=,1.09062448664009,0.0792590529544481,16
urn:mavedb:00001217-a-4#1219,NA,NA,p.Gly45Ala,0.804757909283667,0.081768773286589,16
urn:mavedb:00001217-a-4#1220,NA,NA,p.Gly45Arg,0.0648152327782096,0.160770160134987,20
urn:mavedb:00001217-a-4#1221,NA,NA,p.Gly45Asn,-0.634354204655384,0.54735823658498,8
urn:mavedb:00001217-a-4#1222,NA,NA,p.Gly45Asp,0.171589708778683,0.341345364215466,8
urn:mavedb:00001217-a-4#1223,NA,NA,p.Gly45Cys,-0.663558503074437,0.300898349059409,8
urn:mavedb:00001217-a-4#1224,NA,NA,p.Gly45Gln,0.141538785011773,0.161974352820779,4
urn:mavedb:00001217-a-4#1225,NA,NA,p.Gly45Glu,-0.233795590084799,0.231339913707993,8
urn:mavedb:00001217-a-4#1226,NA,NA,p.Gly45Ile,0.174924510442223,0.224258261418126,8
urn:mavedb:00001217-a-4#1227,NA,NA,p.Gly45Leu,-0.465524838314041,0.425608764630258,12
urn:mavedb:00001217-a-4#1228,NA,NA,p.Gly45Lys,0.243157971690576,0.21906539310095,8
urn:mavedb:00001217-a-4#1229,NA,NA,p.Gly45Met,-0.287631157618403,0.194147595839407,8
urn:mavedb:00001217-a-4#1230,NA,NA,p.Gly45Phe,0.288633012690206,0.196531202234865,8
urn:mavedb:00001217-a-4#1231,NA,NA,p.Gly45Ser,0.327906973925515,0.230794540072013,24
urn:mavedb:00001217-a-4#1232,NA,NA,p.Gly45Ter,0.273936769257396,0.28639015583145,8
urn:mavedb:00001217-a-4#1233,NA,NA,p.Gly45Thr,-0.115754116370813,0.317365548813629,12
urn:mavedb:00001217-a-4#1234,NA,NA,p.Gly45Trp,-0.135451625208648,0.0965187637414742,8
urn:mavedb:00001217-a-4#1235,NA,NA,p.Gly45Tyr,-0.0388644315383124,0.738516791193268,8
urn:mavedb:00001217-a-4#1236,NA,NA,p.Gly45Val,-0.0926427729349124,0.164964898267648,16
urn:mavedb:00001217-a-4#1237,NA,NA,p.Gly52=,0.901799639426135,0.19851533589582,16
urn:mavedb:00001217-a-4#1238,NA,NA,p.Gly52Trp,-0.052250626821621,0.252956702583397,8
urn:mavedb:00001217-a-4#1239,NA,NA,p.Gly52Val,-0.377549709833967,0.335761495616486,8
urn:mavedb:00001217-a-4#1240,NA,NA,p.Gly57=,1.1050606529738,0.214405502837223,20
urn:mavedb:00001217-a-4#1241,NA,NA,p.Gly57Ala,0.402821472767794,0.302966921984351,12
urn:mavedb:00001217-a-4#1242,NA,NA,p.Gly57Arg,0.444830754378006,0.336900692503126,16
urn:mavedb:00001217-a-4#1243,NA,NA,p.Gly57Asp,0.764661094909822,0.667180353619651,12
urn:mavedb:00001217-a-4#1244,NA,NA,p.Gly57Ser,1.45253501453026,0.708578811851557,8
urn:mavedb:00001217-a-4#1245,NA,NA,p.Gly57Val,-0.294078139375457,0.202539046148883,12
urn:mavedb:00001217-a-4#1246,NA,NA,p.Gly62=,1.10157998241559,0.224926571116254,12
urn:mavedb:00001217-a-4#1247,NA,NA,p.Gly62Ala,-0.332680817805992,0.432319772863148,16
urn:mavedb:00001217-a-4#1248,NA,NA,p.Gly62Arg,0.174702952145481,0.357853343116362,24
urn:mavedb:00001217-a-4#1249,NA,NA,p.Gly62Glu,-0.141337816242371,0.18602395853063,8
urn:mavedb:00001217-a-4#1250,NA,NA,p.Gly62Leu,0.0990237806003184,0.365250564863875,8
urn:mavedb:00001217-a-4#1251,NA,NA,p.Gly62Pro,-0.419495978653625,0.405361264503666,4
urn:mavedb:00001217-a-4#1252,NA,NA,p.Gly62Trp,-0.0817177303861115,0.243491126515388,8
urn:mavedb:00001217-a-4#1253,NA,NA,p.Gly62Tyr,-0.127551446944487,0.637277901553786,8
urn:mavedb:00001217-a-4#1254,NA,NA,p.Gly62Val,0.11578298263389,0.332755543237309,16
urn:mavedb:00001217-a-4#1255,NA,NA,p.Gly73=,0.957765512802234,0.0884620670620148,8
urn:mavedb:00001217-a-4#1256,NA,NA,p.Gly73Ala,0.89967129437761,0.118981023543593,16
urn:mavedb:00001217-a-4#1257,NA,NA,p.Gly73Arg,0.815758244134028,0.166397877450246,24
urn:mavedb:00001217-a-4#1258,NA,NA,p.Gly73Asn,0.859935347367628,0.105267520946887,8
urn:mavedb:00001217-a-4#1259,NA,NA,p.Gly73Cys,0.427539628464134,0.193817072016791,8
urn:mavedb:00001217-a-4#1260,NA,NA,p.Gly73Glu,0.175367375372678,0.228596731887078,8
urn:mavedb:00001217-a-4#1261,NA,NA,p.Gly73Ile,-0.211884393370056,0.266587935726084,8
urn:mavedb:00001217-a-4#1262,NA,NA,p.Gly73Leu,-0.594042154524527,0.340302775491611,4
urn:mavedb:00001217-a-4#1263,NA,NA,p.Gly73Lys,0.828046077475139,0.293715591823444,8
urn:mavedb:00001217-a-4#1264,NA,NA,p.Gly73Met,0.513643096075567,0.379263434566921,8
urn:mavedb:00001217-a-4#1265,NA,NA,p.Gly73Phe,0.385163934574902,0.550205289881411,8
urn:mavedb:00001217-a-4#1266,NA,NA,p.Gly73Ser,0.842004734629581,0.188334639387906,24
urn:mavedb:00001217-a-4#1267,NA,NA,p.Gly73Trp,0.082294489533834,0.216161286191799,8
urn:mavedb:00001217-a-4#1268,NA,NA,p.Gly73Tyr,0.435616484645408,0.326829758954853,8
urn:mavedb:00001217-a-4#1269,NA,NA,p.Gly73Val,-0.268398121790505,0.429464449141861,8
urn:mavedb:00001217-a-4#1270,NA,NA,p.Gly74=,0.929289921416841,0.190932055564564,24
urn:mavedb:00001217-a-4#1271,NA,NA,p.Gly74Ala,0.852390646416447,0.184848760132941,16
urn:mavedb:00001217-a-4#1272,NA,NA,p.Gly74Arg,0.891556312093611,0.281909357216135,16
urn:mavedb:00001217-a-4#1273,NA,NA,p.Gly74Asn,1.17308937779778,0.240250047587904,8
urn:mavedb:00001217-a-4#1274,NA,NA,p.Gly74Asp,1.12306467095581,0.119618396157103,8
urn:mavedb:00001217-a-4#1275,NA,NA,p.Gly74Cys,0.924661798164587,0.130930424765181,8
urn:mavedb:00001217-a-4#1276,NA,NA,p.Gly74Gln,1.0672910702661,0.0954059186549279,8
urn:mavedb:00001217-a-4#1277,NA,NA,p.Gly74Glu,1.2075535921664,0.183173427222247,8
urn:mavedb:00001217-a-4#1278,NA,NA,p.Gly74Leu,0.51893796583697,0.17274135401893,8
urn:mavedb:00001217-a-4#1279,NA,NA,p.Gly74Lys,0.643098328940674,0.141733971186833,8
urn:mavedb:00001217-a-4#1280,NA,NA,p.Gly74Met,0.972303517166113,0.136840998038345,8
urn:mavedb:00001217-a-4#1281,NA,NA,p.Gly74Pro,0.656586376297005,0.201212849258172,8
urn:mavedb:00001217-a-4#1282,NA,NA,p.Gly74Ser,0.945944173432713,0.236954749066812,16
urn:mavedb:00001217-a-4#1283,NA,NA,p.Gly74Ter,-0.363053063878132,0.65952912874198,4
urn:mavedb:00001217-a-4#1284,NA,NA,p.Gly74Thr,1.13093890375195,0.0790541785862541,8
urn:mavedb:00001217-a-4#1285,NA,NA,p.Gly74Trp,0.939177592947944,0.118106754354386,8
urn:mavedb:00001217-a-4#1286,NA,NA,p.Gly74Val,0.393052762968775,0.337121433747903,16
urn:mavedb:00001217-a-4#1287,NA,NA,p.Gly83=,1.0610791800917,0.139850090879048,20
urn:mavedb:00001217-a-4#1288,NA,NA,p.Gly83Ala,0.235002614474269,0.317648934819382,16
urn:mavedb:00001217-a-4#1289,NA,NA,p.Gly83Arg,0.214670726186577,0.25892587401411,16
urn:mavedb:00001217-a-4#1290,NA,NA,p.Gly83Asn,-0.196528921642113,0.563404717109268,8
urn:mavedb:00001217-a-4#1291,NA,NA,p.Gly83Cys,0.159146547484486,0.176322807258841,8
urn:mavedb:00001217-a-4#1292,NA,NA,p.Gly83Gln,-0.470114009196341,0.81950773553105,8
urn:mavedb:00001217-a-4#1293,NA,NA,p.Gly83Glu,0.254348451836859,0.214851778477963,8
urn:mavedb:00001217-a-4#1294,NA,NA,p.Gly83His,-0.576534682477868,0.710295184271184,4
urn:mavedb:00001217-a-4#1295,NA,NA,p.Gly83Leu,0.0224823799614513,0.357161056251792,24
urn:mavedb:00001217-a-4#1296,NA,NA,p.Gly83Met,0.128878638778885,0.256306644616485,8
urn:mavedb:00001217-a-4#1297,NA,NA,p.Gly83Phe,0.325877637200173,0.776919850178824,4
urn:mavedb:00001217-a-4#1298,NA,NA,p.Gly83Pro,0.358508670502027,0.348050379899568,4
urn:mavedb:00001217-a-4#1299,NA,NA,p.Gly83Ser,-0.238355823921406,0.577121912618792,12
urn:mavedb:00001217-a-4#1300,NA,NA,p.Gly83Ter,-0.350793070413244,0.386934491650545,8
urn:mavedb:00001217-a-4#1301,NA,NA,p.Gly83Thr,-0.0909963635029624,0.3905999525313,12
urn:mavedb:00001217-a-4#1302,NA,NA,p.Gly83Trp,-0.17258424137626,0.156743923572524,8
urn:mavedb:00001217-a-4#1303,NA,NA,p.Gly83Val,-0.260753008317372,0.177718216628974,16
urn:mavedb:00001217-a-4#1304,NA,NA,p.Gly86=,1.04439251473518,0.0825950321002187,24
urn:mavedb:00001217-a-4#1305,NA,NA,p.Gly86Ala,0.9025009645549,0.129958541749887,24
urn:mavedb:00001217-a-4#1306,NA,NA,p.Gly86Arg,-0.0378580052460847,0.179636820511038,32
urn:mavedb:00001217-a-4#1307,NA,NA,p.Gly86Asn,0.639745557133751,0.103595591472693,8
urn:mavedb:00001217-a-4#1308,NA,NA,p.Gly86Asp,0.647523622071009,0.105603404112884,16
urn:mavedb:00001217-a-4#1309,NA,NA,p.Gly86Cys,0.46275591028895,0.0626787934456182,8
urn:mavedb:00001217-a-4#1310,NA,NA,p.Gly86Gln,0.746906466696843,0.0792095470741921,8
urn:mavedb:00001217-a-4#1311,NA,NA,p.Gly86Glu,0.643825195654306,0.0929449761373023,8
urn:mavedb:00001217-a-4#1312,NA,NA,p.Gly86His,0.400162931923165,0.0966267554165176,8
urn:mavedb:00001217-a-4#1313,NA,NA,p.Gly86Ile,-0.154697190856129,0.22092213493762,8
urn:mavedb:00001217-a-4#1314,NA,NA,p.Gly86Leu,-0.112223072101248,0.14043002545806,24
urn:mavedb:00001217-a-4#1315,NA,NA,p.Gly86Lys,-0.0645258891142527,0.367639594294423,8
urn:mavedb:00001217-a-4#1316,NA,NA,p.Gly86Met,0.571958685793973,0.163129463591777,8
urn:mavedb:00001217-a-4#1317,NA,NA,p.Gly86Phe,-0.377102922869671,0.116310176318596,8
urn:mavedb:00001217-a-4#1318,NA,NA,p.Gly86Pro,0.830751993082635,0.0844998120578391,16
urn:mavedb:00001217-a-4#1319,NA,NA,p.Gly86Ser,0.787417591707982,0.120081804118608,32
urn:mavedb:00001217-a-4#1320,NA,NA,p.Gly86Ter,-0.241351094651991,0.0976621090676235,8
urn:mavedb:00001217-a-4#1321,NA,NA,p.Gly86Thr,0.193343724115125,0.158448460771097,16
urn:mavedb:00001217-a-4#1322,NA,NA,p.Gly86Trp,-0.080724609966746,0.117339423642275,8
urn:mavedb:00001217-a-4#1323,NA,NA,p.Gly86Tyr,0.143896647238782,0.167733361331204,8
urn:mavedb:00001217-a-4#1324,NA,NA,p.Gly86Val,-0.683119647367,0.13549008535743,16
urn:mavedb:00001217-a-4#1325,NA,NA,p.Gly94=,1.0590542700635,0.216981509777937,16
urn:mavedb:00001217-a-4#1326,NA,NA,p.Gly94Ala,0.913756477207712,0.109472393818392,16
urn:mavedb:00001217-a-4#1327,NA,NA,p.Gly94Arg,0.92832083446322,0.0771927943487868,24
urn:mavedb:00001217-a-4#1328,NA,NA,p.Gly94Asn,0.958287373665824,0.0544513816677355,8
urn:mavedb:00001217-a-4#1329,NA,NA,p.Gly94Asp,1.00774873051225,0.0618344198584543,8
urn:mavedb:00001217-a-4#1330,NA,NA,p.Gly94Cys,0.999221188077146,0.0761316864106061,8
urn:mavedb:00001217-a-4#1331,NA,NA,p.Gly94Gln,1.15671999140481,0.064944892680524,8
urn:mavedb:00001217-a-4#1332,NA,NA,p.Gly94Glu,0.991432189021812,0.0470249168439758,8
urn:mavedb:00001217-a-4#1333,NA,NA,p.Gly94His,0.978735727148532,0.096654821725627,8
urn:mavedb:00001217-a-4#1334,NA,NA,p.Gly94Ile,0.954618597413762,0.0493362304633425,8
urn:mavedb:00001217-a-4#1335,NA,NA,p.Gly94Leu,0.968614463959976,0.0562292485228676,24
urn:mavedb:00001217-a-4#1336,NA,NA,p.Gly94Lys,0.975402559522148,0.0714483599500838,8
urn:mavedb:00001217-a-4#1337,NA,NA,p.Gly94Met,0.986466820248622,0.0745090090437302,8
urn:mavedb:00001217-a-4#1338,NA,NA,p.Gly94Phe,0.96296491957741,0.0711065700312817,8
urn:mavedb:00001217-a-4#1339,NA,NA,p.Gly94Pro,0.927557232483507,0.113485236419709,16
urn:mavedb:00001217-a-4#1340,NA,NA,p.Gly94Ser,0.930921344773816,0.116841192095768,24
urn:mavedb:00001217-a-4#1341,NA,NA,p.Gly94Ter,0.159387096319072,0.166379633228962,8
urn:mavedb:00001217-a-4#1342,NA,NA,p.Gly94Thr,0.930838757558067,0.10179102129391,16
urn:mavedb:00001217-a-4#1343,NA,NA,p.Gly94Trp,1.04157948856704,0.0646035326432147,8
urn:mavedb:00001217-a-4#1344,NA,NA,p.Gly94Tyr,0.850660945784931,0.0554614955270773,8
urn:mavedb:00001217-a-4#1345,NA,NA,p.Gly94Val,0.932058988015288,0.0768218601451334,16
urn:mavedb:00001217-a-4#1346,NA,NA,p.His111Ala,1.08136210308178,0.0801555975206693,16
urn:mavedb:00001217-a-4#1347,NA,NA,p.His111Arg,0.992948763554974,0.0732517591217019,24
urn:mavedb:00001217-a-4#1348,NA,NA,p.His111Asn,1.05054028158456,0.0853741438654497,8
urn:mavedb:00001217-a-4#1349,NA,NA,p.His111Asp,0.98896982429072,0.0843308851807053,8
urn:mavedb:00001217-a-4#1350,NA,NA,p.His111Cys,0.948462316149615,0.0660038598599979,8
urn:mavedb:00001217-a-4#1351,NA,NA,p.His111Gln,1.02805712286955,0.182828812579387,12
urn:mavedb:00001217-a-4#1352,NA,NA,p.His111Glu,1.17157227096336,0.0814253648069838,8
urn:mavedb:00001217-a-4#1353,NA,NA,p.His111Gly,0.987266642531896,0.0859904671842851,16
urn:mavedb:00001217-a-4#1354,NA,NA,p.His111Ile,1.04631560448783,0.0570794707958102,8
urn:mavedb:00001217-a-4#1355,NA,NA,p.His111Leu,1.00747069317576,0.0683402407802836,24
urn:mavedb:00001217-a-4#1356,NA,NA,p.His111Lys,1.09337116181616,0.0508890337102037,8
urn:mavedb:00001217-a-4#1357,NA,NA,p.His111Met,0.982648521508998,0.0673195080746954,8
urn:mavedb:00001217-a-4#1358,NA,NA,p.His111Phe,0.982858780567111,0.0493690506346157,8
urn:mavedb:00001217-a-4#1359,NA,NA,p.His111Pro,0.927295860405014,0.111570342042748,16
urn:mavedb:00001217-a-4#1360,NA,NA,p.His111Ser,0.926938702075005,0.0653564441511443,24
urn:mavedb:00001217-a-4#1361,NA,NA,p.His111Ter,-0.263627029519475,0.161847082401255,8
urn:mavedb:00001217-a-4#1362,NA,NA,p.His111Thr,1.02650779719766,0.0908394800804901,16
urn:mavedb:00001217-a-4#1363,NA,NA,p.His111Trp,1.00372500140466,0.0452555762018162,8
urn:mavedb:00001217-a-4#1364,NA,NA,p.His111Tyr,1.07896026548956,0.0770242751960567,8
urn:mavedb:00001217-a-4#1365,NA,NA,p.His111Val,1.07585809773137,0.0652930971571418,16
urn:mavedb:00001217-a-4#1366,NA,NA,p.His121=,0.952331394716137,0.212464119628132,8
urn:mavedb:00001217-a-4#1367,NA,NA,p.His121Ala,-0.381494545527322,0.180348719491904,16
urn:mavedb:00001217-a-4#1368,NA,NA,p.His121Arg,-0.241018000841994,0.231375530503017,24
urn:mavedb:00001217-a-4#1369,NA,NA,p.His121Asn,-0.44112153011206,1.07295426114463,8
urn:mavedb:00001217-a-4#1370,NA,NA,p.His121Asp,-0.143339999267367,0.167315225005421,8
urn:mavedb:00001217-a-4#1371,NA,NA,p.His121Cys,0.0632753593963708,0.0910338051654364,8
urn:mavedb:00001217-a-4#1372,NA,NA,p.His121Gln,-0.197898016942806,0.337433171736742,8
urn:mavedb:00001217-a-4#1373,NA,NA,p.His121Glu,-0.140229894120704,0.139917138877053,8
urn:mavedb:00001217-a-4#1374,NA,NA,p.His121Gly,-0.422210080332103,0.174697814146526,16
urn:mavedb:00001217-a-4#1375,NA,NA,p.His121Ile,-0.403808604887088,0.125312604036547,8
urn:mavedb:00001217-a-4#1376,NA,NA,p.His121Leu,-0.217312233185713,0.146008271753901,24
urn:mavedb:00001217-a-4#1377,NA,NA,p.His121Lys,-0.100150979664667,0.169454062777021,8
urn:mavedb:00001217-a-4#1378,NA,NA,p.His121Met,0.099245481644569,0.117928350911977,8
urn:mavedb:00001217-a-4#1379,NA,NA,p.His121Phe,0.041807544157415,0.10759019631372,8
urn:mavedb:00001217-a-4#1380,NA,NA,p.His121Pro,0.0549045741943305,0.139638079927736,16
urn:mavedb:00001217-a-4#1381,NA,NA,p.His121Ser,-0.234320673648604,0.180624754242319,24
urn:mavedb:00001217-a-4#1382,NA,NA,p.His121Ter,-0.017436811269041,0.115203318292045,8
urn:mavedb:00001217-a-4#1383,NA,NA,p.His121Thr,-0.032216203289633,0.166310723751227,16
urn:mavedb:00001217-a-4#1384,NA,NA,p.His121Trp,-0.101178744806756,0.147687706639132,8
urn:mavedb:00001217-a-4#1385,NA,NA,p.His121Val,-0.219655019853258,0.107275361724023,16
urn:mavedb:00001217-a-4#1386,NA,NA,p.His44Ala,0.965057929632476,0.228685810942616,16
urn:mavedb:00001217-a-4#1387,NA,NA,p.His44Arg,0.696256506207319,0.345044844833919,24
urn:mavedb:00001217-a-4#1388,NA,NA,p.His44Asn,1.68604302792167,0.540017891205933,8
urn:mavedb:00001217-a-4#1389,NA,NA,p.His44Asp,0.250910573249764,0.513703442907295,4
urn:mavedb:00001217-a-4#1390,NA,NA,p.His44Cys,0.977032944134026,0.168619492310134,8
urn:mavedb:00001217-a-4#1391,NA,NA,p.His44Gln,0.743047209074709,0.0884970755431623,8
urn:mavedb:00001217-a-4#1392,NA,NA,p.His44Glu,-0.0961622698407292,0.141170339715244,8
urn:mavedb:00001217-a-4#1393,NA,NA,p.His44Gly,0.848610546118568,0.290866487321375,16
urn:mavedb:00001217-a-4#1394,NA,NA,p.His44Ile,0.531360718997135,0.10375948920763,8
urn:mavedb:00001217-a-4#1395,NA,NA,p.His44Leu,0.619945520346229,0.277179619743942,24
urn:mavedb:00001217-a-4#1396,NA,NA,p.His44Lys,0.944639564490634,0.224309214532729,8
urn:mavedb:00001217-a-4#1397,NA,NA,p.His44Met,1.02355434935194,0.136270136921386,8
urn:mavedb:00001217-a-4#1398,NA,NA,p.His44Phe,0.940847180177979,0.0919830525525592,8
urn:mavedb:00001217-a-4#1399,NA,NA,p.His44Pro,-0.340065476618578,0.493783175291074,16
urn:mavedb:00001217-a-4#1400,NA,NA,p.His44Ser,0.868354163380375,0.130970177596307,24
urn:mavedb:00001217-a-4#1401,NA,NA,p.His44Ter,-0.156288254209525,0.246441929298153,8
urn:mavedb:00001217-a-4#1402,NA,NA,p.His44Thr,0.395021459049215,0.323131081659412,16
urn:mavedb:00001217-a-4#1403,NA,NA,p.His44Trp,-0.032958841430468,0.182688108250744,8
urn:mavedb:00001217-a-4#1404,NA,NA,p.His44Tyr,0.652143982974899,0.33655440558802,8
urn:mavedb:00001217-a-4#1405,NA,NA,p.His44Val,0.594465070143524,0.168413847818699,16
urn:mavedb:00001217-a-4#1406,NA,NA,p.His47=,1.0100359451564,0.575972927851818,8
urn:mavedb:00001217-a-4#1407,NA,NA,p.His47Arg,0.151407322230809,0.276837892648765,12
urn:mavedb:00001217-a-4#1408,NA,NA,p.His47Asp,0.454883935125634,0.408856577202264,8
urn:mavedb:00001217-a-4#1409,NA,NA,p.His47Glu,0.282705636836553,0.225451838431388,4
urn:mavedb:00001217-a-4#1410,NA,NA,p.His47Ile,-0.0719465170190435,0.547270965330415,8
urn:mavedb:00001217-a-4#1411,NA,NA,p.His47Leu,0.0689305869949705,0.838408903899687,16
urn:mavedb:00001217-a-4#1412,NA,NA,p.His47Pro,0.0304001710948957,0.423857833416659,12
urn:mavedb:00001217-a-4#1413,NA,NA,p.His47Ser,-0.0924213505010092,0.311648142569434,8
urn:mavedb:00001217-a-4#1414,NA,NA,p.His47Ter,0.258476631857936,0.257686195286725,8
urn:mavedb:00001217-a-4#1415,NA,NA,p.His49=,0.759337241182902,0.489800025130277,8
urn:mavedb:00001217-a-4#1416,NA,NA,p.His49Ala,0.106225937329769,0.232648153909618,8
urn:mavedb:00001217-a-4#1417,NA,NA,p.His49Ser,-0.154241137389822,0.631260897656867,8
urn:mavedb:00001217-a-4#1418,NA,NA,p.His64=,0.938383687623418,0.136878032984534,8
urn:mavedb:00001217-a-4#1419,NA,NA,p.His64Arg,-0.153926358689618,0.600354579038659,12
urn:mavedb:00001217-a-4#1420,NA,NA,p.His64Gln,0.435427787756071,0.483986358906514,8
urn:mavedb:00001217-a-4#1421,NA,NA,p.His64Leu,0.0679420551932756,0.493381216080041,8
urn:mavedb:00001217-a-4#1422,NA,NA,p.His64Lys,-0.160356059428224,0.390384903994307,4
urn:mavedb:00001217-a-4#1423,NA,NA,p.His72=,0.92101535815751,0.0751034043733574,8
urn:mavedb:00001217-a-4#1424,NA,NA,p.His72Arg,-0.0317269545785452,0.402443156953028,32
urn:mavedb:00001217-a-4#1425,NA,NA,p.His72Asn,0.136926581971921,0.622441885763462,16
urn:mavedb:00001217-a-4#1426,NA,NA,p.His72Asp,-0.356901774541569,0.239039978925094,8
urn:mavedb:00001217-a-4#1427,NA,NA,p.His72Gln,0.120876150543778,0.454642274181206,12
urn:mavedb:00001217-a-4#1428,NA,NA,p.His72Gly,-0.230512030279196,0.365351046979576,8
urn:mavedb:00001217-a-4#1429,NA,NA,p.His72Leu,-0.0005307138610969,0.34197113701376,16
urn:mavedb:00001217-a-4#1430,NA,NA,p.His72Phe,-0.256454778049436,0.241054203904058,8
urn:mavedb:00001217-a-4#1431,NA,NA,p.His72Pro,-0.10969695593962,0.217396531197208,16
urn:mavedb:00001217-a-4#1432,NA,NA,p.His72Ter,-0.045160944953967,0.81855745659684,8
urn:mavedb:00001217-a-4#1433,NA,NA,p.His72Thr,-0.0082658559020121,0.361811935314752,12
urn:mavedb:00001217-a-4#1434,NA,NA,p.His72Tyr,0.156462887893683,0.360044223347118,8
urn:mavedb:00001217-a-4#1435,NA,NA,p.His81Arg,0.033663683793382,0.22580031258963,8
urn:mavedb:00001217-a-4#1436,NA,NA,p.His81Asp,0.292190838883156,1.08912430786365,8
urn:mavedb:00001217-a-4#1437,NA,NA,p.His81Cys,-0.167723898134482,0.416669856912141,8
urn:mavedb:00001217-a-4#1438,NA,NA,p.His81Gln,-0.0828552187887178,0.657571536275346,4
urn:mavedb:00001217-a-4#1439,NA,NA,p.His81Glu,0.456737635315567,0.216830601370184,8
urn:mavedb:00001217-a-4#1440,NA,NA,p.His81Leu,-0.548651052302326,0.62529306056714,8
urn:mavedb:00001217-a-4#1441,NA,NA,p.His81Lys,-0.139613800501035,0.322315257317706,4
urn:mavedb:00001217-a-4#1442,NA,NA,p.His81Pro,0.418665586603792,0.64056952155795,16
urn:mavedb:00001217-a-4#1443,NA,NA,p.His81Tyr,0.748146662396592,1.26965130088984,8
urn:mavedb:00001217-a-4#1444,NA,NA,p.Ile100=,0.782670810379211,1.06033883616897,8
urn:mavedb:00001217-a-4#1445,NA,NA,p.Ile100Ala,0.977021554529797,0.0816582806705882,16
urn:mavedb:00001217-a-4#1446,NA,NA,p.Ile100Arg,1.03868160290599,0.0621176794927401,24
urn:mavedb:00001217-a-4#1447,NA,NA,p.Ile100Asn,1.07560720845173,0.0730753139738599,8
urn:mavedb:00001217-a-4#1448,NA,NA,p.Ile100Asp,0.977919689632768,0.0453857448758102,8
urn:mavedb:00001217-a-4#1449,NA,NA,p.Ile100Cys,1.13906376473505,0.0377658819843673,8
urn:mavedb:00001217-a-4#1450,NA,NA,p.Ile100Gln,1.12078884446428,0.0413869142728166,8
urn:mavedb:00001217-a-4#1451,NA,NA,p.Ile100Glu,1.01770006612982,0.0815685014460421,8
urn:mavedb:00001217-a-4#1452,NA,NA,p.Ile100Gly,0.984373893824081,0.0459362428491502,16
urn:mavedb:00001217-a-4#1453,NA,NA,p.Ile100His,0.965258112371519,0.0622171991594082,8
urn:mavedb:00001217-a-4#1454,NA,NA,p.Ile100Leu,1.032933221509,0.0702173414295418,24
urn:mavedb:00001217-a-4#1455,NA,NA,p.Ile100Lys,1.10127883847191,0.0380653659025471,8
urn:mavedb:00001217-a-4#1456,NA,NA,p.Ile100Met,1.01135753155072,0.0592929334224831,8
urn:mavedb:00001217-a-4#1457,NA,NA,p.Ile100Phe,1.052383209406,0.0794467848762476,8
urn:mavedb:00001217-a-4#1458,NA,NA,p.Ile100Pro,0.500169218764802,0.119831100326339,16
urn:mavedb:00001217-a-4#1459,NA,NA,p.Ile100Ser,0.994235526683445,0.0536279762592187,24
urn:mavedb:00001217-a-4#1460,NA,NA,p.Ile100Ter,-0.383997878573754,0.113007067498935,8
urn:mavedb:00001217-a-4#1461,NA,NA,p.Ile100Thr,1.02134132438252,0.0583196011019123,16
urn:mavedb:00001217-a-4#1462,NA,NA,p.Ile100Trp,1.05782375209989,0.0384832131825178,8
urn:mavedb:00001217-a-4#1463,NA,NA,p.Ile100Tyr,1.0187463229723,0.0381433134961121,8
urn:mavedb:00001217-a-4#1464,NA,NA,p.Ile100Val,1.04837038417501,0.0942199497283006,16
urn:mavedb:00001217-a-4#1465,NA,NA,p.Ile105=,0.835848591782337,0.200276109033182,8
urn:mavedb:00001217-a-4#1466,NA,NA,p.Ile105Ala,0.924527119194229,0.157174788479126,8
urn:mavedb:00001217-a-4#1467,NA,NA,p.Ile105Arg,-0.009582787900679,0.208508537150812,8
urn:mavedb:00001217-a-4#1468,NA,NA,p.Ile105Asn,0.463538444133034,0.208304935767393,8
urn:mavedb:00001217-a-4#1469,NA,NA,p.Ile105Cys,1.14925521442823,0.184839536891271,8
urn:mavedb:00001217-a-4#1470,NA,NA,p.Ile105Gly,0.31993516242282,0.214574175584531,12
urn:mavedb:00001217-a-4#1471,NA,NA,p.Ile105Leu,0.767805063623008,0.284870084361417,20
urn:mavedb:00001217-a-4#1472,NA,NA,p.Ile105Lys,0.462054785600487,0.255321454067987,4
urn:mavedb:00001217-a-4#1473,NA,NA,p.Ile105Met,0.866826501537367,0.154228089261318,8
urn:mavedb:00001217-a-4#1474,NA,NA,p.Ile105Phe,0.851411599881488,0.427746997939562,12
urn:mavedb:00001217-a-4#1475,NA,NA,p.Ile105Ser,0.939490505520593,0.26223993784148,16
urn:mavedb:00001217-a-4#1476,NA,NA,p.Ile105Thr,0.762924209803942,0.292672608840137,20
urn:mavedb:00001217-a-4#1477,NA,NA,p.Ile105Tyr,0.731027918843106,0.147893076985076,8
urn:mavedb:00001217-a-4#1478,NA,NA,p.Ile105Val,1.00527761561439,0.254715989855929,20
urn:mavedb:00001217-a-4#1479,NA,NA,p.Ile113=,1.00262490748645,0.0870277259442768,8
urn:mavedb:00001217-a-4#1480,NA,NA,p.Ile113Ala,0.966979932044795,0.0699818605691853,16
urn:mavedb:00001217-a-4#1481,NA,NA,p.Ile113Arg,0.175346490621938,0.221048739762129,24
urn:mavedb:00001217-a-4#1482,NA,NA,p.Ile113Asn,0.0173792094818095,0.310362786359758,12
urn:mavedb:00001217-a-4#1483,NA,NA,p.Ile113Asp,0.246948419334372,0.15135055031649,8
urn:mavedb:00001217-a-4#1484,NA,NA,p.Ile113Cys,1.03996538972171,0.0712453333404118,8
urn:mavedb:00001217-a-4#1485,NA,NA,p.Ile113Gln,-0.251914668459826,0.131700702388334,8
urn:mavedb:00001217-a-4#1486,NA,NA,p.Ile113Glu,0.134047197280284,0.173204314305793,8
urn:mavedb:00001217-a-4#1487,NA,NA,p.Ile113Gly,0.737215906093762,0.1356335857391,16
urn:mavedb:00001217-a-4#1488,NA,NA,p.Ile113His,-0.289725848748958,0.197890249346968,8
urn:mavedb:00001217-a-4#1489,NA,NA,p.Ile113Leu,0.95216059784552,0.0856492480349899,24
urn:mavedb:00001217-a-4#1490,NA,NA,p.Ile113Lys,-0.238148840698101,0.299096722213105,8
urn:mavedb:00001217-a-4#1491,NA,NA,p.Ile113Met,0.84905415853665,0.0690623167438802,8
urn:mavedb:00001217-a-4#1492,NA,NA,p.Ile113Phe,0.81031723356668,0.230186463664597,12
urn:mavedb:00001217-a-4#1493,NA,NA,p.Ile113Pro,0.715813439066985,0.144371312524305,16
urn:mavedb:00001217-a-4#1494,NA,NA,p.Ile113Ser,0.810769408017201,0.134311605717275,32
urn:mavedb:00001217-a-4#1495,NA,NA,p.Ile113Ter,-0.258516965568161,0.195895081318017,8
urn:mavedb:00001217-a-4#1496,NA,NA,p.Ile113Thr,0.962083122939184,0.159537531476116,24
urn:mavedb:00001217-a-4#1497,NA,NA,p.Ile113Trp,-0.366146016290068,0.265222229662323,8
urn:mavedb:00001217-a-4#1498,NA,NA,p.Ile113Tyr,-0.0467252455821608,0.100780470662708,8
urn:mavedb:00001217-a-4#1499,NA,NA,p.Ile113Val,1.05496855588345,0.152882131123211,24
urn:mavedb:00001217-a-4#1500,NA,NA,p.Ile114=,0.704922558680888,0.477529693448119,8
urn:mavedb:00001217-a-4#1501,NA,NA,p.Ile114Ala,0.883043334563258,0.063417803054428,16
urn:mavedb:00001217-a-4#1502,NA,NA,p.Ile114Arg,0.888473480686124,0.0774108025862572,24
urn:mavedb:00001217-a-4#1503,NA,NA,p.Ile114Asn,0.930354347297279,0.0778892182229348,8
urn:mavedb:00001217-a-4#1504,NA,NA,p.Ile114Asp,0.429639868774418,0.0818391805041638,8
urn:mavedb:00001217-a-4#1505,NA,NA,p.Ile114Cys,0.96105572692856,0.0611700938317912,8
urn:mavedb:00001217-a-4#1506,NA,NA,p.Ile114Gln,0.816766130657965,0.0568323719742703,8
urn:mavedb:00001217-a-4#1507,NA,NA,p.Ile114Glu,0.623726999221815,0.102040949282821,8
urn:mavedb:00001217-a-4#1508,NA,NA,p.Ile114Gly,0.673390260722278,0.0726472840302532,16
urn:mavedb:00001217-a-4#1509,NA,NA,p.Ile114His,0.833442292281615,0.056909874120709,8
urn:mavedb:00001217-a-4#1510,NA,NA,p.Ile114Leu,0.911672747206205,0.0717001249975551,24
urn:mavedb:00001217-a-4#1511,NA,NA,p.Ile114Lys,0.914994623268931,0.0573901325074947,8
urn:mavedb:00001217-a-4#1512,NA,NA,p.Ile114Met,0.961334876615513,0.0515544653588827,8
urn:mavedb:00001217-a-4#1513,NA,NA,p.Ile114Phe,0.80465233856487,0.0900630752979746,8
urn:mavedb:00001217-a-4#1514,NA,NA,p.Ile114Pro,0.586268043971963,0.148204953011616,16
urn:mavedb:00001217-a-4#1515,NA,NA,p.Ile114Ser,0.925388057006026,0.0905171349819855,24
urn:mavedb:00001217-a-4#1516,NA,NA,p.Ile114Ter,-0.160046831505875,0.199987671744382,8
urn:mavedb:00001217-a-4#1517,NA,NA,p.Ile114Thr,0.95626953337056,0.108856636593171,16
urn:mavedb:00001217-a-4#1518,NA,NA,p.Ile114Trp,0.92960798178289,0.0814651907667203,8
urn:mavedb:00001217-a-4#1519,NA,NA,p.Ile114Tyr,0.982246452238986,0.0722382327242179,8
urn:mavedb:00001217-a-4#1520,NA,NA,p.Ile114Val,0.978072314904513,0.0840740552752258,16
urn:mavedb:00001217-a-4#1521,NA,NA,p.Ile150=,1.20585730404687,0.443845508943709,16
urn:mavedb:00001217-a-4#1522,NA,NA,p.Ile150Ala,0.754056912626212,0.149502104212883,16
urn:mavedb:00001217-a-4#1523,NA,NA,p.Ile150Arg,-0.000383653212478,0.402098254590968,20
urn:mavedb:00001217-a-4#1524,NA,NA,p.Ile150Asn,0.65660383063307,0.6692530651789,8
urn:mavedb:00001217-a-4#1525,NA,NA,p.Ile150Asp,0.0125798673678907,0.195800379701579,8
urn:mavedb:00001217-a-4#1526,NA,NA,p.Ile150Cys,0.894897122135889,0.0597368026099405,8
urn:mavedb:00001217-a-4#1527,NA,NA,p.Ile150Glu,-0.409767212984687,0.860464779531745,8
urn:mavedb:00001217-a-4#1528,NA,NA,p.Ile150Gly,-0.136788123722607,0.263893988602972,16
urn:mavedb:00001217-a-4#1529,NA,NA,p.Ile150His,-0.929905940708224,0.560090049826294,8
urn:mavedb:00001217-a-4#1530,NA,NA,p.Ile150Leu,0.836457641559302,0.153376471262357,24
urn:mavedb:00001217-a-4#1531,NA,NA,p.Ile150Met,0.771955686017525,0.0999518518328697,8
urn:mavedb:00001217-a-4#1532,NA,NA,p.Ile150Pro,0.371590202351074,0.285890983011367,16
urn:mavedb:00001217-a-4#1533,NA,NA,p.Ile150Ser,0.0837747962511512,0.231171517834628,24
urn:mavedb:00001217-a-4#1534,NA,NA,p.Ile150Ter,-0.11343967555904,0.318312371449301,4
urn:mavedb:00001217-a-4#1535,NA,NA,p.Ile150Thr,0.803220397346222,0.208336239124131,16
urn:mavedb:00001217-a-4#1536,NA,NA,p.Ile150Trp,0.129816385751927,0.454828608396863,8
urn:mavedb:00001217-a-4#1537,NA,NA,p.Ile150Tyr,-0.037649585689413,0.19693208194626,8
urn:mavedb:00001217-a-4#1538,NA,NA,p.Ile150Val,0.882604468562971,0.0876742526323809,16
urn:mavedb:00001217-a-4#1539,NA,NA,p.Ile152=,0.987678519920331,0.0780799504673865,8
urn:mavedb:00001217-a-4#1540,NA,NA,p.Ile152Leu,0.650211223554527,0.285596870119963,20
urn:mavedb:00001217-a-4#1541,NA,NA,p.Ile152Lys,0.61145153970901,0.383927396859329,4
urn:mavedb:00001217-a-4#1542,NA,NA,p.Ile152Met,0.886831095148493,0.143499805268031,8
urn:mavedb:00001217-a-4#1543,NA,NA,p.Ile152Phe,0.558735466266625,0.517550062254923,12
urn:mavedb:00001217-a-4#1544,NA,NA,p.Ile152Thr,1.26276381623595,1.06095791737567,4
urn:mavedb:00001217-a-4#1545,NA,NA,p.Ile152Val,0.77291392497462,0.180913249140186,20
urn:mavedb:00001217-a-4#1546,NA,NA,p.Ile18=,0.991905327590975,0.501828899356506,8
urn:mavedb:00001217-a-4#1547,NA,NA,p.Ile18Ala,0.972885205649722,0.145159019569581,16
urn:mavedb:00001217-a-4#1548,NA,NA,p.Ile18Arg,0.961458903104606,0.110307553628454,24
urn:mavedb:00001217-a-4#1549,NA,NA,p.Ile18Asn,0.942708702008519,0.1335279336621,16
urn:mavedb:00001217-a-4#1550,NA,NA,p.Ile18Asp,0.797790854872961,0.182346011899349,4
urn:mavedb:00001217-a-4#1551,NA,NA,p.Ile18Cys,0.856517862397834,0.0743376571710779,8
urn:mavedb:00001217-a-4#1552,NA,NA,p.Ile18Gln,1.03272891900803,0.0792399134968224,8
urn:mavedb:00001217-a-4#1553,NA,NA,p.Ile18Glu,0.953827714082143,0.075736396734147,8
urn:mavedb:00001217-a-4#1554,NA,NA,p.Ile18Gly,1.06151149853092,0.124391979955772,16
urn:mavedb:00001217-a-4#1555,NA,NA,p.Ile18His,1.01793432895423,0.082940006653998,8
urn:mavedb:00001217-a-4#1556,NA,NA,p.Ile18Leu,0.853271113696902,0.164051071071975,24
urn:mavedb:00001217-a-4#1557,NA,NA,p.Ile18Lys,1.07390448294591,0.112435840589974,8
urn:mavedb:00001217-a-4#1558,NA,NA,p.Ile18Met,0.859831647263281,0.0698370672049055,8
urn:mavedb:00001217-a-4#1559,NA,NA,p.Ile18Phe,0.966078721043673,0.0813362376089529,8
urn:mavedb:00001217-a-4#1560,NA,NA,p.Ile18Pro,0.535741617502411,0.301242097126578,12
urn:mavedb:00001217-a-4#1561,NA,NA,p.Ile18Ser,1.02069604524798,0.110813696339563,24
urn:mavedb:00001217-a-4#1562,NA,NA,p.Ile18Ter,-0.2191161656508,0.183980350996395,8
urn:mavedb:00001217-a-4#1563,NA,NA,p.Ile18Thr,1.03458022661411,0.192450651795998,24
urn:mavedb:00001217-a-4#1564,NA,NA,p.Ile18Trp,0.918159152943077,0.128525171959633,8
urn:mavedb:00001217-a-4#1565,NA,NA,p.Ile18Tyr,1.0780223380597,0.144614135607976,8
urn:mavedb:00001217-a-4#1566,NA,NA,p.Ile18Val,1.00008414623585,0.15583687094817,24
urn:mavedb:00001217-a-4#1567,NA,NA,p.Ile19=,0.967370217126711,0.186618640001727,12
urn:mavedb:00001217-a-4#1568,NA,NA,p.Ile19Ala,0.891271659480651,0.0799233928656296,16
urn:mavedb:00001217-a-4#1569,NA,NA,p.Ile19Arg,0.0101757620566835,0.247608222572314,24
urn:mavedb:00001217-a-4#1570,NA,NA,p.Ile19Asn,0.28463695414225,0.524597753126341,16
urn:mavedb:00001217-a-4#1571,NA,NA,p.Ile19Asp,0.0522611145690192,0.289471449911791,8
urn:mavedb:00001217-a-4#1572,NA,NA,p.Ile19Cys,0.954100260872958,0.103075026864518,8
urn:mavedb:00001217-a-4#1573,NA,NA,p.Ile19Gln,0.224316176682969,0.159569886356009,8
urn:mavedb:00001217-a-4#1574,NA,NA,p.Ile19Glu,-0.457193257797301,0.45751785618358,8
urn:mavedb:00001217-a-4#1575,NA,NA,p.Ile19Gly,-0.298967088879136,0.218149210370692,16
urn:mavedb:00001217-a-4#1576,NA,NA,p.Ile19His,0.0604264417436047,0.184947499308201,8
urn:mavedb:00001217-a-4#1577,NA,NA,p.Ile19Leu,1.03254854522666,0.10041387192777,24
urn:mavedb:00001217-a-4#1578,NA,NA,p.Ile19Lys,-0.394035994475105,0.136352187734595,8
urn:mavedb:00001217-a-4#1579,NA,NA,p.Ile19Met,1.11072398834709,0.0442997386086853,8
urn:mavedb:00001217-a-4#1580,NA,NA,p.Ile19Phe,0.943219029584706,0.042780733210409,8
urn:mavedb:00001217-a-4#1581,NA,NA,p.Ile19Pro,-0.0645605450648528,0.356123134225388,16
urn:mavedb:00001217-a-4#1582,NA,NA,p.Ile19Ser,0.146568217549764,0.213317609092023,24
urn:mavedb:00001217-a-4#1583,NA,NA,p.Ile19Ter,-0.0278857938229335,0.176786825290721,8
urn:mavedb:00001217-a-4#1584,NA,NA,p.Ile19Thr,0.742022327303502,0.154472817542294,24
urn:mavedb:00001217-a-4#1585,NA,NA,p.Ile19Trp,-0.266259554336738,0.157836086863386,8
urn:mavedb:00001217-a-4#1586,NA,NA,p.Ile19Tyr,0.200568034596218,0.117456210991452,8
urn:mavedb:00001217-a-4#1587,NA,NA,p.Ile19Val,1.00517517660042,0.121123764702586,24
urn:mavedb:00001217-a-4#1588,NA,NA,p.Ile36=,0.974346544193833,0.117494651375879,16
urn:mavedb:00001217-a-4#1589,NA,NA,p.Ile36Ala,0.986034254883343,0.0581613133406168,16
urn:mavedb:00001217-a-4#1590,NA,NA,p.Ile36Arg,-0.176437128916666,0.154229799300053,24
urn:mavedb:00001217-a-4#1591,NA,NA,p.Ile36Asn,0.176517364255455,0.124004818653744,8
urn:mavedb:00001217-a-4#1592,NA,NA,p.Ile36Asp,-0.126093253608538,0.1554405340604,8
urn:mavedb:00001217-a-4#1593,NA,NA,p.Ile36Cys,0.977747874082433,0.063239266737126,8
urn:mavedb:00001217-a-4#1594,NA,NA,p.Ile36Gln,0.130854482855735,0.142706524351783,8
urn:mavedb:00001217-a-4#1595,NA,NA,p.Ile36Glu,-0.021644763766224,0.160650945590577,8
urn:mavedb:00001217-a-4#1596,NA,NA,p.Ile36Gly,-0.087624007217115,0.0836577359517669,16
urn:mavedb:00001217-a-4#1597,NA,NA,p.Ile36His,-0.386649194477349,0.0699399926458082,8
urn:mavedb:00001217-a-4#1598,NA,NA,p.Ile36Leu,1.0752583325881,0.0773229077128457,24
urn:mavedb:00001217-a-4#1599,NA,NA,p.Ile36Lys,-0.353421637734857,0.110339938647617,8
urn:mavedb:00001217-a-4#1600,NA,NA,p.Ile36Met,0.961454783617528,0.0270482672047527,8
urn:mavedb:00001217-a-4#1601,NA,NA,p.Ile36Phe,1.06858825794517,0.0399045514837925,8
urn:mavedb:00001217-a-4#1602,NA,NA,p.Ile36Pro,0.160267116069985,0.238475550056804,16
urn:mavedb:00001217-a-4#1603,NA,NA,p.Ile36Ser,0.515941151654449,0.078819194244256,24
urn:mavedb:00001217-a-4#1604,NA,NA,p.Ile36Ter,-0.022761944488394,0.0911722880704175,8
urn:mavedb:00001217-a-4#1605,NA,NA,p.Ile36Thr,0.965029542950026,0.0649420145258614,16
urn:mavedb:00001217-a-4#1606,NA,NA,p.Ile36Trp,0.264626736298424,0.0963032521404067,8
urn:mavedb:00001217-a-4#1607,NA,NA,p.Ile36Tyr,0.641376265460988,0.0441421668775559,8
urn:mavedb:00001217-a-4#1608,NA,NA,p.Ile36Val,1.10421484545194,0.0326125594928533,16
urn:mavedb:00001217-a-4#1609,NA,NA,p.Leu107=,0.883600900452714,0.161745904667551,24
urn:mavedb:00001217-a-4#1610,NA,NA,p.Leu107Ala,0.276961499079154,0.261712239790055,12
urn:mavedb:00001217-a-4#1611,NA,NA,p.Leu107Arg,-0.171712167141524,0.44382419004589,12
urn:mavedb:00001217-a-4#1612,NA,NA,p.Leu107Asn,0.828887185477955,0.130417219634178,8
urn:mavedb:00001217-a-4#1613,NA,NA,p.Leu107Cys,0.679428117351435,0.219819839013592,8
urn:mavedb:00001217-a-4#1614,NA,NA,p.Leu107Gln,0.443794529706269,0.182613381645551,8
urn:mavedb:00001217-a-4#1615,NA,NA,p.Leu107Glu,-0.235172101600283,0.320345639907308,8
urn:mavedb:00001217-a-4#1616,NA,NA,p.Leu107Gly,0.632050974868454,0.257902665642868,16
urn:mavedb:00001217-a-4#1617,NA,NA,p.Leu107His,0.838811518456408,0.106686913775478,8
urn:mavedb:00001217-a-4#1618,NA,NA,p.Leu107Ile,0.990033575505045,0.328492582912162,16
urn:mavedb:00001217-a-4#1619,NA,NA,p.Leu107Lys,0.549045593511396,0.320516627018283,4
urn:mavedb:00001217-a-4#1620,NA,NA,p.Leu107Met,1.04892002527094,0.12723838564922,8
urn:mavedb:00001217-a-4#1621,NA,NA,p.Leu107Phe,0.935479972332139,0.0800033564242347,8
urn:mavedb:00001217-a-4#1622,NA,NA,p.Leu107Pro,-0.162699486584358,0.351275371254419,16
urn:mavedb:00001217-a-4#1623,NA,NA,p.Leu107Ser,0.416394379722866,0.288968560031119,24
urn:mavedb:00001217-a-4#1624,NA,NA,p.Leu107Thr,0.863285405157721,0.191682708856099,12
urn:mavedb:00001217-a-4#1625,NA,NA,p.Leu107Trp,-0.883779033739623,0.730244110339509,8
urn:mavedb:00001217-a-4#1626,NA,NA,p.Leu107Tyr,0.38339623529443,0.13239560963343,8
urn:mavedb:00001217-a-4#1627,NA,NA,p.Leu107Val,1.0310670910058,0.205057861785541,16
urn:mavedb:00001217-a-4#1628,NA,NA,p.Leu118=,1.05782268528647,0.15511243267902,24
urn:mavedb:00001217-a-4#1629,NA,NA,p.Leu118Ala,0.96364680776445,0.064339421955073,16
urn:mavedb:00001217-a-4#1630,NA,NA,p.Leu118Arg,-0.129091339517718,0.170933919588571,24
urn:mavedb:00001217-a-4#1631,NA,NA,p.Leu118Asn,0.451591433287654,0.128912160769318,8
urn:mavedb:00001217-a-4#1632,NA,NA,p.Leu118Asp,-0.0295183445466605,0.241627652790677,8
urn:mavedb:00001217-a-4#1633,NA,NA,p.Leu118Cys,1.15003050206784,0.0610267581979358,8
urn:mavedb:00001217-a-4#1634,NA,NA,p.Leu118Gln,0.881656952479823,0.0628730225428829,8
urn:mavedb:00001217-a-4#1635,NA,NA,p.Leu118Glu,-0.133505485045207,0.134280293549084,8
urn:mavedb:00001217-a-4#1636,NA,NA,p.Leu118Gly,0.80846229686573,0.125813587456379,16
urn:mavedb:00001217-a-4#1637,NA,NA,p.Leu118His,-0.198272565240901,0.24193533386214,8
urn:mavedb:00001217-a-4#1638,NA,NA,p.Leu118Ile,0.989786330900343,0.0674412014502423,8
urn:mavedb:00001217-a-4#1639,NA,NA,p.Leu118Lys,-0.371400857890932,0.261862025832145,8
urn:mavedb:00001217-a-4#1640,NA,NA,p.Leu118Met,1.08560311262479,0.0802714574580565,8
urn:mavedb:00001217-a-4#1641,NA,NA,p.Leu118Phe,0.943248957874515,0.0815600499691698,8
urn:mavedb:00001217-a-4#1642,NA,NA,p.Leu118Pro,-0.337505550458481,0.181425923410419,8
urn:mavedb:00001217-a-4#1643,NA,NA,p.Leu118Ser,0.973827204725942,0.0868350197958406,24
urn:mavedb:00001217-a-4#1644,NA,NA,p.Leu118Ter,0.0034503589656984,0.215260302208055,8
urn:mavedb:00001217-a-4#1645,NA,NA,p.Leu118Thr,0.994000771129347,0.0863658864409499,16
urn:mavedb:00001217-a-4#1646,NA,NA,p.Leu118Trp,0.160474420927306,0.0950238351902734,8
urn:mavedb:00001217-a-4#1647,NA,NA,p.Leu118Tyr,-0.155668983626759,0.172468458261855,8
urn:mavedb:00001217-a-4#1648,NA,NA,p.Leu118Val,1.03966131505213,0.0795675842497104,16
urn:mavedb:00001217-a-4#1649,NA,NA,p.Leu127=,1.08123568252089,0.185727821761429,16
urn:mavedb:00001217-a-4#1650,NA,NA,p.Leu127Ala,0.925062910034522,0.0775878155588604,16
urn:mavedb:00001217-a-4#1651,NA,NA,p.Leu127Arg,0.872367334528402,0.110262199604777,24
urn:mavedb:00001217-a-4#1652,NA,NA,p.Leu127Asn,0.871797150784095,0.100180281315827,8
urn:mavedb:00001217-a-4#1653,NA,NA,p.Leu127Asp,0.87378296056838,0.0714307277831304,8
urn:mavedb:00001217-a-4#1654,NA,NA,p.Leu127Cys,0.924099356481771,0.0656462147034925,8
urn:mavedb:00001217-a-4#1655,NA,NA,p.Leu127Gln,0.837491061801407,0.0929660323398223,8
urn:mavedb:00001217-a-4#1656,NA,NA,p.Leu127Glu,1.05591507869646,0.0817277625767141,8
urn:mavedb:00001217-a-4#1657,NA,NA,p.Leu127Gly,0.918593224463274,0.060898514228957,16
urn:mavedb:00001217-a-4#1658,NA,NA,p.Leu127His,0.798621260937663,0.139147942644862,8
urn:mavedb:00001217-a-4#1659,NA,NA,p.Leu127Ile,0.834599598540593,0.119180674645393,8
urn:mavedb:00001217-a-4#1660,NA,NA,p.Leu127Lys,0.890119113247777,0.0619912780379737,8
urn:mavedb:00001217-a-4#1661,NA,NA,p.Leu127Met,1.12060420990881,0.073333503790443,8
urn:mavedb:00001217-a-4#1662,NA,NA,p.Leu127Phe,0.676389765195503,0.273078122714623,12
urn:mavedb:00001217-a-4#1663,NA,NA,p.Leu127Pro,0.518706649071163,0.175337167403768,8
urn:mavedb:00001217-a-4#1664,NA,NA,p.Leu127Ser,0.868443558204933,0.133624895595134,24
urn:mavedb:00001217-a-4#1665,NA,NA,p.Leu127Ter,0.633653659816448,0.238022139905524,8
urn:mavedb:00001217-a-4#1666,NA,NA,p.Leu127Thr,0.949764137668837,0.106662099433946,16
urn:mavedb:00001217-a-4#1667,NA,NA,p.Leu127Trp,0.829491008917465,0.0670170054072718,8
urn:mavedb:00001217-a-4#1668,NA,NA,p.Leu127Tyr,0.977755404041522,0.0856711582643996,8
urn:mavedb:00001217-a-4#1669,NA,NA,p.Leu127Val,1.0198208312692,0.0903612075970548,16
urn:mavedb:00001217-a-4#1670,NA,NA,p.Leu145=,0.965539751799156,0.0821976269837955,16
urn:mavedb:00001217-a-4#1671,NA,NA,p.Leu145Ala,0.856927678287013,0.0678968653541487,16
urn:mavedb:00001217-a-4#1672,NA,NA,p.Leu145Arg,0.86483247726108,0.0810697597653484,24
urn:mavedb:00001217-a-4#1673,NA,NA,p.Leu145Asn,0.98950716638454,0.0498324173978487,8
urn:mavedb:00001217-a-4#1674,NA,NA,p.Leu145Asp,0.905245039243607,0.0652791723394478,8
urn:mavedb:00001217-a-4#1675,NA,NA,p.Leu145Cys,0.886038818957791,0.0628676649759109,8
urn:mavedb:00001217-a-4#1676,NA,NA,p.Leu145Gln,1.04171835647444,0.0535334735144595,8
urn:mavedb:00001217-a-4#1677,NA,NA,p.Leu145Glu,1.00336745554586,0.0641531650144324,8
urn:mavedb:00001217-a-4#1678,NA,NA,p.Leu145Gly,0.776775455316143,0.0673907277602071,16
urn:mavedb:00001217-a-4#1679,NA,NA,p.Leu145His,0.881334338728459,0.096472933245504,8
urn:mavedb:00001217-a-4#1680,NA,NA,p.Leu145Ile,1.01662455234136,0.0771406332923866,8
urn:mavedb:00001217-a-4#1681,NA,NA,p.Leu145Lys,1.06487488030541,0.0706632558259661,8
urn:mavedb:00001217-a-4#1682,NA,NA,p.Leu145Met,0.997108609651264,0.0682861151814337,8
urn:mavedb:00001217-a-4#1683,NA,NA,p.Leu145Phe,0.692858732080685,0.32627593363319,8
urn:mavedb:00001217-a-4#1684,NA,NA,p.Leu145Pro,0.957685854376326,0.0805127395891041,16
urn:mavedb:00001217-a-4#1685,NA,NA,p.Leu145Ser,0.933967612038289,0.0783946485801641,24
urn:mavedb:00001217-a-4#1686,NA,NA,p.Leu145Ter,0.6884959543183,0.185506897539227,8
urn:mavedb:00001217-a-4#1687,NA,NA,p.Leu145Thr,1.0180618350297,0.0881936101938996,16
urn:mavedb:00001217-a-4#1688,NA,NA,p.Leu145Trp,0.95504633885547,0.0702867623733811,8
urn:mavedb:00001217-a-4#1689,NA,NA,p.Leu145Tyr,1.01089792125598,0.086584331062189,8
urn:mavedb:00001217-a-4#1690,NA,NA,p.Leu145Val,0.993077429651885,0.07425277878474,16
urn:mavedb:00001217-a-4#1691,NA,NA,p.Leu39=,0.983623882271276,0.101731571097701,16
urn:mavedb:00001217-a-4#1692,NA,NA,p.Leu39Ala,0.982317920408938,0.120139997364086,16
urn:mavedb:00001217-a-4#1693,NA,NA,p.Leu39Arg,-0.331777263534503,0.209711608799758,24
urn:mavedb:00001217-a-4#1694,NA,NA,p.Leu39Asn,0.864541652315632,0.322293545381971,8
urn:mavedb:00001217-a-4#1695,NA,NA,p.Leu39Asp,-0.413776812009683,0.279429619508108,8
urn:mavedb:00001217-a-4#1696,NA,NA,p.Leu39Cys,0.889371220270655,0.0819748419769893,8
urn:mavedb:00001217-a-4#1697,NA,NA,p.Leu39Gln,1.06727136027707,0.0852713520233406,8
urn:mavedb:00001217-a-4#1698,NA,NA,p.Leu39Glu,0.241334823739189,0.128357320816666,8
urn:mavedb:00001217-a-4#1699,NA,NA,p.Leu39Gly,0.839221663410179,0.0826864265836219,16
urn:mavedb:00001217-a-4#1700,NA,NA,p.Leu39His,0.65814207599791,0.117622920367181,8
urn:mavedb:00001217-a-4#1701,NA,NA,p.Leu39Ile,0.808182206314528,0.098106080990996,8
urn:mavedb:00001217-a-4#1702,NA,NA,p.Leu39Lys,-0.0499779640957857,0.133008778096148,8
urn:mavedb:00001217-a-4#1703,NA,NA,p.Leu39Met,0.829066446434888,0.102459090319675,8
urn:mavedb:00001217-a-4#1704,NA,NA,p.Leu39Phe,0.825517662634614,0.126007450588824,8
urn:mavedb:00001217-a-4#1705,NA,NA,p.Leu39Pro,0.713514395989652,0.174070309384891,16
urn:mavedb:00001217-a-4#1706,NA,NA,p.Leu39Ser,0.88868428820068,0.12605227937559,24
urn:mavedb:00001217-a-4#1707,NA,NA,p.Leu39Ter,-0.0901618753441399,0.420589418376901,8
urn:mavedb:00001217-a-4#1708,NA,NA,p.Leu39Thr,0.978742299402035,0.0988150115102091,16
urn:mavedb:00001217-a-4#1709,NA,NA,p.Leu39Trp,0.82565405450442,0.0908263510551136,8
urn:mavedb:00001217-a-4#1710,NA,NA,p.Leu39Tyr,0.374968796485188,0.169719940306959,8
urn:mavedb:00001217-a-4#1711,NA,NA,p.Leu39Val,0.913763791363978,0.0865998242786169,16
urn:mavedb:00001217-a-4#1712,NA,NA,p.Leu43=,0.972468036579835,0.245477668295372,32
urn:mavedb:00001217-a-4#1713,NA,NA,p.Leu43Ala,0.877634535264292,0.12910145366536,16
urn:mavedb:00001217-a-4#1714,NA,NA,p.Leu43Arg,1.05956140985666,0.090444973977242,24
urn:mavedb:00001217-a-4#1715,NA,NA,p.Leu43Asn,0.871186358701365,0.166699148747831,8
urn:mavedb:00001217-a-4#1716,NA,NA,p.Leu43Asp,0.929710252923339,0.12778731358706,8
urn:mavedb:00001217-a-4#1717,NA,NA,p.Leu43Cys,1.14975323496675,0.0787080583296469,8
urn:mavedb:00001217-a-4#1718,NA,NA,p.Leu43Gln,0.981746714104677,0.0781456115302322,8
urn:mavedb:00001217-a-4#1719,NA,NA,p.Leu43Glu,0.849459900721839,0.156021543597322,8
urn:mavedb:00001217-a-4#1720,NA,NA,p.Leu43Gly,0.848201815030567,0.122268859192196,16
urn:mavedb:00001217-a-4#1721,NA,NA,p.Leu43His,1.05444481521392,0.136420825496506,8
urn:mavedb:00001217-a-4#1722,NA,NA,p.Leu43Ile,1.02550370213943,0.103657672239635,8
urn:mavedb:00001217-a-4#1723,NA,NA,p.Leu43Lys,1.091989571145,0.0974699848909782,8
urn:mavedb:00001217-a-4#1724,NA,NA,p.Leu43Met,1.00459042020704,0.10741279020707,8
urn:mavedb:00001217-a-4#1725,NA,NA,p.Leu43Phe,0.912154795047894,0.079835310433971,8
urn:mavedb:00001217-a-4#1726,NA,NA,p.Leu43Pro,0.963430149609728,0.150399065165767,16
urn:mavedb:00001217-a-4#1727,NA,NA,p.Leu43Ser,0.993475844433384,0.120225158244596,24
urn:mavedb:00001217-a-4#1728,NA,NA,p.Leu43Ter,-0.139066407835763,0.389292923174073,8
urn:mavedb:00001217-a-4#1729,NA,NA,p.Leu43Thr,0.902630039759706,0.173034360383691,16
urn:mavedb:00001217-a-4#1730,NA,NA,p.Leu43Trp,0.91073638064385,0.0635961796108036,8
urn:mavedb:00001217-a-4#1731,NA,NA,p.Leu43Tyr,0.914611065153887,0.0763156418491765,8
urn:mavedb:00001217-a-4#1732,NA,NA,p.Leu43Val,0.939823146411763,0.079139009937981,16
urn:mavedb:00001217-a-4#1733,NA,NA,p.Leu68=,0.927717410494013,0.264383060385609,32
urn:mavedb:00001217-a-4#1734,NA,NA,p.Leu68Ala,0.786673234245467,0.297018862398717,12
urn:mavedb:00001217-a-4#1735,NA,NA,p.Leu68Arg,0.751889698001783,0.164822773048625,28
urn:mavedb:00001217-a-4#1736,NA,NA,p.Leu68Asn,1.40560333785545,0.213940441964074,8
urn:mavedb:00001217-a-4#1737,NA,NA,p.Leu68Asp,0.982321599907917,0.10868542642541,8
urn:mavedb:00001217-a-4#1738,NA,NA,p.Leu68Cys,1.03370343438748,0.270434305933086,8
urn:mavedb:00001217-a-4#1739,NA,NA,p.Leu68Gln,0.971717980363795,0.0764327394591292,8
urn:mavedb:00001217-a-4#1740,NA,NA,p.Leu68Glu,1.02104001871706,0.176588651825642,8
urn:mavedb:00001217-a-4#1741,NA,NA,p.Leu68Gly,0.746872174240063,0.143864660516721,16
urn:mavedb:00001217-a-4#1742,NA,NA,p.Leu68His,0.609264443233402,0.0865301567982625,8
urn:mavedb:00001217-a-4#1743,NA,NA,p.Leu68Ile,1.11546217818038,0.0826751141996819,8
urn:mavedb:00001217-a-4#1744,NA,NA,p.Leu68Lys,1.21482569096825,0.338707645404389,8
urn:mavedb:00001217-a-4#1745,NA,NA,p.Leu68Met,1.09379196663435,0.131172881182946,8
urn:mavedb:00001217-a-4#1746,NA,NA,p.Leu68Pro,0.94148374608682,0.171764433977367,20
urn:mavedb:00001217-a-4#1747,NA,NA,p.Leu68Ser,0.953666852816248,0.155238218497677,20
urn:mavedb:00001217-a-4#1748,NA,NA,p.Leu68Ter,0.0760004640163064,0.699121900030059,4
urn:mavedb:00001217-a-4#1749,NA,NA,p.Leu68Thr,0.992149200454082,0.188800945660304,16
urn:mavedb:00001217-a-4#1750,NA,NA,p.Leu68Trp,1.21402879344436,0.140014473555387,8
urn:mavedb:00001217-a-4#1751,NA,NA,p.Leu68Tyr,1.06196248692306,0.0932731376467474,8
urn:mavedb:00001217-a-4#1752,NA,NA,p.Leu68Val,0.63283402052333,0.215461953739108,16
urn:mavedb:00001217-a-4#1753,NA,NA,p.Leu85=,1.03074430174155,0.088838938934762,16
urn:mavedb:00001217-a-4#1754,NA,NA,p.Leu85Ala,0.781385433951487,0.0586794900588311,16
urn:mavedb:00001217-a-4#1755,NA,NA,p.Leu85Arg,-0.0804909521479581,0.199196783459972,24
urn:mavedb:00001217-a-4#1756,NA,NA,p.Leu85Asn,0.351393532946747,0.131821842786474,8
urn:mavedb:00001217-a-4#1757,NA,NA,p.Leu85Asp,0.201009320683632,0.16020678023489,8
urn:mavedb:00001217-a-4#1758,NA,NA,p.Leu85Cys,1.03730845737027,0.0643054129593043,8
urn:mavedb:00001217-a-4#1759,NA,NA,p.Leu85Gln,0.77014915250894,0.0638708465330911,8
urn:mavedb:00001217-a-4#1760,NA,NA,p.Leu85Glu,0.064608344540642,0.063238278622771,8
urn:mavedb:00001217-a-4#1761,NA,NA,p.Leu85Gly,0.53522416640074,0.0768346539449217,16
urn:mavedb:00001217-a-4#1762,NA,NA,p.Leu85His,0.14711242765975,0.0920084948541975,8
urn:mavedb:00001217-a-4#1763,NA,NA,p.Leu85Ile,1.04868005219374,0.0696457407885033,8
urn:mavedb:00001217-a-4#1764,NA,NA,p.Leu85Lys,-0.690417907123776,0.36746894119303,8
urn:mavedb:00001217-a-4#1765,NA,NA,p.Leu85Met,1.08482206871392,0.0361826539312449,8
urn:mavedb:00001217-a-4#1766,NA,NA,p.Leu85Phe,1.01676786567818,0.0733790650168425,8
urn:mavedb:00001217-a-4#1767,NA,NA,p.Leu85Pro,-0.475931269935912,0.342196464603381,16
urn:mavedb:00001217-a-4#1768,NA,NA,p.Leu85Ser,-0.0516101844970035,0.172496399680221,24
urn:mavedb:00001217-a-4#1769,NA,NA,p.Leu85Ter,0.287211979466956,0.155692029194531,8
urn:mavedb:00001217-a-4#1770,NA,NA,p.Leu85Thr,0.783673929242528,0.0912954895405354,16
urn:mavedb:00001217-a-4#1771,NA,NA,p.Leu85Trp,0.751484354964306,0.0532975747686866,8
urn:mavedb:00001217-a-4#1772,NA,NA,p.Leu85Tyr,0.523265323029987,0.0762930283682581,8
urn:mavedb:00001217-a-4#1773,NA,NA,p.Leu85Val,1.00325308316449,0.0748078228982088,16
urn:mavedb:00001217-a-4#1774,NA,NA,p.Leu9=,0.998773691272334,0.0604082271656264,16
urn:mavedb:00001217-a-4#1775,NA,NA,p.Leu9Ala,1.04189203884417,0.0871856884938984,16
urn:mavedb:00001217-a-4#1776,NA,NA,p.Leu9Arg,-0.205514526816548,0.172909701360698,16
urn:mavedb:00001217-a-4#1777,NA,NA,p.Leu9Asn,0.128284608643933,0.118731903541875,8
urn:mavedb:00001217-a-4#1778,NA,NA,p.Leu9Asp,-0.241577323903165,0.173162884226155,8
urn:mavedb:00001217-a-4#1779,NA,NA,p.Leu9Cys,1.04119212142644,0.0474829750544797,8
urn:mavedb:00001217-a-4#1780,NA,NA,p.Leu9Gln,0.882199421332924,0.0905010566711759,8
urn:mavedb:00001217-a-4#1781,NA,NA,p.Leu9Glu,0.071721881826178,0.167893014362264,8
urn:mavedb:00001217-a-4#1782,NA,NA,p.Leu9Gly,-0.439974087443122,0.175553604546891,16
urn:mavedb:00001217-a-4#1783,NA,NA,p.Leu9His,-0.231160705334195,0.124686768517103,8
urn:mavedb:00001217-a-4#1784,NA,NA,p.Leu9Ile,0.91942364675073,0.0520706340869019,8
urn:mavedb:00001217-a-4#1785,NA,NA,p.Leu9Lys,-0.779349359379169,0.190235960078703,8
urn:mavedb:00001217-a-4#1786,NA,NA,p.Leu9Met,1.05798685187604,0.0689545957106283,8
urn:mavedb:00001217-a-4#1787,NA,NA,p.Leu9Phe,1.04803084131491,0.0403482545599329,8
urn:mavedb:00001217-a-4#1788,NA,NA,p.Leu9Pro,0.780615055525491,0.173165007909375,16
urn:mavedb:00001217-a-4#1789,NA,NA,p.Leu9Ser,0.628255787378561,0.0786668883464245,24
urn:mavedb:00001217-a-4#1790,NA,NA,p.Leu9Ter,0.0722443587973213,0.20581428389355,8
urn:mavedb:00001217-a-4#1791,NA,NA,p.Leu9Thr,1.12430328380332,0.112879352085047,16
urn:mavedb:00001217-a-4#1792,NA,NA,p.Leu9Trp,1.0300651640835,0.0954450459213821,8
urn:mavedb:00001217-a-4#1793,NA,NA,p.Leu9Tyr,1.06307619780375,0.0530545873648278,8
urn:mavedb:00001217-a-4#1794,NA,NA,p.Leu9Val,0.99524743500141,0.0481432552265885,16
urn:mavedb:00001217-a-4#1795,NA,NA,p.Lys10=,1.14961368768244,0.555417019971246,8
urn:mavedb:00001217-a-4#1796,NA,NA,p.Lys10Ala,1.03299504415762,0.0472155016758121,16
urn:mavedb:00001217-a-4#1797,NA,NA,p.Lys10Arg,1.01207640915674,0.0715246519645972,24
urn:mavedb:00001217-a-4#1798,NA,NA,p.Lys10Asn,1.02138061609851,0.072673769464904,8
urn:mavedb:00001217-a-4#1799,NA,NA,p.Lys10Asp,1.04253104266831,0.0509248368933611,8
urn:mavedb:00001217-a-4#1800,NA,NA,p.Lys10Cys,1.10579990983072,0.0428401924951943,8
urn:mavedb:00001217-a-4#1801,NA,NA,p.Lys10Gln,0.956228161199884,0.0506357677837332,8
urn:mavedb:00001217-a-4#1802,NA,NA,p.Lys10Glu,1.11867263196558,0.0637914742265128,8
urn:mavedb:00001217-a-4#1803,NA,NA,p.Lys10Gly,1.0835703909058,0.0370936430930278,16
urn:mavedb:00001217-a-4#1804,NA,NA,p.Lys10His,1.05331049208337,0.0514667836223886,8
urn:mavedb:00001217-a-4#1805,NA,NA,p.Lys10Ile,1.07628126154151,0.0563081502538932,8
urn:mavedb:00001217-a-4#1806,NA,NA,p.Lys10Leu,1.05293030318699,0.0801063158258992,24
urn:mavedb:00001217-a-4#1807,NA,NA,p.Lys10Met,1.03032234107436,0.0498632249214428,8
urn:mavedb:00001217-a-4#1808,NA,NA,p.Lys10Phe,1.10359085333941,0.0270847920160409,8
urn:mavedb:00001217-a-4#1809,NA,NA,p.Lys10Pro,0.858388323863523,0.0439554621484707,16
urn:mavedb:00001217-a-4#1810,NA,NA,p.Lys10Ser,1.07860022311156,0.0573977374154152,24
urn:mavedb:00001217-a-4#1811,NA,NA,p.Lys10Ter,-0.126873942159941,0.508646749131803,8
urn:mavedb:00001217-a-4#1812,NA,NA,p.Lys10Thr,1.0619231700844,0.0588269476383165,16
urn:mavedb:00001217-a-4#1813,NA,NA,p.Lys10Trp,1.08086198722942,0.03940765690232,8
urn:mavedb:00001217-a-4#1814,NA,NA,p.Lys10Tyr,1.13038414349169,0.0587518301948219,8
urn:mavedb:00001217-a-4#1815,NA,NA,p.Lys10Val,1.08991495505351,0.0608801830615187,16
urn:mavedb:00001217-a-4#1816,NA,NA,p.Lys123=,0.995722097541865,0.0809297285243395,8
urn:mavedb:00001217-a-4#1817,NA,NA,p.Lys123Ala,0.997074740632619,0.10181284329232,16
urn:mavedb:00001217-a-4#1818,NA,NA,p.Lys123Arg,1.06467885306905,0.133371671552458,32
urn:mavedb:00001217-a-4#1819,NA,NA,p.Lys123Asn,0.898675068035822,0.0676006261066046,8
urn:mavedb:00001217-a-4#1820,NA,NA,p.Lys123Asp,1.06514958339535,0.0670209903325121,8
urn:mavedb:00001217-a-4#1821,NA,NA,p.Lys123Cys,0.978306662013743,0.0529243238239072,8
urn:mavedb:00001217-a-4#1822,NA,NA,p.Lys123Gln,0.971928580421521,0.14491947254888,12
urn:mavedb:00001217-a-4#1823,NA,NA,p.Lys123Glu,1.01387896914828,0.206847760150273,12
urn:mavedb:00001217-a-4#1824,NA,NA,p.Lys123Gly,0.955200438292198,0.0871212360871323,20
urn:mavedb:00001217-a-4#1825,NA,NA,p.Lys123His,0.959905867299769,0.0689296145886443,8
urn:mavedb:00001217-a-4#1826,NA,NA,p.Lys123Ile,0.875283439546249,0.0606888537212361,8
urn:mavedb:00001217-a-4#1827,NA,NA,p.Lys123Leu,0.971196179082418,0.158911263505002,24
urn:mavedb:00001217-a-4#1828,NA,NA,p.Lys123Met,1.05942093306354,0.0782394694446241,8
urn:mavedb:00001217-a-4#1829,NA,NA,p.Lys123Phe,1.05325219034257,0.0613025910540407,8
urn:mavedb:00001217-a-4#1830,NA,NA,p.Lys123Pro,-0.235061122777157,0.406406909361029,16
urn:mavedb:00001217-a-4#1831,NA,NA,p.Lys123Ser,0.983483569777891,0.0888069712466804,24
urn:mavedb:00001217-a-4#1832,NA,NA,p.Lys123Ter,-0.119560516597787,0.258839037172635,12
urn:mavedb:00001217-a-4#1833,NA,NA,p.Lys123Thr,0.916276369664667,0.0766878620418239,16
urn:mavedb:00001217-a-4#1834,NA,NA,p.Lys123Trp,1.12092505180719,0.0543239188964516,8
urn:mavedb:00001217-a-4#1835,NA,NA,p.Lys123Tyr,0.906858271010525,0.0498708074844008,8
urn:mavedb:00001217-a-4#1836,NA,NA,p.Lys123Val,0.93067119257304,0.0779949292721663,16
urn:mavedb:00001217-a-4#1837,NA,NA,p.Lys129=,1.07680266602271,0.0792205635764348,8
urn:mavedb:00001217-a-4#1838,NA,NA,p.Lys129Ala,0.862444987393075,0.0730177016065614,16
urn:mavedb:00001217-a-4#1839,NA,NA,p.Lys129Arg,0.977031713698455,0.11212297505713,28
urn:mavedb:00001217-a-4#1840,NA,NA,p.Lys129Asn,1.10524354600201,0.126613131197028,16
urn:mavedb:00001217-a-4#1841,NA,NA,p.Lys129Asp,0.953965985971006,0.0489359531642794,8
urn:mavedb:00001217-a-4#1842,NA,NA,p.Lys129Cys,0.950987412840417,0.123666893023809,8
urn:mavedb:00001217-a-4#1843,NA,NA,p.Lys129Gln,0.862833548999433,0.0726596559393087,8
urn:mavedb:00001217-a-4#1844,NA,NA,p.Lys129Glu,1.02314089688846,0.17365185746675,12
urn:mavedb:00001217-a-4#1845,NA,NA,p.Lys129Gly,0.83335885664142,0.0735568755470524,16
urn:mavedb:00001217-a-4#1846,NA,NA,p.Lys129His,0.879763606900934,0.0774802660763807,8
urn:mavedb:00001217-a-4#1847,NA,NA,p.Lys129Ile,0.834646820997879,0.0557163522448126,8
urn:mavedb:00001217-a-4#1848,NA,NA,p.Lys129Leu,0.908464688612721,0.145469849829291,24
urn:mavedb:00001217-a-4#1849,NA,NA,p.Lys129Met,0.883418593035383,0.0680579189636668,8
urn:mavedb:00001217-a-4#1850,NA,NA,p.Lys129Phe,0.95614149803904,0.102821326504633,8
urn:mavedb:00001217-a-4#1851,NA,NA,p.Lys129Pro,-0.218334648185391,0.240731964939009,16
urn:mavedb:00001217-a-4#1852,NA,NA,p.Lys129Ser,0.967162955781772,0.072792905477717,24
urn:mavedb:00001217-a-4#1853,NA,NA,p.Lys129Ter,0.0444653504536515,0.172212632196172,8
urn:mavedb:00001217-a-4#1854,NA,NA,p.Lys129Thr,1.00458615974064,0.0978668161777488,16
urn:mavedb:00001217-a-4#1855,NA,NA,p.Lys129Trp,0.986003842956526,0.0957576442695243,8
urn:mavedb:00001217-a-4#1856,NA,NA,p.Lys129Tyr,0.851717261515194,0.0475602131570247,8
urn:mavedb:00001217-a-4#1857,NA,NA,p.Lys129Val,0.945770214282521,0.126318415265255,16
urn:mavedb:00001217-a-4#1858,NA,NA,p.Lys137Ala,0.565157932200054,0.295076627791293,16
urn:mavedb:00001217-a-4#1859,NA,NA,p.Lys137Arg,0.904656835358436,0.205076695145556,24
urn:mavedb:00001217-a-4#1860,NA,NA,p.Lys137Asn,0.978972871054903,0.293032469608476,8
urn:mavedb:00001217-a-4#1861,NA,NA,p.Lys137Asp,-0.044246966332631,0.202045054399309,4
urn:mavedb:00001217-a-4#1862,NA,NA,p.Lys137Cys,0.897876246571093,0.167690511885062,8
urn:mavedb:00001217-a-4#1863,NA,NA,p.Lys137Gln,0.80381097031206,0.190726646154842,8
urn:mavedb:00001217-a-4#1864,NA,NA,p.Lys137Glu,0.918571797197135,0.418097683252714,8
urn:mavedb:00001217-a-4#1865,NA,NA,p.Lys137Gly,1.05681170419687,0.2302837333922,12
urn:mavedb:00001217-a-4#1866,NA,NA,p.Lys137His,0.813876901601194,0.141883683647242,8
urn:mavedb:00001217-a-4#1867,NA,NA,p.Lys137Ile,0.838808121632578,0.791677563676101,8
urn:mavedb:00001217-a-4#1868,NA,NA,p.Lys137Leu,1.00333890891215,0.198412829779989,24
urn:mavedb:00001217-a-4#1869,NA,NA,p.Lys137Met,0.889351080293324,0.825074710889392,8
urn:mavedb:00001217-a-4#1870,NA,NA,p.Lys137Pro,0.455809758512796,0.708219271820411,4
urn:mavedb:00001217-a-4#1871,NA,NA,p.Lys137Ser,0.968624259070942,0.247189162327287,24
urn:mavedb:00001217-a-4#1872,NA,NA,p.Lys137Thr,1.01074762510495,0.325269337168237,16
urn:mavedb:00001217-a-4#1873,NA,NA,p.Lys137Trp,0.950550131054686,0.0758026497394966,8
urn:mavedb:00001217-a-4#1874,NA,NA,p.Lys137Tyr,0.864374607190397,0.121302130692942,8
urn:mavedb:00001217-a-4#1875,NA,NA,p.Lys137Val,0.780374120633582,0.295762565182627,16
urn:mavedb:00001217-a-4#1876,NA,NA,p.Lys24Ala,0.966131249649761,0.0969502223670894,16
urn:mavedb:00001217-a-4#1877,NA,NA,p.Lys24Arg,1.01393830831375,0.0910506100386326,24
urn:mavedb:00001217-a-4#1878,NA,NA,p.Lys24Asn,-0.230549570933482,1.03979553579999,4
urn:mavedb:00001217-a-4#1879,NA,NA,p.Lys24Asp,1.17616101145506,0.172233431828316,8
urn:mavedb:00001217-a-4#1880,NA,NA,p.Lys24Cys,1.00746886805914,0.0935415810322088,8
urn:mavedb:00001217-a-4#1881,NA,NA,p.Lys24Gln,0.830982685117706,0.115270736411273,8
urn:mavedb:00001217-a-4#1882,NA,NA,p.Lys24Glu,1.19824947156272,0.157711724890956,8
urn:mavedb:00001217-a-4#1883,NA,NA,p.Lys24Gly,0.946291315033987,0.103195149187899,16
urn:mavedb:00001217-a-4#1884,NA,NA,p.Lys24His,1.03820499477047,0.119971382359319,8
urn:mavedb:00001217-a-4#1885,NA,NA,p.Lys24Ile,1.0131976967539,0.0909668509742015,8
urn:mavedb:00001217-a-4#1886,NA,NA,p.Lys24Leu,0.970860334506608,0.132243368134808,24
urn:mavedb:00001217-a-4#1887,NA,NA,p.Lys24Met,0.939325650766822,0.107294237391456,8
urn:mavedb:00001217-a-4#1888,NA,NA,p.Lys24Phe,1.02923667282726,0.108015157454055,8
urn:mavedb:00001217-a-4#1889,NA,NA,p.Lys24Pro,0.921402093185917,0.188224407126746,16
urn:mavedb:00001217-a-4#1890,NA,NA,p.Lys24Ser,0.869469985548346,0.142826583400152,24
urn:mavedb:00001217-a-4#1891,NA,NA,p.Lys24Thr,0.95929980464541,0.115756525661627,16
urn:mavedb:00001217-a-4#1892,NA,NA,p.Lys24Trp,1.11090223345165,0.0858901461849331,8
urn:mavedb:00001217-a-4#1893,NA,NA,p.Lys24Tyr,0.908018028051579,0.163909774470452,8
urn:mavedb:00001217-a-4#1894,NA,NA,p.Lys24Val,0.997896443084627,0.118412368252689,16
urn:mavedb:00001217-a-4#1895,NA,NA,p.Lys31Ala,0.796207244806904,0.171057357117826,16
urn:mavedb:00001217-a-4#1896,NA,NA,p.Lys31Arg,0.862238628483517,0.167429593351476,24
urn:mavedb:00001217-a-4#1897,NA,NA,p.Lys31Asn,1.07160734836449,0.126119634868673,8
urn:mavedb:00001217-a-4#1898,NA,NA,p.Lys31Asp,1.0989257749854,0.0863962905165098,8
urn:mavedb:00001217-a-4#1899,NA,NA,p.Lys31Cys,0.895414961446862,0.0882099601851924,8
urn:mavedb:00001217-a-4#1900,NA,NA,p.Lys31Gln,0.941777262906836,0.242846599535856,8
urn:mavedb:00001217-a-4#1901,NA,NA,p.Lys31Glu,1.01595225717547,0.175348953607476,8
urn:mavedb:00001217-a-4#1902,NA,NA,p.Lys31Gly,1.19767093868583,0.145174130751517,16
urn:mavedb:00001217-a-4#1903,NA,NA,p.Lys31His,0.57728767306949,0.0896173554134434,8
urn:mavedb:00001217-a-4#1904,NA,NA,p.Lys31Ile,1.0663994263587,0.099348097419319,8
urn:mavedb:00001217-a-4#1905,NA,NA,p.Lys31Leu,0.885131680506203,0.122632360158829,24
urn:mavedb:00001217-a-4#1906,NA,NA,p.Lys31Met,1.0244496362619,0.12846462667618,8
urn:mavedb:00001217-a-4#1907,NA,NA,p.Lys31Phe,1.15231351841169,0.118275388023445,8
urn:mavedb:00001217-a-4#1908,NA,NA,p.Lys31Pro,0.436493460219577,0.338543857399585,8
urn:mavedb:00001217-a-4#1909,NA,NA,p.Lys31Ser,1.03859577362565,0.182553525298328,24
urn:mavedb:00001217-a-4#1910,NA,NA,p.Lys31Thr,1.04350020012369,0.18135555840408,16
urn:mavedb:00001217-a-4#1911,NA,NA,p.Lys31Trp,0.89290336243217,0.107034794722767,8
urn:mavedb:00001217-a-4#1912,NA,NA,p.Lys31Tyr,0.935824948222241,0.139923453740908,8
urn:mavedb:00001217-a-4#1913,NA,NA,p.Lys31Val,0.925972220668245,0.11443378656115,16
urn:mavedb:00001217-a-4#1914,NA,NA,p.Lys37=,0.842105693744437,0.0787333834751587,8
urn:mavedb:00001217-a-4#1915,NA,NA,p.Lys37Ala,0.952368491367168,0.0700906770349944,16
urn:mavedb:00001217-a-4#1916,NA,NA,p.Lys37Arg,1.07104743410521,0.141399445084169,32
urn:mavedb:00001217-a-4#1917,NA,NA,p.Lys37Asn,0.925716527330104,0.126434945500933,12
urn:mavedb:00001217-a-4#1918,NA,NA,p.Lys37Asp,0.836576113827321,0.0446689477037776,8
urn:mavedb:00001217-a-4#1919,NA,NA,p.Lys37Cys,0.89772153952497,0.0627823653611889,8
urn:mavedb:00001217-a-4#1920,NA,NA,p.Lys37Gln,0.952256788518827,0.0388808191025409,8
urn:mavedb:00001217-a-4#1921,NA,NA,p.Lys37Glu,1.01390083814048,0.166701863550105,16
urn:mavedb:00001217-a-4#1922,NA,NA,p.Lys37Gly,0.992894788374603,0.0653593013760424,16
urn:mavedb:00001217-a-4#1923,NA,NA,p.Lys37His,1.00093210092585,0.0600620701777431,8
urn:mavedb:00001217-a-4#1924,NA,NA,p.Lys37Ile,0.906062872759269,0.155301873246188,12
urn:mavedb:00001217-a-4#1925,NA,NA,p.Lys37Leu,0.976452372159563,0.0893846406978446,24
urn:mavedb:00001217-a-4#1926,NA,NA,p.Lys37Met,0.947894639145089,0.078794424150576,8
urn:mavedb:00001217-a-4#1927,NA,NA,p.Lys37Phe,0.817512766295764,0.0836721231696041,8
urn:mavedb:00001217-a-4#1928,NA,NA,p.Lys37Pro,0.890348503225459,0.0950319981017027,16
urn:mavedb:00001217-a-4#1929,NA,NA,p.Lys37Ser,1.00657224293916,0.0711299687362093,24
urn:mavedb:00001217-a-4#1930,NA,NA,p.Lys37Ter,-0.242306418689555,0.273636172452317,8
urn:mavedb:00001217-a-4#1931,NA,NA,p.Lys37Thr,0.930322361582589,0.124905271208931,20
urn:mavedb:00001217-a-4#1932,NA,NA,p.Lys37Trp,0.880404171396734,0.0637051384327134,8
urn:mavedb:00001217-a-4#1933,NA,NA,p.Lys37Tyr,0.78338063232687,0.0905541239938966,8
urn:mavedb:00001217-a-4#1934,NA,NA,p.Lys37Val,0.972701391081145,0.0928549347726295,16
urn:mavedb:00001217-a-4#1935,NA,NA,p.Lys4Ala,0.919411953683591,0.0705840945794984,16
urn:mavedb:00001217-a-4#1936,NA,NA,p.Lys4Arg,1.00252879878287,0.194513762263639,24
urn:mavedb:00001217-a-4#1937,NA,NA,p.Lys4Asn,0.967969498559029,0.352646112027828,16
urn:mavedb:00001217-a-4#1938,NA,NA,p.Lys4Asp,0.823973036370958,0.0988005425652404,8
urn:mavedb:00001217-a-4#1939,NA,NA,p.Lys4Cys,1.01955440177403,0.100548726063381,8
urn:mavedb:00001217-a-4#1940,NA,NA,p.Lys4Glu,1.01070903610472,0.176409987874524,8
urn:mavedb:00001217-a-4#1941,NA,NA,p.Lys4Gly,0.945257559563778,0.0899723643127645,16
urn:mavedb:00001217-a-4#1942,NA,NA,p.Lys4His,0.784102034998347,0.111272621284607,8
urn:mavedb:00001217-a-4#1943,NA,NA,p.Lys4Ile,0.980356379080825,0.127817619944142,8
urn:mavedb:00001217-a-4#1944,NA,NA,p.Lys4Leu,0.896801590743512,0.110656286564429,24
urn:mavedb:00001217-a-4#1945,NA,NA,p.Lys4Met,0.790059658921791,0.111516671875772,8
urn:mavedb:00001217-a-4#1946,NA,NA,p.Lys4Phe,0.928912056316654,0.0747147571943828,8
urn:mavedb:00001217-a-4#1947,NA,NA,p.Lys4Pro,0.896301763661661,0.207094495888116,16
urn:mavedb:00001217-a-4#1948,NA,NA,p.Lys4Ser,0.866586520474951,0.142476287818085,24
urn:mavedb:00001217-a-4#1949,NA,NA,p.Lys4Thr,0.866147094733423,0.142551876373581,16
urn:mavedb:00001217-a-4#1950,NA,NA,p.Lys4Trp,0.564405007763715,0.129002711424523,8
urn:mavedb:00001217-a-4#1951,NA,NA,p.Lys4Tyr,0.945695069762935,0.119552437237385,8
urn:mavedb:00001217-a-4#1952,NA,NA,p.Lys4Val,0.987120476732162,0.0472614354859377,16
urn:mavedb:00001217-a-4#1953,NA,NA,p.Lys71=,0.926444625127622,0.051035779992679,8
urn:mavedb:00001217-a-4#1954,NA,NA,p.Lys71Ala,1.00257601921221,0.12694785839927,16
urn:mavedb:00001217-a-4#1955,NA,NA,p.Lys71Arg,1.02739608838668,0.15285423132723,24
urn:mavedb:00001217-a-4#1956,NA,NA,p.Lys71Asn,1.04961698197841,0.0452123276295018,8
urn:mavedb:00001217-a-4#1957,NA,NA,p.Lys71Asp,1.01690542889924,0.0873924249079589,8
urn:mavedb:00001217-a-4#1958,NA,NA,p.Lys71Cys,0.919471024078997,0.0806541369422687,8
urn:mavedb:00001217-a-4#1959,NA,NA,p.Lys71Gln,0.988675291469529,0.0873807956333886,8
urn:mavedb:00001217-a-4#1960,NA,NA,p.Lys71Glu,1.05549816420619,0.100902661844946,8
urn:mavedb:00001217-a-4#1961,NA,NA,p.Lys71Gly,0.998336380083031,0.130069019225712,16
urn:mavedb:00001217-a-4#1962,NA,NA,p.Lys71His,0.822102523963797,0.0703358175489752,8
urn:mavedb:00001217-a-4#1963,NA,NA,p.Lys71Ile,0.921537473992197,0.0390043519436973,8
urn:mavedb:00001217-a-4#1964,NA,NA,p.Lys71Leu,1.00271337225407,0.175545045417648,24
urn:mavedb:00001217-a-4#1965,NA,NA,p.Lys71Met,1.06668572105253,0.0931744880435927,8
urn:mavedb:00001217-a-4#1966,NA,NA,p.Lys71Phe,0.960753035210608,0.202032930092033,8
urn:mavedb:00001217-a-4#1967,NA,NA,p.Lys71Pro,0.782584222156909,0.20178297337247,16
urn:mavedb:00001217-a-4#1968,NA,NA,p.Lys71Ser,0.942190644715631,0.123634857473623,24
urn:mavedb:00001217-a-4#1969,NA,NA,p.Lys71Ter,0.0884339305112154,0.498688150331316,8
urn:mavedb:00001217-a-4#1970,NA,NA,p.Lys71Thr,1.06398388874703,0.13837150573867,16
urn:mavedb:00001217-a-4#1971,NA,NA,p.Lys71Trp,1.00435937718426,0.121270138174574,8
urn:mavedb:00001217-a-4#1972,NA,NA,p.Lys71Tyr,0.956037703557475,0.0657223397759361,8
urn:mavedb:00001217-a-4#1973,NA,NA,p.Lys71Val,0.791997869808484,0.174181701142417,16
urn:mavedb:00001217-a-4#1974,NA,NA,p.Lys76Ala,1.06219541117991,0.0476582753676196,16
urn:mavedb:00001217-a-4#1975,NA,NA,p.Lys76Arg,1.06201441079598,0.0552917308795773,24
urn:mavedb:00001217-a-4#1976,NA,NA,p.Lys76Asn,0.891510350082809,0.0713444048521496,8
urn:mavedb:00001217-a-4#1977,NA,NA,p.Lys76Asp,0.965147385504872,0.077929930463542,8
urn:mavedb:00001217-a-4#1978,NA,NA,p.Lys76Cys,1.02785522770716,0.0489649252761066,8
urn:mavedb:00001217-a-4#1979,NA,NA,p.Lys76Gln,1.10587513023503,0.0397987753186769,8
urn:mavedb:00001217-a-4#1980,NA,NA,p.Lys76Glu,0.992225336850442,0.0630862573247618,8
urn:mavedb:00001217-a-4#1981,NA,NA,p.Lys76Gly,1.03855815290192,0.0442972316183319,16
urn:mavedb:00001217-a-4#1982,NA,NA,p.Lys76His,1.00395149455614,0.041458331837799,8
urn:mavedb:00001217-a-4#1983,NA,NA,p.Lys76Ile,0.880969442426128,0.0459793797679846,8
urn:mavedb:00001217-a-4#1984,NA,NA,p.Lys76Leu,1.04989562077882,0.0880063853253387,24
urn:mavedb:00001217-a-4#1985,NA,NA,p.Lys76Met,1.03883670883345,0.0437472262926145,8
urn:mavedb:00001217-a-4#1986,NA,NA,p.Lys76Phe,1.09583314025819,0.0605765309196279,8
urn:mavedb:00001217-a-4#1987,NA,NA,p.Lys76Pro,0.973152905282578,0.0704833800261805,16
urn:mavedb:00001217-a-4#1988,NA,NA,p.Lys76Ser,1.06829277534986,0.0614707448647546,24
urn:mavedb:00001217-a-4#1989,NA,NA,p.Lys76Ter,0.129126341328117,0.105779191232089,8
urn:mavedb:00001217-a-4#1990,NA,NA,p.Lys76Thr,1.06459380718956,0.0620889027844335,16
urn:mavedb:00001217-a-4#1991,NA,NA,p.Lys76Trp,1.01612764063145,0.0256624958406514,8
urn:mavedb:00001217-a-4#1992,NA,NA,p.Lys76Tyr,1.0042937684606,0.0604180821260289,8
urn:mavedb:00001217-a-4#1993,NA,NA,p.Lys76Val,0.989752793157995,0.0445510230801475,16
urn:mavedb:00001217-a-4#1994,NA,NA,p.Lys92=,0.904429278245497,0.127104959801319,8
urn:mavedb:00001217-a-4#1995,NA,NA,p.Lys92Ala,1.10417604752655,0.0686696986080667,16
urn:mavedb:00001217-a-4#1996,NA,NA,p.Lys92Arg,1.02841920698081,0.130287757262209,28
urn:mavedb:00001217-a-4#1997,NA,NA,p.Lys92Asn,1.05909417439817,0.187356961912521,16
urn:mavedb:00001217-a-4#1998,NA,NA,p.Lys92Asp,1.00874829281004,0.116508708444407,8
urn:mavedb:00001217-a-4#1999,NA,NA,p.Lys92Cys,1.00324418066299,0.0480561648989523,8
urn:mavedb:00001217-a-4#2000,NA,NA,p.Lys92Gln,0.988164106357386,0.117823419155334,8
urn:mavedb:00001217-a-4#2001,NA,NA,p.Lys92Glu,0.959738438983944,0.161929502667155,16
urn:mavedb:00001217-a-4#2002,NA,NA,p.Lys92Gly,0.907133458552282,0.0938963100958546,16
urn:mavedb:00001217-a-4#2003,NA,NA,p.Lys92His,0.926036343548318,0.105069828469166,8
urn:mavedb:00001217-a-4#2004,NA,NA,p.Lys92Ile,0.928212317272517,0.133102867203687,12
urn:mavedb:00001217-a-4#2005,NA,NA,p.Lys92Leu,1.03334642481718,0.0847238157017055,24
urn:mavedb:00001217-a-4#2006,NA,NA,p.Lys92Met,0.98555738832864,0.0434716654260721,8
urn:mavedb:00001217-a-4#2007,NA,NA,p.Lys92Phe,1.04634939516376,0.113926844192059,8
urn:mavedb:00001217-a-4#2008,NA,NA,p.Lys92Pro,1.04822173855564,0.0703217217752132,16
urn:mavedb:00001217-a-4#2009,NA,NA,p.Lys92Ser,1.01570008781165,0.0891014049988774,24
urn:mavedb:00001217-a-4#2010,NA,NA,p.Lys92Ter,-0.0328217796675705,0.13606928366133,8
urn:mavedb:00001217-a-4#2011,NA,NA,p.Lys92Thr,0.90365206405288,0.129172241510062,24
urn:mavedb:00001217-a-4#2012,NA,NA,p.Lys92Trp,0.923096960840991,0.0964842255727187,8
urn:mavedb:00001217-a-4#2013,NA,NA,p.Lys92Tyr,1.01320052020743,0.0526671646018212,8
urn:mavedb:00001217-a-4#2014,NA,NA,p.Lys92Val,0.846320810077948,0.248275807728667,16
urn:mavedb:00001217-a-4#2015,NA,NA,p.Phe21Ala,0.894168664070516,0.162504087462766,16
urn:mavedb:00001217-a-4#2016,NA,NA,p.Phe21Cys,0.604985640957435,0.115747800487952,8
urn:mavedb:00001217-a-4#2017,NA,NA,p.Phe21Glu,0.739380357300751,0.714044804709977,4
urn:mavedb:00001217-a-4#2018,NA,NA,p.Phe21Gly,0.207310295186836,0.388029094287833,16
urn:mavedb:00001217-a-4#2019,NA,NA,p.Phe21Ile,1.1193245030961,0.196839986412078,8
urn:mavedb:00001217-a-4#2020,NA,NA,p.Phe21Leu,0.884118295042974,0.208074939279438,24
urn:mavedb:00001217-a-4#2021,NA,NA,p.Phe21Met,0.968985488830828,0.230133998627903,8
urn:mavedb:00001217-a-4#2022,NA,NA,p.Phe21Ser,0.036981406761227,0.377381990538018,16
urn:mavedb:00001217-a-4#2023,NA,NA,p.Phe21Thr,0.0746919686340965,0.29334759343357,12
urn:mavedb:00001217-a-4#2024,NA,NA,p.Phe21Trp,1.05219559772997,0.11078245095693,8
urn:mavedb:00001217-a-4#2025,NA,NA,p.Phe21Tyr,0.869456257192355,0.172615275181603,8
urn:mavedb:00001217-a-4#2026,NA,NA,p.Phe21Val,0.68744951948633,0.282391439369284,20
urn:mavedb:00001217-a-4#2027,NA,NA,p.Phe46=,1.07378657454526,0.0481366849730108,8
urn:mavedb:00001217-a-4#2028,NA,NA,p.Phe46Ala,0.97679766322995,0.0592278324858017,16
urn:mavedb:00001217-a-4#2029,NA,NA,p.Phe46Arg,0.0139650328612035,0.294259633610249,24
urn:mavedb:00001217-a-4#2030,NA,NA,p.Phe46Asn,0.691072664037831,0.088164154251706,8
urn:mavedb:00001217-a-4#2031,NA,NA,p.Phe46Asp,-0.148465888563813,0.24467096470732,8
urn:mavedb:00001217-a-4#2032,NA,NA,p.Phe46Cys,1.04154827954669,0.207703149417945,16
urn:mavedb:00001217-a-4#2033,NA,NA,p.Phe46Gln,1.08769039136279,0.237638280615117,8
urn:mavedb:00001217-a-4#2034,NA,NA,p.Phe46Glu,-0.251141797776879,0.118157710142454,8
urn:mavedb:00001217-a-4#2035,NA,NA,p.Phe46Gly,0.522816517704343,0.0660494102844094,16
urn:mavedb:00001217-a-4#2036,NA,NA,p.Phe46Ile,1.03140516649073,0.0623882211181202,8
urn:mavedb:00001217-a-4#2037,NA,NA,p.Phe46Leu,1.00438909117258,0.0895221242287264,24
urn:mavedb:00001217-a-4#2038,NA,NA,p.Phe46Lys,0.267401906334005,0.132897310808156,8
urn:mavedb:00001217-a-4#2039,NA,NA,p.Phe46Met,0.983470785548552,0.0471845048151601,8
urn:mavedb:00001217-a-4#2040,NA,NA,p.Phe46Pro,0.130883282795133,0.212122621050545,8
urn:mavedb:00001217-a-4#2041,NA,NA,p.Phe46Ser,0.898612573221782,0.156362179037832,32
urn:mavedb:00001217-a-4#2042,NA,NA,p.Phe46Ter,0.0095074875844751,0.128579745208618,8
urn:mavedb:00001217-a-4#2043,NA,NA,p.Phe46Thr,1.01177406528177,0.106786231064805,16
urn:mavedb:00001217-a-4#2044,NA,NA,p.Phe46Trp,0.814243840234516,0.0490203882513612,8
urn:mavedb:00001217-a-4#2045,NA,NA,p.Phe46Tyr,0.812577487168083,0.0702038054874027,8
urn:mavedb:00001217-a-4#2046,NA,NA,p.Phe46Val,0.964424325363917,0.089145283206982,20
urn:mavedb:00001217-a-4#2047,NA,NA,p.Phe51=,0.974570335559113,0.949252814396338,4
urn:mavedb:00001217-a-4#2048,NA,NA,p.Phe51Ala,0.0433366253705265,0.613895578921213,16
urn:mavedb:00001217-a-4#2049,NA,NA,p.Phe51Arg,0.279178168940742,0.208688880759678,4
urn:mavedb:00001217-a-4#2050,NA,NA,p.Phe51Asp,-0.409220741905331,0.420903497627194,8
urn:mavedb:00001217-a-4#2051,NA,NA,p.Phe51Gln,0.480102551751881,0.50759013476507,8
urn:mavedb:00001217-a-4#2052,NA,NA,p.Phe51Gly,0.397929081888587,0.558452239323197,12
urn:mavedb:00001217-a-4#2053,NA,NA,p.Phe51Ile,0.861144434118392,0.453128039982673,8
urn:mavedb:00001217-a-4#2054,NA,NA,p.Phe51Leu,0.785079481681404,0.159797729721133,24
urn:mavedb:00001217-a-4#2055,NA,NA,p.Phe51Lys,0.691947448805759,0.241802221362263,4
urn:mavedb:00001217-a-4#2056,NA,NA,p.Phe51Met,0.427495436246838,0.252100970031668,8
urn:mavedb:00001217-a-4#2057,NA,NA,p.Phe51Pro,-0.312305876836753,0.82885455835291,8
urn:mavedb:00001217-a-4#2058,NA,NA,p.Phe51Ser,-0.0144359769562782,0.379147638439677,20
urn:mavedb:00001217-a-4#2059,NA,NA,p.Phe51Trp,1.00802997021434,0.267896464606461,8
urn:mavedb:00001217-a-4#2060,NA,NA,p.Phe51Tyr,0.791063668572836,0.225609222023384,8
urn:mavedb:00001217-a-4#2061,NA,NA,p.Phe51Val,-0.107356075351828,2.34633865769549,4
urn:mavedb:00001217-a-4#2062,NA,NA,p.Phe65=,1.08804155409057,0.172741364971178,8
urn:mavedb:00001217-a-4#2063,NA,NA,p.Phe65Ala,0.663070030091624,0.0924288143546611,16
urn:mavedb:00001217-a-4#2064,NA,NA,p.Phe65Arg,-0.163004044265251,0.191212652667889,24
urn:mavedb:00001217-a-4#2065,NA,NA,p.Phe65Asn,0.0708641675696795,0.129824553962833,8
urn:mavedb:00001217-a-4#2066,NA,NA,p.Phe65Asp,-0.215407457773489,0.130898542425902,8
urn:mavedb:00001217-a-4#2067,NA,NA,p.Phe65Cys,0.842220313895487,0.0618189380166403,8
urn:mavedb:00001217-a-4#2068,NA,NA,p.Phe65Gln,0.851360125443256,0.0763049183108851,8
urn:mavedb:00001217-a-4#2069,NA,NA,p.Phe65Glu,-0.320465154570804,0.0921477911007151,8
urn:mavedb:00001217-a-4#2070,NA,NA,p.Phe65Gly,-0.243497698491892,0.153522050183015,16
urn:mavedb:00001217-a-4#2071,NA,NA,p.Phe65His,0.916763025933268,0.115371209725645,8
urn:mavedb:00001217-a-4#2072,NA,NA,p.Phe65Ile,0.495990803730406,0.0671881121565135,8
urn:mavedb:00001217-a-4#2073,NA,NA,p.Phe65Leu,1.04603684894322,0.0604186998249572,24
urn:mavedb:00001217-a-4#2074,NA,NA,p.Phe65Lys,0.0653804984858142,0.150672587061245,8
urn:mavedb:00001217-a-4#2075,NA,NA,p.Phe65Met,1.00767311907784,0.0943967051813405,8
urn:mavedb:00001217-a-4#2076,NA,NA,p.Phe65Pro,0.12952130641818,0.189319842762241,16
urn:mavedb:00001217-a-4#2077,NA,NA,p.Phe65Ser,0.128433948484311,0.190425552602107,24
urn:mavedb:00001217-a-4#2078,NA,NA,p.Phe65Ter,-0.076967884778995,0.0704509140086479,8
urn:mavedb:00001217-a-4#2079,NA,NA,p.Phe65Thr,-0.106827597880193,0.118811600545915,16
urn:mavedb:00001217-a-4#2080,NA,NA,p.Phe65Trp,0.943580611818198,0.0308224962244744,8
urn:mavedb:00001217-a-4#2081,NA,NA,p.Phe65Tyr,1.06996573449175,0.0419651557720402,8
urn:mavedb:00001217-a-4#2082,NA,NA,p.Phe65Val,0.355295819477877,0.108916373119969,16
urn:mavedb:00001217-a-4#2083,NA,NA,p.Pro14=,1.12404598931188,0.463341718227854,16
urn:mavedb:00001217-a-4#2084,NA,NA,p.Pro14Ala,0.740341327512861,0.417446446319787,8
urn:mavedb:00001217-a-4#2085,NA,NA,p.Pro14Arg,0.930080169440328,0.322803852781177,16
urn:mavedb:00001217-a-4#2086,NA,NA,p.Pro14Glu,0.782653035844825,0.16160807299124,8
urn:mavedb:00001217-a-4#2087,NA,NA,p.Pro14Gly,0.907362520215925,0.141525379198214,8
urn:mavedb:00001217-a-4#2088,NA,NA,p.Pro14Lys,0.805488742586493,0.277942074615601,8
urn:mavedb:00001217-a-4#2089,NA,NA,p.Pro14Ser,0.798275508750258,0.999338910661849,8
urn:mavedb:00001217-a-4#2090,NA,NA,p.Pro14Ter,0.853618755250635,0.135114305149204,8
urn:mavedb:00001217-a-4#2091,NA,NA,p.Pro14Thr,0.96550800085871,0.272543145403331,8
urn:mavedb:00001217-a-4#2092,NA,NA,p.Pro14Val,0.928865017474178,0.193333159487639,8
urn:mavedb:00001217-a-4#2093,NA,NA,p.Pro29=,1.18437822008443,0.25750073925284,16
urn:mavedb:00001217-a-4#2094,NA,NA,p.Pro29Ala,1.26193999710511,0.217012477483355,8
urn:mavedb:00001217-a-4#2095,NA,NA,p.Pro29Arg,1.07853085364068,0.172611328400677,24
urn:mavedb:00001217-a-4#2096,NA,NA,p.Pro29Asn,1.128360753795,0.164686554759518,8
urn:mavedb:00001217-a-4#2097,NA,NA,p.Pro29Asp,1.00385524479049,0.218980454481436,8
urn:mavedb:00001217-a-4#2098,NA,NA,p.Pro29Cys,1.16184476692565,0.137807459366252,8
urn:mavedb:00001217-a-4#2099,NA,NA,p.Pro29Gln,0.934668389561802,0.0851404153195888,8
urn:mavedb:00001217-a-4#2100,NA,NA,p.Pro29Glu,1.19434858465859,0.124591790594198,8
urn:mavedb:00001217-a-4#2101,NA,NA,p.Pro29Gly,1.2074016088074,0.274148209426656,8
urn:mavedb:00001217-a-4#2102,NA,NA,p.Pro29His,0.82176176443818,0.133554549272907,8
urn:mavedb:00001217-a-4#2103,NA,NA,p.Pro29Ile,1.07657153583358,0.102893420119053,8
urn:mavedb:00001217-a-4#2104,NA,NA,p.Pro29Leu,1.11978549516374,0.173204472264978,24
urn:mavedb:00001217-a-4#2105,NA,NA,p.Pro29Lys,0.795637737150165,0.173889475040097,8
urn:mavedb:00001217-a-4#2106,NA,NA,p.Pro29Met,1.16067147997565,0.170922642778946,8
urn:mavedb:00001217-a-4#2107,NA,NA,p.Pro29Phe,1.05891779778391,0.0955470324408261,8
urn:mavedb:00001217-a-4#2108,NA,NA,p.Pro29Ser,0.951839830825106,0.20517245050834,24
urn:mavedb:00001217-a-4#2109,NA,NA,p.Pro29Thr,0.846585782075056,0.163293722239428,20
urn:mavedb:00001217-a-4#2110,NA,NA,p.Pro29Trp,0.653017719932088,0.169651891040057,8
urn:mavedb:00001217-a-4#2111,NA,NA,p.Pro29Tyr,0.807568646053983,0.360612635449682,8
urn:mavedb:00001217-a-4#2112,NA,NA,p.Pro29Val,1.03663153129744,0.185325781895268,12
urn:mavedb:00001217-a-4#2113,NA,NA,p.Pro63=,0.835974097430297,0.180480899071583,20
urn:mavedb:00001217-a-4#2114,NA,NA,p.Pro63Ala,0.889679142461625,0.0806338835640602,16
urn:mavedb:00001217-a-4#2115,NA,NA,p.Pro63Arg,0.974020518178328,0.135444303203013,24
urn:mavedb:00001217-a-4#2116,NA,NA,p.Pro63Asn,0.929292618007239,0.137000759587907,8
urn:mavedb:00001217-a-4#2117,NA,NA,p.Pro63Asp,0.755920996399596,0.217308910223822,8
urn:mavedb:00001217-a-4#2118,NA,NA,p.Pro63Cys,0.842641088378824,0.104941273326696,8
urn:mavedb:00001217-a-4#2119,NA,NA,p.Pro63Gln,0.828839899728905,0.0545304305807901,8
urn:mavedb:00001217-a-4#2120,NA,NA,p.Pro63Glu,0.98701290751415,0.127030117690022,8
urn:mavedb:00001217-a-4#2121,NA,NA,p.Pro63Gly,1.00723936724798,0.142583467707228,16
urn:mavedb:00001217-a-4#2122,NA,NA,p.Pro63His,0.819962722509562,0.118759339329697,8
urn:mavedb:00001217-a-4#2123,NA,NA,p.Pro63Ile,0.861685317036826,0.0993003844270555,8
urn:mavedb:00001217-a-4#2124,NA,NA,p.Pro63Leu,0.848651736189001,0.179874990252638,24
urn:mavedb:00001217-a-4#2125,NA,NA,p.Pro63Lys,0.722599985012099,0.184165688583692,8
urn:mavedb:00001217-a-4#2126,NA,NA,p.Pro63Met,0.75910019154853,0.0714751882979045,8
urn:mavedb:00001217-a-4#2127,NA,NA,p.Pro63Phe,0.77534865904091,0.175343654818985,8
urn:mavedb:00001217-a-4#2128,NA,NA,p.Pro63Ser,0.862950763711728,0.109795221761598,24
urn:mavedb:00001217-a-4#2129,NA,NA,p.Pro63Thr,0.820554570780992,0.172412856510696,16
urn:mavedb:00001217-a-4#2130,NA,NA,p.Pro63Trp,0.77581632132231,0.0928893451999157,8
urn:mavedb:00001217-a-4#2131,NA,NA,p.Pro63Tyr,1.18792739323519,0.152187409233948,8
urn:mavedb:00001217-a-4#2132,NA,NA,p.Pro63Val,0.760509144188687,0.18567614725286,16
urn:mavedb:00001217-a-4#2133,NA,NA,p.Pro67=,0.913458356776056,0.266829532297537,20
urn:mavedb:00001217-a-4#2134,NA,NA,p.Pro67Ala,0.858213873089444,0.103250807088703,8
urn:mavedb:00001217-a-4#2135,NA,NA,p.Pro67Arg,1.05534281814761,0.18826669978063,24
urn:mavedb:00001217-a-4#2136,NA,NA,p.Pro67Asn,0.802890411207059,0.15951011155917,8
urn:mavedb:00001217-a-4#2137,NA,NA,p.Pro67Asp,1.06572947046876,0.155389268701104,8
urn:mavedb:00001217-a-4#2138,NA,NA,p.Pro67Cys,1.0365735977072,0.0846445385705746,8
urn:mavedb:00001217-a-4#2139,NA,NA,p.Pro67Gln,0.819946615514912,0.086723475984936,8
urn:mavedb:00001217-a-4#2140,NA,NA,p.Pro67Glu,0.311236743007396,0.256043225925758,8
urn:mavedb:00001217-a-4#2141,NA,NA,p.Pro67Gly,0.774733358923404,0.139199248349952,16
urn:mavedb:00001217-a-4#2142,NA,NA,p.Pro67Ile,1.1436441155191,0.152783324283709,8
urn:mavedb:00001217-a-4#2143,NA,NA,p.Pro67Leu,0.597315165965125,0.327067745253759,16
urn:mavedb:00001217-a-4#2144,NA,NA,p.Pro67Lys,0.757078086909079,0.201654985107976,8
urn:mavedb:00001217-a-4#2145,NA,NA,p.Pro67Met,0.734006552626141,0.296625230155711,8
urn:mavedb:00001217-a-4#2146,NA,NA,p.Pro67Phe,0.851734085247197,0.276396980725775,8
urn:mavedb:00001217-a-4#2147,NA,NA,p.Pro67Ser,0.927877542856122,0.127703815977909,24
urn:mavedb:00001217-a-4#2148,NA,NA,p.Pro67Thr,0.960259368399724,0.0843084044502792,8
urn:mavedb:00001217-a-4#2149,NA,NA,p.Pro67Trp,0.883225068263232,0.12220562774836,8
urn:mavedb:00001217-a-4#2150,NA,NA,p.Pro67Tyr,1.08439885493737,0.430176270907613,8
urn:mavedb:00001217-a-4#2151,NA,NA,p.Pro67Val,1.06518499121249,0.210606709661402,16
urn:mavedb:00001217-a-4#2152,NA,NA,p.Pro75=,1.03750900257721,0.137749547347742,24
urn:mavedb:00001217-a-4#2153,NA,NA,p.Pro75Ala,0.914040588538845,0.0958302933064336,16
urn:mavedb:00001217-a-4#2154,NA,NA,p.Pro75Arg,0.9963035930018,0.0931853324990235,24
urn:mavedb:00001217-a-4#2155,NA,NA,p.Pro75Asn,0.763748892487173,0.11342655760476,8
urn:mavedb:00001217-a-4#2156,NA,NA,p.Pro75Asp,0.815309174205116,0.0818494171745975,8
urn:mavedb:00001217-a-4#2157,NA,NA,p.Pro75Cys,0.924969663294743,0.0837101065044435,8
urn:mavedb:00001217-a-4#2158,NA,NA,p.Pro75Gln,1.03555560819753,0.0597363964190565,8
urn:mavedb:00001217-a-4#2159,NA,NA,p.Pro75Glu,0.962823538096633,0.0843193556153022,8
urn:mavedb:00001217-a-4#2160,NA,NA,p.Pro75Gly,0.983192603843701,0.140574673978976,16
urn:mavedb:00001217-a-4#2161,NA,NA,p.Pro75His,0.892350048260504,0.0867206266956539,8
urn:mavedb:00001217-a-4#2162,NA,NA,p.Pro75Ile,0.821748812414099,0.152682762206045,8
urn:mavedb:00001217-a-4#2163,NA,NA,p.Pro75Leu,0.921129595348239,0.0854207032082983,24
urn:mavedb:00001217-a-4#2164,NA,NA,p.Pro75Lys,0.710826637539448,0.0779685630023179,8
urn:mavedb:00001217-a-4#2165,NA,NA,p.Pro75Met,0.996735429260068,0.0654039857601275,8
urn:mavedb:00001217-a-4#2166,NA,NA,p.Pro75Phe,1.02245446006812,0.0610540248528906,8
urn:mavedb:00001217-a-4#2167,NA,NA,p.Pro75Ser,0.956997957601764,0.124395885620446,32
urn:mavedb:00001217-a-4#2168,NA,NA,p.Pro75Ter,-0.0601333964043355,0.162478533047388,8
urn:mavedb:00001217-a-4#2169,NA,NA,p.Pro75Thr,0.958303267933253,0.113442502601361,16
urn:mavedb:00001217-a-4#2170,NA,NA,p.Pro75Trp,1.02934117600005,0.0676693375093206,8
urn:mavedb:00001217-a-4#2171,NA,NA,p.Pro75Tyr,0.880763983491979,0.112666597837075,8
urn:mavedb:00001217-a-4#2172,NA,NA,p.Pro75Val,0.933826982127941,0.0752145894191718,16
urn:mavedb:00001217-a-4#2173,NA,NA,p.Ser103=,0.840055692865064,0.129777298424813,24
urn:mavedb:00001217-a-4#2174,NA,NA,p.Ser103Ala,0.920045973909918,0.126559167284139,16
urn:mavedb:00001217-a-4#2175,NA,NA,p.Ser103Arg,1.02368718906579,0.165181255764429,24
urn:mavedb:00001217-a-4#2176,NA,NA,p.Ser103Asn,0.734228101228719,0.11294653113148,8
urn:mavedb:00001217-a-4#2177,NA,NA,p.Ser103Asp,0.927549300711507,0.0762880992218574,8
urn:mavedb:00001217-a-4#2178,NA,NA,p.Ser103Cys,0.933439893909587,0.0782240983599665,8
urn:mavedb:00001217-a-4#2179,NA,NA,p.Ser103Gln,0.839390244281091,0.306066043146754,8
urn:mavedb:00001217-a-4#2180,NA,NA,p.Ser103Glu,1.14557621284222,0.046136093202899,8
urn:mavedb:00001217-a-4#2181,NA,NA,p.Ser103Gly,0.89171846560124,0.0901474189177776,16
urn:mavedb:00001217-a-4#2182,NA,NA,p.Ser103His,0.882843210746308,0.40091201780361,8
urn:mavedb:00001217-a-4#2183,NA,NA,p.Ser103Ile,1.05972588335541,0.106049691839315,8
urn:mavedb:00001217-a-4#2184,NA,NA,p.Ser103Leu,0.897191006132833,0.161910333876586,24
urn:mavedb:00001217-a-4#2185,NA,NA,p.Ser103Lys,0.851662822473197,0.0958749006080755,8
urn:mavedb:00001217-a-4#2186,NA,NA,p.Ser103Met,1.25475987820575,0.115565503249493,8
urn:mavedb:00001217-a-4#2187,NA,NA,p.Ser103Phe,1.17178509696978,0.0731898311858046,8
urn:mavedb:00001217-a-4#2188,NA,NA,p.Ser103Pro,0.972848705360992,0.109082258436957,16
urn:mavedb:00001217-a-4#2189,NA,NA,p.Ser103Ter,0.280594071399686,0.272356831217267,8
urn:mavedb:00001217-a-4#2190,NA,NA,p.Ser103Thr,0.836104485283105,0.134638657614498,16
urn:mavedb:00001217-a-4#2191,NA,NA,p.Ser103Trp,1.04874999855508,0.119593301818108,8
urn:mavedb:00001217-a-4#2192,NA,NA,p.Ser103Tyr,1.04620159485379,0.130606479613001,8
urn:mavedb:00001217-a-4#2193,NA,NA,p.Ser103Val,1.07532504850285,0.076029163980802,16
urn:mavedb:00001217-a-4#2194,NA,NA,p.Ser106=,1.06924721090687,0.148234245240789,32
urn:mavedb:00001217-a-4#2195,NA,NA,p.Ser106Ala,0.97717413204264,0.0563324135111731,16
urn:mavedb:00001217-a-4#2196,NA,NA,p.Ser106Arg,1.03605962146358,0.113522150657666,24
urn:mavedb:00001217-a-4#2197,NA,NA,p.Ser106Asn,0.954946224980834,0.0945204322107243,8
urn:mavedb:00001217-a-4#2198,NA,NA,p.Ser106Asp,1.09045825746674,0.0488602847752271,8
urn:mavedb:00001217-a-4#2199,NA,NA,p.Ser106Cys,0.866589157318423,0.081306282971831,8
urn:mavedb:00001217-a-4#2200,NA,NA,p.Ser106Gln,1.05401024116589,0.0593354182684285,8
urn:mavedb:00001217-a-4#2201,NA,NA,p.Ser106Glu,1.09260682587807,0.0507438229855488,8
urn:mavedb:00001217-a-4#2202,NA,NA,p.Ser106Gly,0.931806366631368,0.0617542044496466,16
urn:mavedb:00001217-a-4#2203,NA,NA,p.Ser106His,0.91622807011779,0.0853009045296183,8
urn:mavedb:00001217-a-4#2204,NA,NA,p.Ser106Ile,0.81478723985193,0.0760845170678015,8
urn:mavedb:00001217-a-4#2205,NA,NA,p.Ser106Leu,0.903780042650449,0.195902842073527,32
urn:mavedb:00001217-a-4#2206,NA,NA,p.Ser106Lys,0.910624523851044,0.0637116812709019,8
urn:mavedb:00001217-a-4#2207,NA,NA,p.Ser106Met,1.00586104056876,0.085866750903127,8
urn:mavedb:00001217-a-4#2208,NA,NA,p.Ser106Phe,0.875008912348985,0.0915638294253125,8
urn:mavedb:00001217-a-4#2209,NA,NA,p.Ser106Pro,0.955582433519412,0.167143766816784,16
urn:mavedb:00001217-a-4#2210,NA,NA,p.Ser106Ter,0.0709289486412196,0.190214301377789,8
urn:mavedb:00001217-a-4#2211,NA,NA,p.Ser106Thr,1.02930718842796,0.15736415595712,20
urn:mavedb:00001217-a-4#2212,NA,NA,p.Ser106Trp,0.871282613012716,0.0979793279629054,8
urn:mavedb:00001217-a-4#2213,NA,NA,p.Ser106Tyr,0.846723996146316,0.10091020893734,8
urn:mavedb:00001217-a-4#2214,NA,NA,p.Ser106Val,1.02936242368988,0.0922137036691668,16
urn:mavedb:00001217-a-4#2215,NA,NA,p.Ser108=,0.991162337553169,0.151178380263005,24
urn:mavedb:00001217-a-4#2216,NA,NA,p.Ser108Ala,1.0308891781927,0.170497450660531,20
urn:mavedb:00001217-a-4#2217,NA,NA,p.Ser108Arg,1.00214906414939,0.10250106301111,24
urn:mavedb:00001217-a-4#2218,NA,NA,p.Ser108Asn,0.932959458043321,0.0994457039441256,8
urn:mavedb:00001217-a-4#2219,NA,NA,p.Ser108Asp,0.980057154459161,0.0819948069331229,8
urn:mavedb:00001217-a-4#2220,NA,NA,p.Ser108Cys,0.930677892668472,0.0735762768551715,8
urn:mavedb:00001217-a-4#2221,NA,NA,p.Ser108Gln,1.14946262271749,0.0645296842303026,8
urn:mavedb:00001217-a-4#2222,NA,NA,p.Ser108Glu,0.992571358968487,0.0892524111724605,8
urn:mavedb:00001217-a-4#2223,NA,NA,p.Ser108Gly,1.04798597856771,0.0548162207700997,16
urn:mavedb:00001217-a-4#2224,NA,NA,p.Ser108His,0.908123332982364,0.0904163958801666,8
urn:mavedb:00001217-a-4#2225,NA,NA,p.Ser108Ile,0.79914021612176,0.0812564196306455,8
urn:mavedb:00001217-a-4#2226,NA,NA,p.Ser108Leu,0.922672163017038,0.122386266310572,24
urn:mavedb:00001217-a-4#2227,NA,NA,p.Ser108Lys,0.987458732802481,0.0817183646998586,8
urn:mavedb:00001217-a-4#2228,NA,NA,p.Ser108Met,0.544081473693262,0.12622590805529,8
urn:mavedb:00001217-a-4#2229,NA,NA,p.Ser108Phe,1.12861693609076,0.0494471222949933,8
urn:mavedb:00001217-a-4#2230,NA,NA,p.Ser108Pro,0.614223482512791,0.0975543515868227,16
urn:mavedb:00001217-a-4#2231,NA,NA,p.Ser108Ter,0.0639985580813219,0.415560380627768,8
urn:mavedb:00001217-a-4#2232,NA,NA,p.Ser108Thr,1.00612820572086,0.137836163335627,24
urn:mavedb:00001217-a-4#2233,NA,NA,p.Ser108Trp,0.981167707941121,0.0576390524120735,8
urn:mavedb:00001217-a-4#2234,NA,NA,p.Ser108Tyr,1.01242421389673,0.0886230856824002,8
urn:mavedb:00001217-a-4#2235,NA,NA,p.Ser108Val,0.96771089050382,0.0548507902497534,16
urn:mavedb:00001217-a-4#2236,NA,NA,p.Ser135=,0.853386344787187,0.233084049331379,24
urn:mavedb:00001217-a-4#2237,NA,NA,p.Ser135Ala,0.901910789053609,0.157731146841346,16
urn:mavedb:00001217-a-4#2238,NA,NA,p.Ser135Arg,-0.259736164023801,0.277471595842272,16
urn:mavedb:00001217-a-4#2239,NA,NA,p.Ser135Asp,0.287784487806475,0.214910135883945,8
urn:mavedb:00001217-a-4#2240,NA,NA,p.Ser135Cys,0.690967160901923,0.153160703336167,8
urn:mavedb:00001217-a-4#2241,NA,NA,p.Ser135Gln,-0.0784825546332825,0.253040877352951,8
urn:mavedb:00001217-a-4#2242,NA,NA,p.Ser135Glu,0.080133009268074,0.182615657840121,8
urn:mavedb:00001217-a-4#2243,NA,NA,p.Ser135Gly,0.770195868586111,0.146359309542943,16
urn:mavedb:00001217-a-4#2244,NA,NA,p.Ser135His,0.379169088251488,0.265925256056659,8
urn:mavedb:00001217-a-4#2245,NA,NA,p.Ser135Ile,0.404423227234837,0.916280250410083,8
urn:mavedb:00001217-a-4#2246,NA,NA,p.Ser135Leu,0.312420049965392,0.281495194828504,20
urn:mavedb:00001217-a-4#2247,NA,NA,p.Ser135Lys,0.0213481354296625,0.148066800688251,8
urn:mavedb:00001217-a-4#2248,NA,NA,p.Ser135Met,0.134950694782881,0.272887414701218,8
urn:mavedb:00001217-a-4#2249,NA,NA,p.Ser135Phe,0.209892573977322,0.471535898210671,8
urn:mavedb:00001217-a-4#2250,NA,NA,p.Ser135Ter,0.51157663615512,0.661824686483934,8
urn:mavedb:00001217-a-4#2251,NA,NA,p.Ser135Thr,0.872909140531898,0.100711205497182,16
urn:mavedb:00001217-a-4#2252,NA,NA,p.Ser135Trp,0.02515115807969,0.214435813116736,8
urn:mavedb:00001217-a-4#2253,NA,NA,p.Ser135Tyr,0.213473531970719,0.47772415969306,8
urn:mavedb:00001217-a-4#2254,NA,NA,p.Ser135Val,-0.126304106061335,0.161300979976679,16
urn:mavedb:00001217-a-4#2255,NA,NA,p.Ser143=,0.864218702661448,0.0976164762112579,16
urn:mavedb:00001217-a-4#2256,NA,NA,p.Ser143Ala,0.841966247417237,0.178583337326739,16
urn:mavedb:00001217-a-4#2257,NA,NA,p.Ser143Arg,0.853084901776568,0.0904132050873094,24
urn:mavedb:00001217-a-4#2258,NA,NA,p.Ser143Asn,0.969830344390395,0.0673404877925782,8
urn:mavedb:00001217-a-4#2259,NA,NA,p.Ser143Asp,0.801794940454007,0.109747084902795,8
urn:mavedb:00001217-a-4#2260,NA,NA,p.Ser143Cys,0.661505413848012,0.106746330558444,8
urn:mavedb:00001217-a-4#2261,NA,NA,p.Ser143Gln,0.61080049400821,0.193119585599955,8
urn:mavedb:00001217-a-4#2262,NA,NA,p.Ser143Glu,0.351278292653032,0.113197267224814,8
urn:mavedb:00001217-a-4#2263,NA,NA,p.Ser143Gly,0.916748311095396,0.120430374763851,16
urn:mavedb:00001217-a-4#2264,NA,NA,p.Ser143His,0.876133566030968,0.0433680921089739,8
urn:mavedb:00001217-a-4#2265,NA,NA,p.Ser143Ile,1.04832684408279,0.0802479463261726,8
urn:mavedb:00001217-a-4#2266,NA,NA,p.Ser143Leu,0.930200262725272,0.142767590473039,24
urn:mavedb:00001217-a-4#2267,NA,NA,p.Ser143Lys,0.637543838640241,0.0902222382131292,8
urn:mavedb:00001217-a-4#2268,NA,NA,p.Ser143Met,1.05755566145989,0.10211912616165,8
urn:mavedb:00001217-a-4#2269,NA,NA,p.Ser143Phe,0.849260086984317,0.0733287217522062,8
urn:mavedb:00001217-a-4#2270,NA,NA,p.Ser143Pro,0.836780677248004,0.250166427771916,16
urn:mavedb:00001217-a-4#2271,NA,NA,p.Ser143Thr,1.02597725106114,0.112646182750764,16
urn:mavedb:00001217-a-4#2272,NA,NA,p.Ser143Trp,0.891347117385192,0.0640921915768485,8
urn:mavedb:00001217-a-4#2273,NA,NA,p.Ser143Tyr,1.05666185621281,0.0835069601076923,8
urn:mavedb:00001217-a-4#2274,NA,NA,p.Ser143Val,0.925160219799885,0.097354730265146,16
urn:mavedb:00001217-a-4#2275,NA,NA,p.Ser26=,0.814874939644933,0.311197623890391,16
urn:mavedb:00001217-a-4#2276,NA,NA,p.Ser26Ala,0.952715919734947,0.236532622195267,16
urn:mavedb:00001217-a-4#2277,NA,NA,p.Ser26Arg,1.02265657976922,0.161501912799703,24
urn:mavedb:00001217-a-4#2278,NA,NA,p.Ser26Asn,0.874663552563741,0.239785960366959,8
urn:mavedb:00001217-a-4#2279,NA,NA,p.Ser26Asp,1.13707515209829,0.181225651031179,8
urn:mavedb:00001217-a-4#2280,NA,NA,p.Ser26Cys,0.970463830654875,0.249452106218595,8
urn:mavedb:00001217-a-4#2281,NA,NA,p.Ser26Gln,1.09290895754677,0.195206636733066,8
urn:mavedb:00001217-a-4#2282,NA,NA,p.Ser26Glu,1.35436922118316,0.206838250662067,8
urn:mavedb:00001217-a-4#2283,NA,NA,p.Ser26Gly,0.956928140959193,0.155602091442707,16
urn:mavedb:00001217-a-4#2284,NA,NA,p.Ser26His,1.12690227914581,0.0919351711087339,8
urn:mavedb:00001217-a-4#2285,NA,NA,p.Ser26Ile,1.00015668010098,0.540680851113966,8
urn:mavedb:00001217-a-4#2286,NA,NA,p.Ser26Leu,0.887569431479116,0.221904174017785,16
urn:mavedb:00001217-a-4#2287,NA,NA,p.Ser26Lys,1.11435122153911,0.119922353660859,8
urn:mavedb:00001217-a-4#2288,NA,NA,p.Ser26Met,0.918062982994157,0.155661440758768,8
urn:mavedb:00001217-a-4#2289,NA,NA,p.Ser26Phe,0.818302511747706,0.225956708951231,8
urn:mavedb:00001217-a-4#2290,NA,NA,p.Ser26Pro,0.555188037160652,0.223296976867299,12
urn:mavedb:00001217-a-4#2291,NA,NA,p.Ser26Thr,1.06798861510453,0.278828948837827,12
urn:mavedb:00001217-a-4#2292,NA,NA,p.Ser26Trp,1.14816404913784,0.0866133088064538,8
urn:mavedb:00001217-a-4#2293,NA,NA,p.Ser26Tyr,1.14898195501127,0.260214647552117,8
urn:mavedb:00001217-a-4#2294,NA,NA,p.Ser26Val,1.08480873784521,0.155092630762689,16
urn:mavedb:00001217-a-4#2295,NA,NA,p.Ser35=,1.03827377741363,0.0793997232970645,24
urn:mavedb:00001217-a-4#2296,NA,NA,p.Ser35Ala,1.07107041449631,0.0922494624516067,16
urn:mavedb:00001217-a-4#2297,NA,NA,p.Ser35Arg,1.00816370232024,0.0996970146541887,40
urn:mavedb:00001217-a-4#2298,NA,NA,p.Ser35Asn,0.942145837795251,0.0799972048032124,16
urn:mavedb:00001217-a-4#2299,NA,NA,p.Ser35Asp,0.99034676008331,0.0751114815561636,8
urn:mavedb:00001217-a-4#2300,NA,NA,p.Ser35Cys,0.979363926093573,0.0999842327023001,16
urn:mavedb:00001217-a-4#2301,NA,NA,p.Ser35Gln,0.941034251603106,0.0435313195423021,8
urn:mavedb:00001217-a-4#2302,NA,NA,p.Ser35Glu,0.991169860966897,0.0934711745553251,8
urn:mavedb:00001217-a-4#2303,NA,NA,p.Ser35Gly,0.99137928828504,0.0763376249905388,24
urn:mavedb:00001217-a-4#2304,NA,NA,p.Ser35His,1.06564760324203,0.106122717344913,8
urn:mavedb:00001217-a-4#2305,NA,NA,p.Ser35Ile,1.00526642606417,0.0649324622405207,16
urn:mavedb:00001217-a-4#2306,NA,NA,p.Ser35Leu,1.05290203914309,0.116613387655054,24
urn:mavedb:00001217-a-4#2307,NA,NA,p.Ser35Lys,1.0640379052677,0.0912616528603351,8
urn:mavedb:00001217-a-4#2308,NA,NA,p.Ser35Met,0.952368872946078,0.0773410539082429,8
urn:mavedb:00001217-a-4#2309,NA,NA,p.Ser35Phe,1.12439084765949,0.0901491424332461,8
urn:mavedb:00001217-a-4#2310,NA,NA,p.Ser35Pro,0.95390147806868,0.130873347049187,16
urn:mavedb:00001217-a-4#2311,NA,NA,p.Ser35Ter,0.0250243750283135,0.251525441532667,8
urn:mavedb:00001217-a-4#2312,NA,NA,p.Ser35Thr,1.06230034964608,0.102911628780134,24
urn:mavedb:00001217-a-4#2313,NA,NA,p.Ser35Trp,1.07932673445965,0.0785801592357615,8
urn:mavedb:00001217-a-4#2314,NA,NA,p.Ser35Tyr,0.97949460138919,0.0893601753503319,8
urn:mavedb:00001217-a-4#2315,NA,NA,p.Ser35Val,1.03834488787384,0.0829524401431464,16
urn:mavedb:00001217-a-4#2316,NA,NA,p.Ser60=,0.925002160338529,0.104595944804513,24
urn:mavedb:00001217-a-4#2317,NA,NA,p.Ser60Ala,0.704991419059565,0.0743568991376578,16
urn:mavedb:00001217-a-4#2318,NA,NA,p.Ser60Arg,-0.0036566471345091,0.126563802655789,24
urn:mavedb:00001217-a-4#2319,NA,NA,p.Ser60Asn,0.81863924275012,0.0860011563184309,8
urn:mavedb:00001217-a-4#2320,NA,NA,p.Ser60Asp,-0.039593562265895,0.203153045690147,8
urn:mavedb:00001217-a-4#2321,NA,NA,p.Ser60Cys,0.449874923719884,0.14472330768155,8
urn:mavedb:00001217-a-4#2322,NA,NA,p.Ser60Gln,0.706935973770463,0.138658538885583,8
urn:mavedb:00001217-a-4#2323,NA,NA,p.Ser60Glu,-0.267447906619062,0.331553256042629,8
urn:mavedb:00001217-a-4#2324,NA,NA,p.Ser60Gly,0.691340986130905,0.0926196044715207,16
urn:mavedb:00001217-a-4#2325,NA,NA,p.Ser60His,0.180581871692239,0.245656507889354,8
urn:mavedb:00001217-a-4#2326,NA,NA,p.Ser60Ile,-0.085225607223331,0.223215162121376,8
urn:mavedb:00001217-a-4#2327,NA,NA,p.Ser60Leu,0.584075546376681,0.109796901457567,24
urn:mavedb:00001217-a-4#2328,NA,NA,p.Ser60Lys,0.199923155400684,0.0909464359115264,8
urn:mavedb:00001217-a-4#2329,NA,NA,p.Ser60Met,0.67958292995947,0.0848567799179099,8
urn:mavedb:00001217-a-4#2330,NA,NA,p.Ser60Phe,0.083643987522777,0.112424810437966,8
urn:mavedb:00001217-a-4#2331,NA,NA,p.Ser60Pro,-0.229578637045979,0.301833437068182,16
urn:mavedb:00001217-a-4#2332,NA,NA,p.Ser60Ter,0.350044820918954,0.0870869543998917,8
urn:mavedb:00001217-a-4#2333,NA,NA,p.Ser60Thr,0.913366818456159,0.0694567709225905,16
urn:mavedb:00001217-a-4#2334,NA,NA,p.Ser60Trp,-0.343209373082958,0.11363982610985,8
urn:mavedb:00001217-a-4#2335,NA,NA,p.Ser60Tyr,-0.100734027032945,0.229424786231302,8
urn:mavedb:00001217-a-4#2336,NA,NA,p.Ser60Val,-0.216483688093962,0.127715102160033,16
urn:mavedb:00001217-a-4#2337,NA,NA,p.Ser69=,1.12972544371798,0.242623454100782,28
urn:mavedb:00001217-a-4#2338,NA,NA,p.Ser69Ala,0.847673728978334,0.177483424873529,16
urn:mavedb:00001217-a-4#2339,NA,NA,p.Ser69Arg,1.08147541697135,0.267212488837095,12
urn:mavedb:00001217-a-4#2340,NA,NA,p.Ser69Asp,0.957890020630134,0.168344323134363,8
urn:mavedb:00001217-a-4#2341,NA,NA,p.Ser69Cys,1.18179466105706,0.138459239313658,8
urn:mavedb:00001217-a-4#2342,NA,NA,p.Ser69Gln,1.15372662988299,0.163703860068936,8
urn:mavedb:00001217-a-4#2343,NA,NA,p.Ser69Glu,0.3826596296169,0.356853907718533,4
urn:mavedb:00001217-a-4#2344,NA,NA,p.Ser69Gly,1.07284420469158,0.286972999002996,12
urn:mavedb:00001217-a-4#2345,NA,NA,p.Ser69His,0.966317374333255,0.146628012717231,8
urn:mavedb:00001217-a-4#2346,NA,NA,p.Ser69Ile,1.27404900916512,0.309755478012075,8
urn:mavedb:00001217-a-4#2347,NA,NA,p.Ser69Leu,0.942543511092995,0.176763524945397,24
urn:mavedb:00001217-a-4#2348,NA,NA,p.Ser69Lys,1.09740031656327,0.16548821725131,8
urn:mavedb:00001217-a-4#2349,NA,NA,p.Ser69Met,0.912880342659408,0.181612158998025,8
urn:mavedb:00001217-a-4#2350,NA,NA,p.Ser69Phe,1.2348467095659,0.196654452459309,16
urn:mavedb:00001217-a-4#2351,NA,NA,p.Ser69Pro,1.02410026789752,0.29547425140229,24
urn:mavedb:00001217-a-4#2352,NA,NA,p.Ser69Thr,0.871397211916434,0.200873593324458,16
urn:mavedb:00001217-a-4#2353,NA,NA,p.Ser69Trp,1.01982987511922,0.136646024144143,8
urn:mavedb:00001217-a-4#2354,NA,NA,p.Ser69Tyr,0.907376738826341,0.163461788785248,8
urn:mavedb:00001217-a-4#2355,NA,NA,p.Ser69Val,1.44684852725771,0.19033043250068,12
urn:mavedb:00001217-a-4#2356,NA,NA,p.Ser99=,0.963154568660672,0.166690094477424,24
urn:mavedb:00001217-a-4#2357,NA,NA,p.Ser99Ala,1.0738709201613,0.102345000467483,16
urn:mavedb:00001217-a-4#2358,NA,NA,p.Ser99Arg,1.08187886273002,0.0949775153920255,24
urn:mavedb:00001217-a-4#2359,NA,NA,p.Ser99Asn,1.01445123143592,0.0740290310208896,8
urn:mavedb:00001217-a-4#2360,NA,NA,p.Ser99Asp,0.954441879542403,0.105864334859561,8
urn:mavedb:00001217-a-4#2361,NA,NA,p.Ser99Cys,0.888017201678674,0.111140344135125,8
urn:mavedb:00001217-a-4#2362,NA,NA,p.Ser99Gln,0.564743843410036,0.148943014468622,8
urn:mavedb:00001217-a-4#2363,NA,NA,p.Ser99Glu,0.970751017609246,0.102191800931651,8
urn:mavedb:00001217-a-4#2364,NA,NA,p.Ser99Gly,1.08784404172807,0.0778785305424747,16
urn:mavedb:00001217-a-4#2365,NA,NA,p.Ser99His,0.904359587597364,0.0611944090734029,8
urn:mavedb:00001217-a-4#2366,NA,NA,p.Ser99Ile,1.0348856560222,0.063471222877853,8
urn:mavedb:00001217-a-4#2367,NA,NA,p.Ser99Leu,0.899575805121616,0.105840321701733,24
urn:mavedb:00001217-a-4#2368,NA,NA,p.Ser99Met,0.828150416435492,0.116752182066652,8
urn:mavedb:00001217-a-4#2369,NA,NA,p.Ser99Phe,1.1165211265867,0.0985129023895806,8
urn:mavedb:00001217-a-4#2370,NA,NA,p.Ser99Pro,0.813855964441792,0.12128585506294,16
urn:mavedb:00001217-a-4#2371,NA,NA,p.Ser99Ter,0.295242184929794,0.216202327056825,8
urn:mavedb:00001217-a-4#2372,NA,NA,p.Ser99Thr,1.03698290770327,0.0718905011681531,16
urn:mavedb:00001217-a-4#2373,NA,NA,p.Ser99Trp,0.909347295931245,0.053651097487432,8
urn:mavedb:00001217-a-4#2374,NA,NA,p.Ser99Tyr,0.925926362971167,0.143649222206729,8
urn:mavedb:00001217-a-4#2375,NA,NA,p.Ser99Val,0.868253097416084,0.0873527709621577,16
urn:mavedb:00001217-a-4#2376,NA,NA,p.Thr117=,0.984239179975362,0.0707690629204178,16
urn:mavedb:00001217-a-4#2377,NA,NA,p.Thr117Ala,0.875781374971403,0.120630902600906,24
urn:mavedb:00001217-a-4#2378,NA,NA,p.Thr117Arg,-0.043691206002377,0.251391803374883,32
urn:mavedb:00001217-a-4#2379,NA,NA,p.Thr117Asn,0.761148960797302,0.0535680211119558,8
urn:mavedb:00001217-a-4#2380,NA,NA,p.Thr117Asp,0.911094205569446,0.0635745776165797,8
urn:mavedb:00001217-a-4#2381,NA,NA,p.Thr117Cys,0.940483132613291,0.0643901727127812,8
urn:mavedb:00001217-a-4#2382,NA,NA,p.Thr117Gln,0.70615179542008,0.0544438996229385,8
urn:mavedb:00001217-a-4#2383,NA,NA,p.Thr117Glu,0.764023355357192,0.0898316552176801,8
urn:mavedb:00001217-a-4#2384,NA,NA,p.Thr117Gly,0.946973566694626,0.0934316568316169,24
urn:mavedb:00001217-a-4#2385,NA,NA,p.Thr117His,0.0669060614996845,0.119537143554387,8
urn:mavedb:00001217-a-4#2386,NA,NA,p.Thr117Ile,0.30985835265152,0.0507717798940084,8
urn:mavedb:00001217-a-4#2387,NA,NA,p.Thr117Leu,0.0042656453957439,0.124686344852717,24
urn:mavedb:00001217-a-4#2388,NA,NA,p.Thr117Lys,0.621131457671239,0.197453056635277,16
urn:mavedb:00001217-a-4#2389,NA,NA,p.Thr117Met,0.93088435290961,0.0531256972035322,8
urn:mavedb:00001217-a-4#2390,NA,NA,p.Thr117Phe,-0.222323821949093,0.162170206638079,8
urn:mavedb:00001217-a-4#2391,NA,NA,p.Thr117Pro,-0.104241299447076,0.184718223684496,16
urn:mavedb:00001217-a-4#2392,NA,NA,p.Thr117Ser,1.00338380205667,0.0727706904594024,24
urn:mavedb:00001217-a-4#2393,NA,NA,p.Thr117Ter,-0.102135112965298,0.0959273487330701,8
urn:mavedb:00001217-a-4#2394,NA,NA,p.Thr117Trp,-0.07032844603237,0.0965692250055027,8
urn:mavedb:00001217-a-4#2395,NA,NA,p.Thr117Tyr,-0.182864118679862,0.121270865001425,8
urn:mavedb:00001217-a-4#2396,NA,NA,p.Thr117Val,0.518792127036743,0.151023771287031,16
urn:mavedb:00001217-a-4#2397,NA,NA,p.Thr136=,0.966746557832708,0.229786633711681,24
urn:mavedb:00001217-a-4#2398,NA,NA,p.Thr136Ala,0.851955579797045,0.179539072177366,24
urn:mavedb:00001217-a-4#2399,NA,NA,p.Thr136Arg,0.938055253760366,0.131681044127376,16
urn:mavedb:00001217-a-4#2400,NA,NA,p.Thr136Asn,1.00071405093055,0.137730193826737,8
urn:mavedb:00001217-a-4#2401,NA,NA,p.Thr136Asp,0.906858786599908,0.060890156965989,8
urn:mavedb:00001217-a-4#2402,NA,NA,p.Thr136Cys,0.994646367391355,0.152048040086251,8
urn:mavedb:00001217-a-4#2403,NA,NA,p.Thr136Gln,0.836511894280763,0.165138488473759,8
urn:mavedb:00001217-a-4#2404,NA,NA,p.Thr136Glu,0.982093360945073,0.164281060604454,8
urn:mavedb:00001217-a-4#2405,NA,NA,p.Thr136Gly,0.917855227552696,0.162198288316725,16
urn:mavedb:00001217-a-4#2406,NA,NA,p.Thr136His,0.964990916237165,0.115560260683007,8
urn:mavedb:00001217-a-4#2407,NA,NA,p.Thr136Ile,0.974975537750375,0.221781521717394,12
urn:mavedb:00001217-a-4#2408,NA,NA,p.Thr136Leu,0.994987654801537,0.110177305488613,24
urn:mavedb:00001217-a-4#2409,NA,NA,p.Thr136Lys,1.14344555557169,0.224087937992296,16
urn:mavedb:00001217-a-4#2410,NA,NA,p.Thr136Met,1.12676707087951,0.102635128758238,8
urn:mavedb:00001217-a-4#2411,NA,NA,p.Thr136Phe,0.944513018825987,0.118175624239421,8
urn:mavedb:00001217-a-4#2412,NA,NA,p.Thr136Pro,0.862320944920747,0.14563850029704,20
urn:mavedb:00001217-a-4#2413,NA,NA,p.Thr136Ser,0.892082774176313,0.158136608316512,24
urn:mavedb:00001217-a-4#2414,NA,NA,p.Thr136Ter,0.215159967408698,0.187684427700741,8
urn:mavedb:00001217-a-4#2415,NA,NA,p.Thr136Trp,0.858689021872467,0.095590396986501,8
urn:mavedb:00001217-a-4#2416,NA,NA,p.Thr136Tyr,0.882917897197643,0.0591108131364402,8
urn:mavedb:00001217-a-4#2417,NA,NA,p.Thr136Val,0.876883628347193,0.104418813106035,16
urn:mavedb:00001217-a-4#2418,NA,NA,p.Thr138=,1.01759494038253,0.191317587806816,24
urn:mavedb:00001217-a-4#2419,NA,NA,p.Thr138Ala,0.781886157347212,0.162431171573415,24
urn:mavedb:00001217-a-4#2420,NA,NA,p.Thr138Arg,0.87929059124391,0.194222392766393,24
urn:mavedb:00001217-a-4#2421,NA,NA,p.Thr138Asn,0.922709130944849,0.0921699368136406,8
urn:mavedb:00001217-a-4#2422,NA,NA,p.Thr138Asp,-0.213495097344796,0.354279386670186,8
urn:mavedb:00001217-a-4#2423,NA,NA,p.Thr138Gln,0.729145143383208,0.144809428607382,8
urn:mavedb:00001217-a-4#2424,NA,NA,p.Thr138Glu,0.123263549519088,0.251142123826223,8
urn:mavedb:00001217-a-4#2425,NA,NA,p.Thr138Gly,0.932705751142068,0.214868436846042,16
urn:mavedb:00001217-a-4#2426,NA,NA,p.Thr138His,0.844368458485272,0.131815943363708,8
urn:mavedb:00001217-a-4#2427,NA,NA,p.Thr138Ile,0.528320412311826,0.174386169903182,12
urn:mavedb:00001217-a-4#2428,NA,NA,p.Thr138Leu,0.156442603807388,0.265242587290385,24
urn:mavedb:00001217-a-4#2429,NA,NA,p.Thr138Lys,0.420375171354712,0.24178022246095,8
urn:mavedb:00001217-a-4#2430,NA,NA,p.Thr138Met,0.8945474791742,0.0806395722642156,8
urn:mavedb:00001217-a-4#2431,NA,NA,p.Thr138Phe,0.783572586588626,0.169286299319425,8
urn:mavedb:00001217-a-4#2432,NA,NA,p.Thr138Pro,-0.29769883676485,0.201479575671639,4
urn:mavedb:00001217-a-4#2433,NA,NA,p.Thr138Ser,0.856473435753927,0.217196213712091,24
urn:mavedb:00001217-a-4#2434,NA,NA,p.Thr138Trp,0.734814641873604,0.274306903008568,8
urn:mavedb:00001217-a-4#2435,NA,NA,p.Thr138Tyr,0.799576703337529,0.134380177005303,8
urn:mavedb:00001217-a-4#2436,NA,NA,p.Thr138Val,0.766180668878786,0.309688106581022,16
urn:mavedb:00001217-a-4#2437,NA,NA,p.Thr3=,1.03916123061215,0.419148056912791,16
urn:mavedb:00001217-a-4#2438,NA,NA,p.Thr3Ala,-0.312289269562636,0.18712123129231,8
urn:mavedb:00001217-a-4#2439,NA,NA,p.Thr3Arg,0.937304403396112,0.11104724561669,24
urn:mavedb:00001217-a-4#2440,NA,NA,p.Thr3Asn,1.05522020392108,0.0888772805665491,8
urn:mavedb:00001217-a-4#2441,NA,NA,p.Thr3Asp,1.09370561059296,0.135236243520162,8
urn:mavedb:00001217-a-4#2442,NA,NA,p.Thr3Cys,0.924803062005625,0.0572937850472395,8
urn:mavedb:00001217-a-4#2443,NA,NA,p.Thr3Gln,0.84741775968374,0.097628785140945,8
urn:mavedb:00001217-a-4#2444,NA,NA,p.Thr3Glu,0.902968742719237,0.102066819625861,8
urn:mavedb:00001217-a-4#2445,NA,NA,p.Thr3Gly,0.910916608720211,0.124788682831025,16
urn:mavedb:00001217-a-4#2446,NA,NA,p.Thr3His,0.919236016862691,0.118641726338617,8
urn:mavedb:00001217-a-4#2447,NA,NA,p.Thr3Ile,0.791523347917509,0.0592718841255539,8
urn:mavedb:00001217-a-4#2448,NA,NA,p.Thr3Leu,0.947966608956721,0.0553550334931067,24
urn:mavedb:00001217-a-4#2449,NA,NA,p.Thr3Met,0.812652381519389,0.251285205637875,8
urn:mavedb:00001217-a-4#2450,NA,NA,p.Thr3Phe,1.03011480668677,0.0637290095463915,8
urn:mavedb:00001217-a-4#2451,NA,NA,p.Thr3Pro,0.78543855082319,0.103820479981336,8
urn:mavedb:00001217-a-4#2452,NA,NA,p.Thr3Ser,0.979135884230653,0.0950915198519194,24
urn:mavedb:00001217-a-4#2453,NA,NA,p.Thr3Ter,-0.165763184547997,0.191256393729251,8
urn:mavedb:00001217-a-4#2454,NA,NA,p.Thr3Trp,1.04369121944577,0.0655587595798171,8
urn:mavedb:00001217-a-4#2455,NA,NA,p.Thr3Tyr,1.05368075971439,0.100914356941648,8
urn:mavedb:00001217-a-4#2456,NA,NA,p.Thr3Val,0.790017418523464,0.113655417327595,16
urn:mavedb:00001217-a-4#2457,NA,NA,p.Thr40=,1.0338065390996,0.0904244362171334,16
urn:mavedb:00001217-a-4#2458,NA,NA,p.Thr40Ala,1.01059037222248,0.0579882395258034,16
urn:mavedb:00001217-a-4#2459,NA,NA,p.Thr40Arg,1.0028640758177,0.0568017537415485,24
urn:mavedb:00001217-a-4#2460,NA,NA,p.Thr40Asn,1.0054908137687,0.0370642606860453,8
urn:mavedb:00001217-a-4#2461,NA,NA,p.Thr40Asp,1.00785444166283,0.0412652624966255,8
urn:mavedb:00001217-a-4#2462,NA,NA,p.Thr40Cys,1.05998789090599,0.0548888076353185,8
urn:mavedb:00001217-a-4#2463,NA,NA,p.Thr40Gln,0.968805482513148,0.0297742464972779,8
urn:mavedb:00001217-a-4#2464,NA,NA,p.Thr40Glu,1.06925261338658,0.0343304073512821,8
urn:mavedb:00001217-a-4#2465,NA,NA,p.Thr40Gly,0.852668703294845,0.0501040232980715,16
urn:mavedb:00001217-a-4#2466,NA,NA,p.Thr40His,1.00623154924906,0.0370814574403892,8
urn:mavedb:00001217-a-4#2467,NA,NA,p.Thr40Ile,0.978329673750363,0.0527053282454788,8
urn:mavedb:00001217-a-4#2468,NA,NA,p.Thr40Leu,0.974245666071434,0.0668591738854355,24
urn:mavedb:00001217-a-4#2469,NA,NA,p.Thr40Lys,1.05623576128753,0.0594285100260021,8
urn:mavedb:00001217-a-4#2470,NA,NA,p.Thr40Met,0.916602592030551,0.0725204555819161,8
urn:mavedb:00001217-a-4#2471,NA,NA,p.Thr40Phe,0.869113546254318,0.0739152977727025,8
urn:mavedb:00001217-a-4#2472,NA,NA,p.Thr40Pro,0.939815371165782,0.100385953447769,16
urn:mavedb:00001217-a-4#2473,NA,NA,p.Thr40Ser,0.975265611367607,0.0485015751953584,24
urn:mavedb:00001217-a-4#2474,NA,NA,p.Thr40Ter,-0.0684033296745735,0.11952841804288,8
urn:mavedb:00001217-a-4#2475,NA,NA,p.Thr40Trp,0.904691846834714,0.0801181351029564,8
urn:mavedb:00001217-a-4#2476,NA,NA,p.Thr40Tyr,0.970199741657224,0.102287147570742,8
urn:mavedb:00001217-a-4#2477,NA,NA,p.Thr40Val,1.04297668254057,0.0913824965637874,16
urn:mavedb:00001217-a-4#2478,NA,NA,p.Thr55=,1.02600535257667,0.173678413904853,16
urn:mavedb:00001217-a-4#2479,NA,NA,p.Thr55Ala,0.80966668887801,0.119262074623857,16
urn:mavedb:00001217-a-4#2480,NA,NA,p.Thr55Arg,0.74317790356623,0.255311321725893,24
urn:mavedb:00001217-a-4#2481,NA,NA,p.Thr55Asn,0.279903288899802,0.283019731970544,8
urn:mavedb:00001217-a-4#2482,NA,NA,p.Thr55Cys,0.831423923288787,0.142116130335421,8
urn:mavedb:00001217-a-4#2483,NA,NA,p.Thr55Gln,0.830656297200306,0.0764723371278966,8
urn:mavedb:00001217-a-4#2484,NA,NA,p.Thr55Glu,0.238358426082391,0.204334786232572,8
urn:mavedb:00001217-a-4#2485,NA,NA,p.Thr55Gly,0.586116867286492,0.178295308078127,16
urn:mavedb:00001217-a-4#2486,NA,NA,p.Thr55His,0.624377421165354,0.131731831334599,8
urn:mavedb:00001217-a-4#2487,NA,NA,p.Thr55Ile,0.260434818111793,0.129133191607663,8
urn:mavedb:00001217-a-4#2488,NA,NA,p.Thr55Leu,-0.0710803171877429,0.38186600062653,24
urn:mavedb:00001217-a-4#2489,NA,NA,p.Thr55Lys,0.487988903997956,0.439074061235543,16
urn:mavedb:00001217-a-4#2490,NA,NA,p.Thr55Met,-0.0820629070819953,0.219378781455147,8
urn:mavedb:00001217-a-4#2491,NA,NA,p.Thr55Phe,0.031467253564398,0.234181557369963,8
urn:mavedb:00001217-a-4#2492,NA,NA,p.Thr55Pro,0.117159132415992,0.516514270634776,12
urn:mavedb:00001217-a-4#2493,NA,NA,p.Thr55Ser,0.977765650409767,0.109049248098856,24
urn:mavedb:00001217-a-4#2494,NA,NA,p.Thr55Ter,0.089318469131139,0.245211399816188,8
urn:mavedb:00001217-a-4#2495,NA,NA,p.Thr55Trp,0.0399840190195227,0.203098754499874,8
urn:mavedb:00001217-a-4#2496,NA,NA,p.Thr55Tyr,0.455009869952766,0.420527853348599,8
urn:mavedb:00001217-a-4#2497,NA,NA,p.Thr55Val,0.765538346328497,0.167505693804004,16
urn:mavedb:00001217-a-4#2498,NA,NA,p.Thr59=,0.881896461467369,0.0781544855013885,16
urn:mavedb:00001217-a-4#2499,NA,NA,p.Thr59Ala,0.926494383824058,0.0893195162352291,24
urn:mavedb:00001217-a-4#2500,NA,NA,p.Thr59Arg,0.473461925455414,0.190523065161097,24
urn:mavedb:00001217-a-4#2501,NA,NA,p.Thr59Asn,0.73343309381941,0.0859826620079571,8
urn:mavedb:00001217-a-4#2502,NA,NA,p.Thr59Asp,0.59838321733055,0.151356493598926,8
urn:mavedb:00001217-a-4#2503,NA,NA,p.Thr59Cys,0.789569943821048,0.0654793764049836,8
urn:mavedb:00001217-a-4#2504,NA,NA,p.Thr59Gln,1.02757509460181,0.0944501504617407,8
urn:mavedb:00001217-a-4#2505,NA,NA,p.Thr59Glu,0.445504413719354,0.0885857250570262,8
urn:mavedb:00001217-a-4#2506,NA,NA,p.Thr59Gly,0.82462983287079,0.0837118272593913,16
urn:mavedb:00001217-a-4#2507,NA,NA,p.Thr59His,0.980420600162935,0.0785572706182119,8
urn:mavedb:00001217-a-4#2508,NA,NA,p.Thr59Ile,0.983080436424162,0.164292253033013,16
urn:mavedb:00001217-a-4#2509,NA,NA,p.Thr59Leu,1.01799751239943,0.106385475793846,24
urn:mavedb:00001217-a-4#2510,NA,NA,p.Thr59Lys,0.481636126607458,0.0905320550826349,8
urn:mavedb:00001217-a-4#2511,NA,NA,p.Thr59Met,0.777488762455443,0.0575578684487919,8
urn:mavedb:00001217-a-4#2512,NA,NA,p.Thr59Phe,0.695698773547138,0.150481047465242,8
urn:mavedb:00001217-a-4#2513,NA,NA,p.Thr59Pro,0.837483367734173,0.0888288033527917,16
urn:mavedb:00001217-a-4#2514,NA,NA,p.Thr59Ser,0.964806277247334,0.107186215454161,32
urn:mavedb:00001217-a-4#2515,NA,NA,p.Thr59Ter,0.0494624039097536,0.155206672440566,8
urn:mavedb:00001217-a-4#2516,NA,NA,p.Thr59Trp,0.723887439015391,0.169392224280294,8
urn:mavedb:00001217-a-4#2517,NA,NA,p.Thr59Tyr,0.979179578913475,0.082991778863058,8
urn:mavedb:00001217-a-4#2518,NA,NA,p.Thr59Val,0.912539757087194,0.108997047544641,16
urn:mavedb:00001217-a-4#2519,NA,NA,p.Thr89=,1.03736294115955,0.0835744968877308,8
urn:mavedb:00001217-a-4#2520,NA,NA,p.Thr89Ala,0.902201816211853,0.105761890923827,16
urn:mavedb:00001217-a-4#2521,NA,NA,p.Thr89Arg,0.963640030702333,0.12637527659237,24
urn:mavedb:00001217-a-4#2522,NA,NA,p.Thr89Asn,0.927665035658875,0.106340023901484,8
urn:mavedb:00001217-a-4#2523,NA,NA,p.Thr89Asp,1.07646625909414,0.095847527108618,8
urn:mavedb:00001217-a-4#2524,NA,NA,p.Thr89Cys,0.771225965335487,0.177593356207641,8
urn:mavedb:00001217-a-4#2525,NA,NA,p.Thr89Gln,0.580286549903015,0.114571989467188,8
urn:mavedb:00001217-a-4#2526,NA,NA,p.Thr89Glu,1.09841589128869,0.0544318712209324,8
urn:mavedb:00001217-a-4#2527,NA,NA,p.Thr89Gly,0.756593935594957,0.0988654141864918,16
urn:mavedb:00001217-a-4#2528,NA,NA,p.Thr89His,1.04559331110526,0.0812468453049282,8
urn:mavedb:00001217-a-4#2529,NA,NA,p.Thr89Ile,0.955298199936618,0.0711890231413785,8
urn:mavedb:00001217-a-4#2530,NA,NA,p.Thr89Leu,0.920383201811473,0.103652965519112,24
urn:mavedb:00001217-a-4#2531,NA,NA,p.Thr89Lys,1.04206672514648,0.11822294152131,8
urn:mavedb:00001217-a-4#2532,NA,NA,p.Thr89Met,1.09178822722919,0.101013396589456,8
urn:mavedb:00001217-a-4#2533,NA,NA,p.Thr89Phe,0.848350642130671,0.107424929261408,8
urn:mavedb:00001217-a-4#2534,NA,NA,p.Thr89Pro,1.0250310476855,0.0732404167625191,16
urn:mavedb:00001217-a-4#2535,NA,NA,p.Thr89Ser,0.952267472532442,0.163548020632917,24
urn:mavedb:00001217-a-4#2536,NA,NA,p.Thr89Ter,0.328346202048295,0.524061701932264,8
urn:mavedb:00001217-a-4#2537,NA,NA,p.Thr89Trp,0.833998067987876,0.171107333056377,8
urn:mavedb:00001217-a-4#2538,NA,NA,p.Thr89Tyr,1.04541738141457,0.0873697328542221,8
urn:mavedb:00001217-a-4#2539,NA,NA,p.Thr89Val,0.959955429913471,0.0609434618304311,16
urn:mavedb:00001217-a-4#2540,NA,NA,p.Trp33Ala,0.954844454071319,0.121837922372308,16
urn:mavedb:00001217-a-4#2541,NA,NA,p.Trp33Arg,0.995635205971665,0.128499701436076,24
urn:mavedb:00001217-a-4#2542,NA,NA,p.Trp33Asn,0.932880815187338,0.105175709437959,8
urn:mavedb:00001217-a-4#2543,NA,NA,p.Trp33Asp,1.01309428594011,0.0515521303350083,8
urn:mavedb:00001217-a-4#2544,NA,NA,p.Trp33Cys,1.03808610722947,0.0628856602989294,16
urn:mavedb:00001217-a-4#2545,NA,NA,p.Trp33Gln,0.932130021751624,0.0462975922777506,8
urn:mavedb:00001217-a-4#2546,NA,NA,p.Trp33Glu,1.00030223689747,0.0568806484503366,8
urn:mavedb:00001217-a-4#2547,NA,NA,p.Trp33Gly,1.01188722367854,0.0498394922477447,16
urn:mavedb:00001217-a-4#2548,NA,NA,p.Trp33His,0.967281449958614,0.0602801596802233,8
urn:mavedb:00001217-a-4#2549,NA,NA,p.Trp33Ile,1.17693122634885,0.117772832505583,8
urn:mavedb:00001217-a-4#2550,NA,NA,p.Trp33Leu,0.950389704730957,0.073675737744363,24
urn:mavedb:00001217-a-4#2551,NA,NA,p.Trp33Lys,1.12383261345132,0.0382875546818506,8
urn:mavedb:00001217-a-4#2552,NA,NA,p.Trp33Met,0.994193911840295,0.0647427333921881,8
urn:mavedb:00001217-a-4#2553,NA,NA,p.Trp33Phe,0.976086025420523,0.0871811805920839,8
urn:mavedb:00001217-a-4#2554,NA,NA,p.Trp33Pro,0.453085985473959,0.313913903768888,16
urn:mavedb:00001217-a-4#2555,NA,NA,p.Trp33Ser,0.974840115486494,0.0768620821175477,24
urn:mavedb:00001217-a-4#2556,NA,NA,p.Trp33Ter,0.863063162716442,0.14503355170312,24
urn:mavedb:00001217-a-4#2557,NA,NA,p.Trp33Thr,0.961692480702938,0.0653928931649886,16
urn:mavedb:00001217-a-4#2558,NA,NA,p.Trp33Tyr,0.902748643231415,0.119769816547679,8
urn:mavedb:00001217-a-4#2559,NA,NA,p.Trp33Val,0.95577284747495,0.116150300404027,16
urn:mavedb:00001217-a-4#2560,NA,NA,p.Val104=,0.96406234499658,0.155389742870543,8
urn:mavedb:00001217-a-4#2561,NA,NA,p.Val104Ala,0.915323435643091,0.10259628006491,16
urn:mavedb:00001217-a-4#2562,NA,NA,p.Val104Arg,1.03893666397836,0.0931686695175935,24
urn:mavedb:00001217-a-4#2563,NA,NA,p.Val104Asn,0.726842902765028,0.140985958293387,8
urn:mavedb:00001217-a-4#2564,NA,NA,p.Val104Asp,0.972094424593445,0.0698392392664443,8
urn:mavedb:00001217-a-4#2565,NA,NA,p.Val104Cys,0.964459649818543,0.119493206353595,8
urn:mavedb:00001217-a-4#2566,NA,NA,p.Val104Gln,0.937276142112943,0.133495235890163,8
urn:mavedb:00001217-a-4#2567,NA,NA,p.Val104Glu,1.11189597844896,0.0656561949262558,8
urn:mavedb:00001217-a-4#2568,NA,NA,p.Val104Gly,0.981125205919069,0.0635529976625018,16
urn:mavedb:00001217-a-4#2569,NA,NA,p.Val104His,0.519334003959154,0.179465904265322,8
urn:mavedb:00001217-a-4#2570,NA,NA,p.Val104Ile,1.01782325680394,0.258682037643002,8
urn:mavedb:00001217-a-4#2571,NA,NA,p.Val104Leu,1.0497303717198,0.131247125882946,24
urn:mavedb:00001217-a-4#2572,NA,NA,p.Val104Lys,1.07047541046248,0.0870998943954378,8
urn:mavedb:00001217-a-4#2573,NA,NA,p.Val104Met,1.04348615919766,0.115921886661261,8
urn:mavedb:00001217-a-4#2574,NA,NA,p.Val104Phe,0.76552221777932,0.182306123986456,8
urn:mavedb:00001217-a-4#2575,NA,NA,p.Val104Pro,0.842756042021195,0.264628750604814,12
urn:mavedb:00001217-a-4#2576,NA,NA,p.Val104Ser,0.929496564921557,0.152379405098151,24
urn:mavedb:00001217-a-4#2577,NA,NA,p.Val104Ter,-0.299240770211383,0.415353760115634,8
urn:mavedb:00001217-a-4#2578,NA,NA,p.Val104Thr,0.976107084684864,0.184104886721442,16
urn:mavedb:00001217-a-4#2579,NA,NA,p.Val104Trp,0.979539151651444,0.0706233299296505,8
urn:mavedb:00001217-a-4#2580,NA,NA,p.Val104Tyr,0.875202947657663,0.172779052853064,8
urn:mavedb:00001217-a-4#2581,NA,NA,p.Val119=,1.00978341343624,0.336667741442036,12
urn:mavedb:00001217-a-4#2582,NA,NA,p.Val119Ala,0.418799219990135,0.0782183847647201,16
urn:mavedb:00001217-a-4#2583,NA,NA,p.Val119Arg,-0.391315358705349,0.155776014963397,24
urn:mavedb:00001217-a-4#2584,NA,NA,p.Val119Asn,0.215501319378573,0.0716578234427301,8
urn:mavedb:00001217-a-4#2585,NA,NA,p.Val119Asp,-0.520991733440136,0.146876702853082,8
urn:mavedb:00001217-a-4#2586,NA,NA,p.Val119Cys,-0.614299622904215,0.168587748283812,8
urn:mavedb:00001217-a-4#2587,NA,NA,p.Val119Gln,-0.02087290933812,0.0956910144683096,8
urn:mavedb:00001217-a-4#2588,NA,NA,p.Val119Glu,-0.102597691825111,0.208158236112327,8
urn:mavedb:00001217-a-4#2589,NA,NA,p.Val119Gly,-0.516017821176987,0.173483692832335,16
urn:mavedb:00001217-a-4#2590,NA,NA,p.Val119His,-0.260390216821085,0.109175687632809,8
urn:mavedb:00001217-a-4#2591,NA,NA,p.Val119Ile,0.915719426042438,0.0509136351569354,8
urn:mavedb:00001217-a-4#2592,NA,NA,p.Val119Leu,0.773556267071418,0.113103515272658,24
urn:mavedb:00001217-a-4#2593,NA,NA,p.Val119Lys,-0.232715400411874,0.16891106125025,8
urn:mavedb:00001217-a-4#2594,NA,NA,p.Val119Met,0.639149451642635,0.0721498754196093,8
urn:mavedb:00001217-a-4#2595,NA,NA,p.Val119Phe,-0.279038612368984,0.156889435330033,8
urn:mavedb:00001217-a-4#2596,NA,NA,p.Val119Pro,-0.360530856775268,0.151614405741578,16
urn:mavedb:00001217-a-4#2597,NA,NA,p.Val119Ser,-0.354167754850966,0.142673954652107,24
urn:mavedb:00001217-a-4#2598,NA,NA,p.Val119Ter,-0.418783277012808,0.0763965175598224,8
urn:mavedb:00001217-a-4#2599,NA,NA,p.Val119Thr,0.526200317701349,0.0861794957910238,16
urn:mavedb:00001217-a-4#2600,NA,NA,p.Val119Trp,-0.547377234626926,0.118149205318294,8
urn:mavedb:00001217-a-4#2601,NA,NA,p.Val119Tyr,-0.471897670556141,0.175391162358632,8
urn:mavedb:00001217-a-4#2602,NA,NA,p.Val120=,1.05802503707361,0.0834453809061323,16
urn:mavedb:00001217-a-4#2603,NA,NA,p.Val120Ala,0.913015568978856,0.146927066284878,24
urn:mavedb:00001217-a-4#2604,NA,NA,p.Val120Arg,-0.0135161504689513,0.151280492830823,24
urn:mavedb:00001217-a-4#2605,NA,NA,p.Val120Asn,0.190915962831029,0.122170362717579,8
urn:mavedb:00001217-a-4#2606,NA,NA,p.Val120Asp,-0.362677917760513,0.0780758143738966,8
urn:mavedb:00001217-a-4#2607,NA,NA,p.Val120Cys,1.02625515578545,0.0645424947460277,8
urn:mavedb:00001217-a-4#2608,NA,NA,p.Val120Gln,0.0411446934733059,0.129740018531163,8
urn:mavedb:00001217-a-4#2609,NA,NA,p.Val120Glu,-0.181416854900917,0.0916967515238942,8
urn:mavedb:00001217-a-4#2610,NA,NA,p.Val120Gly,0.267750454463348,0.138317923814275,24
urn:mavedb:00001217-a-4#2611,NA,NA,p.Val120His,-0.400316516440021,0.193376359019604,8
urn:mavedb:00001217-a-4#2612,NA,NA,p.Val120Ile,0.99318171759357,0.169301819536222,16
urn:mavedb:00001217-a-4#2613,NA,NA,p.Val120Leu,0.998586781710374,0.116102351047483,28
urn:mavedb:00001217-a-4#2614,NA,NA,p.Val120Lys,-0.0699432533099285,0.571609317783149,8
urn:mavedb:00001217-a-4#2615,NA,NA,p.Val120Met,0.969863300713873,0.0474453675964327,8
urn:mavedb:00001217-a-4#2616,NA,NA,p.Val120Phe,0.76058413092715,0.156453607970152,16
urn:mavedb:00001217-a-4#2617,NA,NA,p.Val120Pro,-0.360274171054384,0.330397413628265,16
urn:mavedb:00001217-a-4#2618,NA,NA,p.Val120Ser,0.797629828971547,0.0696749600307609,24
urn:mavedb:00001217-a-4#2619,NA,NA,p.Val120Ter,0.137557272680833,0.166372472246275,8
urn:mavedb:00001217-a-4#2620,NA,NA,p.Val120Thr,0.906544472926145,0.0912003588756546,16
urn:mavedb:00001217-a-4#2621,NA,NA,p.Val120Trp,-0.907460152267666,0.295451501520226,8
urn:mavedb:00001217-a-4#2622,NA,NA,p.Val120Tyr,0.52792101907676,0.106040227913284,8
urn:mavedb:00001217-a-4#2623,NA,NA,p.Val149=,0.892463833699086,0.0925628492323267,16
urn:mavedb:00001217-a-4#2624,NA,NA,p.Val149Ala,0.807612917812876,0.0920017951481096,24
urn:mavedb:00001217-a-4#2625,NA,NA,p.Val149Arg,0.0840206117418192,0.158119780471033,24
urn:mavedb:00001217-a-4#2626,NA,NA,p.Val149Asn,0.716712199679245,0.0996297645626581,8
urn:mavedb:00001217-a-4#2627,NA,NA,p.Val149Asp,0.512984844371168,0.0861867311044221,8
urn:mavedb:00001217-a-4#2628,NA,NA,p.Val149Cys,0.847052917311252,0.106388785313156,8
urn:mavedb:00001217-a-4#2629,NA,NA,p.Val149Gln,0.759446869499779,0.102003895334708,8
urn:mavedb:00001217-a-4#2630,NA,NA,p.Val149Glu,0.665524737973168,0.181285632596312,16
urn:mavedb:00001217-a-4#2631,NA,NA,p.Val149Gly,0.638381732913426,0.150360530976184,20
urn:mavedb:00001217-a-4#2632,NA,NA,p.Val149His,0.364292384870877,0.0917816391333939,8
urn:mavedb:00001217-a-4#2633,NA,NA,p.Val149Ile,1.00428156142703,0.0833384205448178,16
urn:mavedb:00001217-a-4#2634,NA,NA,p.Val149Leu,0.935400091402339,0.153462820023884,40
urn:mavedb:00001217-a-4#2635,NA,NA,p.Val149Lys,-0.19607599327434,0.255105985542371,8
urn:mavedb:00001217-a-4#2636,NA,NA,p.Val149Met,0.872589214897586,0.0705706062158259,8
urn:mavedb:00001217-a-4#2637,NA,NA,p.Val149Phe,0.698297422717743,0.169831938500022,8
urn:mavedb:00001217-a-4#2638,NA,NA,p.Val149Pro,0.936035324324287,0.112269071421858,16
urn:mavedb:00001217-a-4#2639,NA,NA,p.Val149Ser,0.78719549891989,0.0841558945630259,24
urn:mavedb:00001217-a-4#2640,NA,NA,p.Val149Ter,-0.324930949413771,0.215677712892754,8
urn:mavedb:00001217-a-4#2641,NA,NA,p.Val149Thr,0.824728533229701,0.0905082796039522,16
urn:mavedb:00001217-a-4#2642,NA,NA,p.Val149Trp,0.038011040769071,0.12458732959153,8
urn:mavedb:00001217-a-4#2643,NA,NA,p.Val149Tyr,0.32010276142351,0.0995110152783702,8
urn:mavedb:00001217-a-4#2644,NA,NA,p.Val15=,1.10887559200555,0.153101095527348,16
urn:mavedb:00001217-a-4#2645,NA,NA,p.Val15Ala,0.911913414167576,0.0915599578404552,16
urn:mavedb:00001217-a-4#2646,NA,NA,p.Val15Arg,0.986409966934443,0.104102680265384,24
urn:mavedb:00001217-a-4#2647,NA,NA,p.Val15Asn,0.982520912468408,0.0483150117986182,8
urn:mavedb:00001217-a-4#2648,NA,NA,p.Val15Asp,1.02209412784846,0.047742986346456,8
urn:mavedb:00001217-a-4#2649,NA,NA,p.Val15Cys,1.04119060993247,0.0600674619044898,8
urn:mavedb:00001217-a-4#2650,NA,NA,p.Val15Gln,0.966125264568218,0.070815075967915,8
urn:mavedb:00001217-a-4#2651,NA,NA,p.Val15Glu,1.06752031701066,0.112756008876765,8
urn:mavedb:00001217-a-4#2652,NA,NA,p.Val15Gly,1.03677913376886,0.0566098230172944,16
urn:mavedb:00001217-a-4#2653,NA,NA,p.Val15His,0.914312403642406,0.0953375571914733,8
urn:mavedb:00001217-a-4#2654,NA,NA,p.Val15Ile,0.978140198186261,0.0910103600847727,8
urn:mavedb:00001217-a-4#2655,NA,NA,p.Val15Leu,0.996936232610815,0.110459696758121,24
urn:mavedb:00001217-a-4#2656,NA,NA,p.Val15Lys,0.892443461589715,0.0683591691187544,8
urn:mavedb:00001217-a-4#2657,NA,NA,p.Val15Met,0.946076326482761,0.0739095764741385,8
urn:mavedb:00001217-a-4#2658,NA,NA,p.Val15Phe,0.973719363018001,0.125665936598268,8
urn:mavedb:00001217-a-4#2659,NA,NA,p.Val15Pro,0.897486225424498,0.0905688895547541,16
urn:mavedb:00001217-a-4#2660,NA,NA,p.Val15Ser,0.972337394481191,0.122496622538843,24
urn:mavedb:00001217-a-4#2661,NA,NA,p.Val15Ter,-0.0880750501204066,0.163462240544659,8
urn:mavedb:00001217-a-4#2662,NA,NA,p.Val15Thr,0.98901154154278,0.126112870005688,16
urn:mavedb:00001217-a-4#2663,NA,NA,p.Val15Trp,0.951624102752579,0.0837973822575339,8
urn:mavedb:00001217-a-4#2664,NA,NA,p.Val15Tyr,1.07356478309432,0.10629907407184,8
urn:mavedb:00001217-a-4#2665,NA,NA,p.Val30=,0.907764071304154,0.203719767715299,8
urn:mavedb:00001217-a-4#2666,NA,NA,p.Val30Ala,0.898545977838182,0.171870877131483,16
urn:mavedb:00001217-a-4#2667,NA,NA,p.Val30Arg,0.582465210247123,0.2385736457361,24
urn:mavedb:00001217-a-4#2668,NA,NA,p.Val30Asn,0.193685869317546,0.774436902333189,4
urn:mavedb:00001217-a-4#2669,NA,NA,p.Val30Asp,0.160154246712582,0.197610750842758,8
urn:mavedb:00001217-a-4#2670,NA,NA,p.Val30Cys,0.7908538284564,0.078030770150821,8
urn:mavedb:00001217-a-4#2671,NA,NA,p.Val30Gln,0.171497396965893,0.261285369215843,8
urn:mavedb:00001217-a-4#2672,NA,NA,p.Val30Glu,0.389368763167543,0.46896485495124,8
urn:mavedb:00001217-a-4#2673,NA,NA,p.Val30Gly,0.725489181720469,0.100323559953549,16
urn:mavedb:00001217-a-4#2674,NA,NA,p.Val30His,0.500226217639311,0.150399387175687,4
urn:mavedb:00001217-a-4#2675,NA,NA,p.Val30Ile,0.998246188937925,0.0948450968283562,8
urn:mavedb:00001217-a-4#2676,NA,NA,p.Val30Leu,1.10248460583447,0.0949569970446591,16
urn:mavedb:00001217-a-4#2677,NA,NA,p.Val30Lys,0.485065734485035,0.11390603086281,8
urn:mavedb:00001217-a-4#2678,NA,NA,p.Val30Met,0.96697077223073,0.0735678226310101,8
urn:mavedb:00001217-a-4#2679,NA,NA,p.Val30Phe,0.966779672680193,0.188077809002002,8
urn:mavedb:00001217-a-4#2680,NA,NA,p.Val30Pro,0.773095823414378,0.520346423214555,12
urn:mavedb:00001217-a-4#2681,NA,NA,p.Val30Ser,0.874646219067483,0.183216282124086,24
urn:mavedb:00001217-a-4#2682,NA,NA,p.Val30Ter,-0.0907875236875221,0.124953841570986,8
urn:mavedb:00001217-a-4#2683,NA,NA,p.Val30Thr,0.862094981203756,0.120385568482317,16
urn:mavedb:00001217-a-4#2684,NA,NA,p.Val30Trp,0.731715875163276,0.161897843916805,8
urn:mavedb:00001217-a-4#2685,NA,NA,p.Val30Tyr,0.474655157021451,0.114388761266117,8
urn:mavedb:00001217-a-4#2686,NA,NA,p.Val32=,1.01533161157524,0.114481235369301,24
urn:mavedb:00001217-a-4#2687,NA,NA,p.Val32Ala,0.932943288859512,0.0555725343256111,16
urn:mavedb:00001217-a-4#2688,NA,NA,p.Val32Arg,0.0216206849592293,0.131188432876702,24
urn:mavedb:00001217-a-4#2689,NA,NA,p.Val32Asn,-0.149768295681976,0.280123293749741,8
urn:mavedb:00001217-a-4#2690,NA,NA,p.Val32Asp,0.171078435749209,0.121296075020914,8
urn:mavedb:00001217-a-4#2691,NA,NA,p.Val32Cys,1.01118454344147,0.0698294332148565,8
urn:mavedb:00001217-a-4#2692,NA,NA,p.Val32Gln,0.708752587692822,0.07141770173954,8
urn:mavedb:00001217-a-4#2693,NA,NA,p.Val32Glu,0.456044066550693,0.114862084170844,8
urn:mavedb:00001217-a-4#2694,NA,NA,p.Val32Gly,0.993629356384173,0.058338173844819,16
urn:mavedb:00001217-a-4#2695,NA,NA,p.Val32His,-0.585010803295519,0.417641174302222,8
urn:mavedb:00001217-a-4#2696,NA,NA,p.Val32Ile,0.896759968736389,0.0922688308152201,8
urn:mavedb:00001217-a-4#2697,NA,NA,p.Val32Leu,0.925596869120679,0.117085654665387,24
urn:mavedb:00001217-a-4#2698,NA,NA,p.Val32Lys,-0.24358754162832,0.219446803241339,8
urn:mavedb:00001217-a-4#2699,NA,NA,p.Val32Met,1.070318980676,0.0630094490668629,8
urn:mavedb:00001217-a-4#2700,NA,NA,p.Val32Phe,1.04398888913366,0.0948377514244271,8
urn:mavedb:00001217-a-4#2701,NA,NA,p.Val32Pro,-0.149467763758696,0.385910993741723,12
urn:mavedb:00001217-a-4#2702,NA,NA,p.Val32Ser,0.98697878456725,0.114473451490398,24
urn:mavedb:00001217-a-4#2703,NA,NA,p.Val32Ter,0.00697203889713,0.332959076800357,8
urn:mavedb:00001217-a-4#2704,NA,NA,p.Val32Thr,0.881972191797293,0.148274397972864,16
urn:mavedb:00001217-a-4#2705,NA,NA,p.Val32Trp,0.785741237618955,0.0675388968989987,8
urn:mavedb:00001217-a-4#2706,NA,NA,p.Val32Tyr,0.915931568354894,0.128187581083361,8
urn:mavedb:00001217-a-4#2707,NA,NA,p.Val48=,1.03000523218948,0.313681599319337,24
urn:mavedb:00001217-a-4#2708,NA,NA,p.Val48Ala,0.932903353015228,0.158723036606379,16
urn:mavedb:00001217-a-4#2709,NA,NA,p.Val48Arg,0.144750702026165,0.341364656157192,24
urn:mavedb:00001217-a-4#2710,NA,NA,p.Val48Asn,-0.185944010909972,0.308912773285058,8
urn:mavedb:00001217-a-4#2711,NA,NA,p.Val48Asp,0.411046391416852,0.2398110502046,8
urn:mavedb:00001217-a-4#2712,NA,NA,p.Val48Cys,1.08368050029733,0.0458994184578365,8
urn:mavedb:00001217-a-4#2713,NA,NA,p.Val48Gln,-0.393849515174187,0.416226188270239,8
urn:mavedb:00001217-a-4#2714,NA,NA,p.Val48Glu,-0.113650707732648,0.248636049246196,8
urn:mavedb:00001217-a-4#2715,NA,NA,p.Val48Gly,0.139563972327264,0.0851805605546854,16
urn:mavedb:00001217-a-4#2716,NA,NA,p.Val48Ile,1.15889253415625,0.17302616302187,8
urn:mavedb:00001217-a-4#2717,NA,NA,p.Val48Leu,0.946016331498501,0.20905345882089,24
urn:mavedb:00001217-a-4#2718,NA,NA,p.Val48Met,1.05609056355698,0.116877883125728,8
urn:mavedb:00001217-a-4#2719,NA,NA,p.Val48Phe,1.08101858617328,0.0937801164490174,8
urn:mavedb:00001217-a-4#2720,NA,NA,p.Val48Pro,-0.314676256157678,0.243053540107582,4
urn:mavedb:00001217-a-4#2721,NA,NA,p.Val48Ser,0.711293581755003,0.192554267643389,24
urn:mavedb:00001217-a-4#2722,NA,NA,p.Val48Ter,0.10706868546749,0.529057671703645,8
urn:mavedb:00001217-a-4#2723,NA,NA,p.Val48Thr,0.766956985576553,0.271569554263393,12
urn:mavedb:00001217-a-4#2724,NA,NA,p.Val48Trp,0.259714057472284,0.389607729859225,8
urn:mavedb:00001217-a-4#2725,NA,NA,p.Val48Tyr,-0.0511327396176925,0.284846476816977,8
urn:mavedb:00001217-a-4#2726,NA,NA,p.Val6=,1.01238652367217,0.176710492563954,16
urn:mavedb:00001217-a-4#2727,NA,NA,p.Val6Ala,0.982354030110208,0.144209329663026,16
urn:mavedb:00001217-a-4#2728,NA,NA,p.Val6Arg,0.959159459836814,0.148835421666553,24
urn:mavedb:00001217-a-4#2729,NA,NA,p.Val6Asn,0.844118073029154,0.106701782387605,8
urn:mavedb:00001217-a-4#2730,NA,NA,p.Val6Asp,0.765981998714271,0.0567380020088446,8
urn:mavedb:00001217-a-4#2731,NA,NA,p.Val6Cys,1.03125571466073,0.0740026538049063,8
urn:mavedb:00001217-a-4#2732,NA,NA,p.Val6Gln,0.873460846117387,0.0650051876517106,8
urn:mavedb:00001217-a-4#2733,NA,NA,p.Val6Glu,0.892438334870967,0.158183571632961,8
urn:mavedb:00001217-a-4#2734,NA,NA,p.Val6Gly,0.821827268824008,0.0762914713671195,16
urn:mavedb:00001217-a-4#2735,NA,NA,p.Val6His,0.893750475157577,0.0594101892362785,8
urn:mavedb:00001217-a-4#2736,NA,NA,p.Val6Ile,0.785470813088722,0.0771233728168964,8
urn:mavedb:00001217-a-4#2737,NA,NA,p.Val6Leu,0.968609496096647,0.100432108584478,24
urn:mavedb:00001217-a-4#2738,NA,NA,p.Val6Lys,1.00042821450933,0.0863282095543284,8
urn:mavedb:00001217-a-4#2739,NA,NA,p.Val6Met,0.88577927938591,0.171010789464919,8
urn:mavedb:00001217-a-4#2740,NA,NA,p.Val6Phe,0.948883371100986,0.0853123161370996,8
urn:mavedb:00001217-a-4#2741,NA,NA,p.Val6Pro,0.0510756630645342,0.396011773796511,16
urn:mavedb:00001217-a-4#2742,NA,NA,p.Val6Ser,0.84883178503163,0.0863120929785122,24
urn:mavedb:00001217-a-4#2743,NA,NA,p.Val6Ter,-0.0085361937461707,0.0978152299197213,8
urn:mavedb:00001217-a-4#2744,NA,NA,p.Val6Thr,0.916177567112484,0.100204345554379,16
urn:mavedb:00001217-a-4#2745,NA,NA,p.Val6Trp,-0.321464587016655,0.268582313554601,8
urn:mavedb:00001217-a-4#2746,NA,NA,p.Val6Tyr,0.863780238550018,0.10733509557098,8
urn:mavedb:00001217-a-4#2747,NA,NA,p.Val8=,1.1280769436906,0.123572339290237,16
urn:mavedb:00001217-a-4#2748,NA,NA,p.Val82=,1.03389272208123,0.209167331306785,12
urn:mavedb:00001217-a-4#2749,NA,NA,p.Val82Ala,0.957412604070399,0.138209650057335,16
urn:mavedb:00001217-a-4#2750,NA,NA,p.Val82Arg,0.797081308217781,0.103493827345027,24
urn:mavedb:00001217-a-4#2751,NA,NA,p.Val82Asn,1.11015836096659,0.0916633396947749,8
urn:mavedb:00001217-a-4#2752,NA,NA,p.Val82Asp,1.02525518196248,0.0889140228591075,8
urn:mavedb:00001217-a-4#2753,NA,NA,p.Val82Cys,0.915764940657805,0.0350243880796272,8
urn:mavedb:00001217-a-4#2754,NA,NA,p.Val82Gln,1.03375205425808,0.132007437513257,8
urn:mavedb:00001217-a-4#2755,NA,NA,p.Val82Glu,0.902778194247154,0.0442634032376235,8
urn:mavedb:00001217-a-4#2756,NA,NA,p.Val82Gly,0.938825549764358,0.112750467182078,16
urn:mavedb:00001217-a-4#2757,NA,NA,p.Val82His,0.837159553532105,0.117428664806645,8
urn:mavedb:00001217-a-4#2758,NA,NA,p.Val82Ile,1.00683446831142,0.0674013557543224,8
urn:mavedb:00001217-a-4#2759,NA,NA,p.Val82Leu,0.865273265273831,0.137719344772223,24
urn:mavedb:00001217-a-4#2760,NA,NA,p.Val82Lys,0.990022122104154,0.0561315872885375,8
urn:mavedb:00001217-a-4#2761,NA,NA,p.Val82Met,0.992691154690526,0.101154032212632,8
urn:mavedb:00001217-a-4#2762,NA,NA,p.Val82Phe,1.02088926604895,0.0597741890400204,8
urn:mavedb:00001217-a-4#2763,NA,NA,p.Val82Pro,0.984732347589808,0.0914234442354396,16
urn:mavedb:00001217-a-4#2764,NA,NA,p.Val82Ser,0.948021603155955,0.0867032215100726,16
urn:mavedb:00001217-a-4#2765,NA,NA,p.Val82Ter,-0.376801068929686,0.545415022104029,8
urn:mavedb:00001217-a-4#2766,NA,NA,p.Val82Thr,0.963977055936768,0.0994134555895964,16
urn:mavedb:00001217-a-4#2767,NA,NA,p.Val82Trp,0.97017905555305,0.0556545244867438,8
urn:mavedb:00001217-a-4#2768,NA,NA,p.Val82Tyr,1.1727371045624,0.0441416357665776,8
urn:mavedb:00001217-a-4#2769,NA,NA,p.Val88=,0.927146710467959,0.255417878394376,12
urn:mavedb:00001217-a-4#2770,NA,NA,p.Val88Ala,1.11682896972348,0.129988868235708,16
urn:mavedb:00001217-a-4#2771,NA,NA,p.Val88Arg,0.842109845266979,0.131268222835514,24
urn:mavedb:00001217-a-4#2772,NA,NA,p.Val88Asn,0.985514241171249,0.0934609090784712,8
urn:mavedb:00001217-a-4#2773,NA,NA,p.Val88Asp,-0.477724332718959,0.290570869450835,8
urn:mavedb:00001217-a-4#2774,NA,NA,p.Val88Cys,0.874138798099934,0.0868663382304794,8
urn:mavedb:00001217-a-4#2775,NA,NA,p.Val88Gln,0.978698114141048,0.0838963914033071,8
urn:mavedb:00001217-a-4#2776,NA,NA,p.Val88Glu,0.785344885517061,0.146705463129288,8
urn:mavedb:00001217-a-4#2777,NA,NA,p.Val88Gly,0.878787331790114,0.110582807085406,16
urn:mavedb:00001217-a-4#2778,NA,NA,p.Val88His,1.03662235458471,0.174106582438073,8
urn:mavedb:00001217-a-4#2779,NA,NA,p.Val88Ile,1.01637725018674,0.0906903593038497,8
urn:mavedb:00001217-a-4#2780,NA,NA,p.Val88Leu,1.00382265899221,0.130724937809997,24
urn:mavedb:00001217-a-4#2781,NA,NA,p.Val88Lys,0.0970037784671465,0.0950774620213895,8
urn:mavedb:00001217-a-4#2782,NA,NA,p.Val88Met,0.809160234835313,0.150408790814028,8
urn:mavedb:00001217-a-4#2783,NA,NA,p.Val88Phe,0.867576175437482,0.123173029601268,8
urn:mavedb:00001217-a-4#2784,NA,NA,p.Val88Pro,0.513738319776803,0.106921407298924,16
urn:mavedb:00001217-a-4#2785,NA,NA,p.Val88Ser,0.979152031435391,0.120238546259495,24
urn:mavedb:00001217-a-4#2786,NA,NA,p.Val88Ter,0.109438917613814,0.141625063895349,8
urn:mavedb:00001217-a-4#2787,NA,NA,p.Val88Thr,0.801489127041925,0.117971499427163,16
urn:mavedb:00001217-a-4#2788,NA,NA,p.Val88Trp,0.749893304505977,0.0619077711280627,8
urn:mavedb:00001217-a-4#2789,NA,NA,p.Val88Tyr,0.841325508314863,0.201192435031005,8
urn:mavedb:00001217-a-4#2790,NA,NA,p.Val8Ala,0.964714302806053,0.103859728907416,16
urn:mavedb:00001217-a-4#2791,NA,NA,p.Val8Arg,0.827573137999595,0.15960593532738,24
urn:mavedb:00001217-a-4#2792,NA,NA,p.Val8Asn,0.983586094976125,0.0539649588020015,8
urn:mavedb:00001217-a-4#2793,NA,NA,p.Val8Asp,1.0584211627702,0.106739515457992,8
urn:mavedb:00001217-a-4#2794,NA,NA,p.Val8Cys,1.05846753835452,0.0383681101552666,8
urn:mavedb:00001217-a-4#2795,NA,NA,p.Val8Gln,1.02990440989634,0.0545791762672872,8
urn:mavedb:00001217-a-4#2796,NA,NA,p.Val8Glu,1.07109508563811,0.0960903363838946,8
urn:mavedb:00001217-a-4#2797,NA,NA,p.Val8Gly,0.722220419499183,0.226587090548015,16
urn:mavedb:00001217-a-4#2798,NA,NA,p.Val8His,0.83896759154714,0.101408469652422,8
urn:mavedb:00001217-a-4#2799,NA,NA,p.Val8Ile,1.04993659351406,0.0485354501387418,8
urn:mavedb:00001217-a-4#2800,NA,NA,p.Val8Leu,0.770314628491293,0.248751996679406,24
urn:mavedb:00001217-a-4#2801,NA,NA,p.Val8Lys,0.96184812226389,0.0662235096016775,8
urn:mavedb:00001217-a-4#2802,NA,NA,p.Val8Met,0.976143255566991,0.10640400379425,8
urn:mavedb:00001217-a-4#2803,NA,NA,p.Val8Phe,0.738245238726212,0.0501052774380494,8
urn:mavedb:00001217-a-4#2804,NA,NA,p.Val8Pro,0.347508727821461,0.195648470574586,16
urn:mavedb:00001217-a-4#2805,NA,NA,p.Val8Ser,0.805659250085549,0.126083986018072,24
urn:mavedb:00001217-a-4#2806,NA,NA,p.Val8Ter,-0.27982308895487,0.217946667049672,8
urn:mavedb:00001217-a-4#2807,NA,NA,p.Val8Thr,0.910196089251806,0.089733282368871,16
urn:mavedb:00001217-a-4#2808,NA,NA,p.Val8Trp,0.918172244512395,0.0555426712488578,8
urn:mavedb:00001217-a-4#2809,NA,NA,p.Val8Tyr,1.01625021313286,0.081943735475007,8
urn:mavedb:00001217-a-4#2810,NA,NA,p.Val95=,0.922816980576126,0.0803999288749536,8
urn:mavedb:00001217-a-4#2811,NA,NA,p.Val95Ala,0.91904701864724,0.142733474022781,16
urn:mavedb:00001217-a-4#2812,NA,NA,p.Val95Arg,0.966347790729702,0.0875470340737126,16
urn:mavedb:00001217-a-4#2813,NA,NA,p.Val95Asn,1.13059009709096,0.0760636989377976,8
urn:mavedb:00001217-a-4#2814,NA,NA,p.Val95Asp,0.846734544544949,0.0446238040178896,8
urn:mavedb:00001217-a-4#2815,NA,NA,p.Val95Cys,0.989727272015489,0.0704805400443061,8
urn:mavedb:00001217-a-4#2816,NA,NA,p.Val95Gln,0.919827716083123,0.0816322388821426,8
urn:mavedb:00001217-a-4#2817,NA,NA,p.Val95Glu,0.923450830920117,0.0679376574758816,8
urn:mavedb:00001217-a-4#2818,NA,NA,p.Val95Gly,1.00078006830548,0.0442649890543461,16
urn:mavedb:00001217-a-4#2819,NA,NA,p.Val95His,0.838348961054008,0.109617340327359,8
urn:mavedb:00001217-a-4#2820,NA,NA,p.Val95Ile,0.834759304963897,0.0986521013215998,8
urn:mavedb:00001217-a-4#2821,NA,NA,p.Val95Leu,1.00610167909398,0.1136202559651,24
urn:mavedb:00001217-a-4#2822,NA,NA,p.Val95Lys,1.00553002972801,0.0492746720810567,8
urn:mavedb:00001217-a-4#2823,NA,NA,p.Val95Met,0.904056795646455,0.069212011992678,8
urn:mavedb:00001217-a-4#2824,NA,NA,p.Val95Phe,0.863840021104236,0.0655964269896785,8
urn:mavedb:00001217-a-4#2825,NA,NA,p.Val95Pro,0.996113261995069,0.175126805130789,16
urn:mavedb:00001217-a-4#2826,NA,NA,p.Val95Ser,1.00097464217876,0.0910144855103012,24
urn:mavedb:00001217-a-4#2827,NA,NA,p.Val95Ter,0.033533464021483,0.158313759543449,8
urn:mavedb:00001217-a-4#2828,NA,NA,p.Val95Thr,0.78203352004513,0.114860564629411,16
urn:mavedb:00001217-a-4#2829,NA,NA,p.Val95Trp,0.937709218375112,0.0785519307476282,8
urn:mavedb:00001217-a-4#2830,NA,NA,p.Val95Tyr,0.846383992650497,0.0716235913753029,8
urn:mavedb:00001217-a-4#2831,NA,NA,p.Val98=,1.07987066221279,0.299171261729819,24
urn:mavedb:00001217-a-4#2832,NA,NA,p.Val98Ala,0.940800755812657,0.224915362829636,16
urn:mavedb:00001217-a-4#2833,NA,NA,p.Val98Arg,0.39632812833702,0.146528310334475,24
urn:mavedb:00001217-a-4#2834,NA,NA,p.Val98Asn,0.232177751427394,0.147867824401195,8
urn:mavedb:00001217-a-4#2835,NA,NA,p.Val98Asp,0.552318897527182,0.172495145192236,8
urn:mavedb:00001217-a-4#2836,NA,NA,p.Val98Cys,0.920889241463827,0.0659854545673905,8
urn:mavedb:00001217-a-4#2837,NA,NA,p.Val98Gln,0.828271282842501,0.130481110608598,8
urn:mavedb:00001217-a-4#2838,NA,NA,p.Val98Glu,0.824360759797892,0.12054924309328,8
urn:mavedb:00001217-a-4#2839,NA,NA,p.Val98Gly,0.879036766090584,0.102468693071857,16
urn:mavedb:00001217-a-4#2840,NA,NA,p.Val98Ile,0.431846860768388,0.183309548189006,8
urn:mavedb:00001217-a-4#2841,NA,NA,p.Val98Leu,0.956980605672874,0.11251599560545,24
urn:mavedb:00001217-a-4#2842,NA,NA,p.Val98Lys,0.425104980240286,0.113469281739654,8
urn:mavedb:00001217-a-4#2843,NA,NA,p.Val98Met,0.679434283948926,0.158621493677681,8
urn:mavedb:00001217-a-4#2844,NA,NA,p.Val98Phe,0.949485001539617,0.126506065631027,8
urn:mavedb:00001217-a-4#2845,NA,NA,p.Val98Pro,0.752340756852745,0.0914310071546072,8
urn:mavedb:00001217-a-4#2846,NA,NA,p.Val98Ser,0.798503755847437,0.183302419629664,16
urn:mavedb:00001217-a-4#2847,NA,NA,p.Val98Ter,0.312318581695765,0.508230053932078,8
urn:mavedb:00001217-a-4#2848,NA,NA,p.Val98Thr,0.411400119674532,0.359860962523321,8
urn:mavedb:00001217-a-4#2849,NA,NA,p.Val98Trp,0.928499932412079,0.0888979020322495,8
urn:mavedb:00001217-a-4#2850,NA,NA,p.Val98Tyr,1.24527611226714,0.22695424845981,8
urn:mavedb:00001217-a-4#2851,NA,NA,p.Ala153Pro,1.46023257925558,0.784260367181967,4
urn:mavedb:00001217-a-4#2852,NA,NA,p.Ala96Tyr,0.217181620726638,0.285150553938771,4
urn:mavedb:00001217-a-4#2853,NA,NA,p.Asn20Pro,-0.458051598300096,0.423105939859526,4
urn:mavedb:00001217-a-4#2854,NA,NA,p.Asn20Ter,-0.798291415541246,0.371239415518156,4
urn:mavedb:00001217-a-4#2855,NA,NA,p.Asn27Ile,1.28161643635475,0.527668535579209,4
urn:mavedb:00001217-a-4#2856,NA,NA,p.Asn27Ter,0.188376199494023,0.375698331820712,4
urn:mavedb:00001217-a-4#2857,NA,NA,p.Asp125=,1.21084283160718,1.23007288915576,4
urn:mavedb:00001217-a-4#2858,NA,NA,p.Asp126Pro,-0.111713203420576,0.443602008313387,4
urn:mavedb:00001217-a-4#2859,NA,NA,p.Asp53Arg,0.285812959006471,0.822220169759873,4
urn:mavedb:00001217-a-4#2860,NA,NA,p.Asp77=,0.771469419668986,1.15020735672533,4
urn:mavedb:00001217-a-4#2861,NA,NA,p.Cys147Pro,-0.397939821693946,0.694438692967555,4
urn:mavedb:00001217-a-4#2862,NA,NA,p.Glu134Cys,0.412055687407343,1.50645577332284,4
urn:mavedb:00001217-a-4#2863,NA,NA,p.Glu134Ter,0.888419239890549,0.252065522502724,4
urn:mavedb:00001217-a-4#2864,NA,NA,p.Glu22Pro,-0.0417929306910205,1.13776275284599,4
urn:mavedb:00001217-a-4#2865,NA,NA,p.Glu25Pro,1.4393480870903,0.472522891322641,4
urn:mavedb:00001217-a-4#2866,NA,NA,p.Gly128Phe,-0.232195221243392,0.642908520512988,4
urn:mavedb:00001217-a-4#2867,NA,NA,p.Gly139Asn,-0.0866808468875607,0.306259679665719,4
urn:mavedb:00001217-a-4#2868,NA,NA,p.Gly139Gln,0.392007487327723,0.245231575472541,4
urn:mavedb:00001217-a-4#2869,NA,NA,p.Gly139Phe,0.0084326212849805,0.372384114457208,4
urn:mavedb:00001217-a-4#2870,NA,NA,p.Gly139Pro,-0.924295034438971,0.471449977954521,4
urn:mavedb:00001217-a-4#2871,NA,NA,p.Gly142Met,0.808122470316101,0.4149510074047,4
urn:mavedb:00001217-a-4#2872,NA,NA,p.Gly151Pro,-0.412569418087664,1.05783142608672,4
urn:mavedb:00001217-a-4#2873,NA,NA,p.Gly28Leu,-0.0661452878381348,0.720853493919015,4
urn:mavedb:00001217-a-4#2874,NA,NA,p.Gly28Met,0.485716677822452,0.399666736645563,4
urn:mavedb:00001217-a-4#2875,NA,NA,p.Gly45Pro,0.413492256010366,0.256970224200608,4
urn:mavedb:00001217-a-4#2876,NA,NA,p.Gly52Arg,0.0618273443533514,0.340905391179593,4
urn:mavedb:00001217-a-4#2877,NA,NA,p.Gly52Asp,-0.675539733710937,0.419836362746588,4
urn:mavedb:00001217-a-4#2878,NA,NA,p.Gly52Glu,0.261150293387923,0.305913585243963,4
urn:mavedb:00001217-a-4#2879,NA,NA,p.Gly57Trp,0.482156210394032,0.448948624790165,4
urn:mavedb:00001217-a-4#2880,NA,NA,p.Gly62Cys,0.307355312104572,2.52754965989272,4
urn:mavedb:00001217-a-4#2881,NA,NA,p.Gly62Met,-0.0254455267984187,0.308421675563781,4
urn:mavedb:00001217-a-4#2882,NA,NA,p.Gly62Phe,-0.242829261472179,0.241624533701421,4
urn:mavedb:00001217-a-4#2883,NA,NA,p.Gly62Ser,-1.0280255148127,0.372614503265135,4
urn:mavedb:00001217-a-4#2884,NA,NA,p.Gly83Ile,0.156555271185831,0.218908238878698,4
urn:mavedb:00001217-a-4#2885,NA,NA,p.Gly83Lys,0.412252869939694,0.207874010558838,4
urn:mavedb:00001217-a-4#2886,NA,NA,p.His47Cys,0.0448642638726457,0.347068547368713,4
urn:mavedb:00001217-a-4#2887,NA,NA,p.His47Gln,0.262826153225082,1.4307877797117,4
urn:mavedb:00001217-a-4#2888,NA,NA,p.His47Lys,-0.0480886940198271,0.223482199753345,4
urn:mavedb:00001217-a-4#2889,NA,NA,p.His49Arg,-0.233414180495028,0.304832794228224,4
urn:mavedb:00001217-a-4#2890,NA,NA,p.His49Leu,-0.348945142106049,0.687197876663515,8
urn:mavedb:00001217-a-4#2891,NA,NA,p.His49Pro,-0.472743225289885,1.11273507961767,4
urn:mavedb:00001217-a-4#2892,NA,NA,p.His49Val,-0.296876528302265,0.627699845836446,4
urn:mavedb:00001217-a-4#2893,NA,NA,p.His72Cys,-0.92307912313215,0.268624917025002,4
urn:mavedb:00001217-a-4#2894,NA,NA,p.His72Trp,-0.290150074569745,0.55111676578204,4
urn:mavedb:00001217-a-4#2895,NA,NA,p.His81Ala,-0.0357772972585417,1.3650155545578,4
urn:mavedb:00001217-a-4#2896,NA,NA,p.His81Gly,-0.102819030672377,0.682138054379066,4
urn:mavedb:00001217-a-4#2897,NA,NA,p.His81Phe,-0.211332824240276,0.474413792247306,4
urn:mavedb:00001217-a-4#2898,NA,NA,p.Ile105Trp,0.359175301215463,0.462010297035103,4
urn:mavedb:00001217-a-4#2899,NA,NA,p.Ile152Arg,1.31309922891569,0.188803600771242,4
urn:mavedb:00001217-a-4#2900,NA,NA,p.Lys137Phe,0.837222760474208,1.18053499034813,4
urn:mavedb:00001217-a-4#2901,NA,NA,p.Phe21Lys,-0.206023044629904,0.411098679291655,4
urn:mavedb:00001217-a-4#2902,NA,NA,p.Phe21Ter,0.0507800759123361,0.918506536300753,4
urn:mavedb:00001217-a-4#2903,NA,NA,p.Phe46His,0.958240065221011,0.4318941211212,4
urn:mavedb:00001217-a-4#2904,NA,NA,p.Phe51Ter,-0.0170716652622349,0.354596639093833,4
urn:mavedb:00001217-a-4#2905,NA,NA,p.Pro29Ter,-1.55029552797688,1.13424331340424,4
urn:mavedb:00001217-a-4#2906,NA,NA,p.Pro67His,0.479702769149252,0.574504352410933,4
urn:mavedb:00001217-a-4#2907,NA,NA,p.Ser26Ter,0.257797965546622,0.803579302706728,4
urn:mavedb:00001217-a-4#2908,NA,NA,p.Ser69Asn,0.5587601525109,0.260702780245582,4
urn:mavedb:00001217-a-4#2909,NA,NA,p.Thr138Ter,0.477878596787979,1.06461903384646,4
urn:mavedb:00001217-a-4#2910,NA,NA,p.Val98His,0.303461904436128,0.22980157835773,4
